Accident_Index,Accident_Severity,Number_of_Vehicles,Number_of_Casualties,Date,Day_of_Week,Time,Road_Type,Speed_Limit,Junction_Detail,Junction_Control,Pedestrian_Crossing_Type,Light_Conditions,Weather_Conditions,Road_Surface_Conditions,Special_Conditions_at_Site,Road_Hazards,Vehicle_Reference.x,Casualty_Reference,Casualty_Class,Sex_of_Casualty,Age_of_Casualty,Casualty_Severity,Pedestrian_Location,Car_Passenger,Bus_or_Coach_Passenger,Vehicle_Reference.y,Vehicle_Type,Vehicle_Manoeuvre,Vehicle_in_Restricted_Lane,Skidding_and_Overturning,Hit_Object_on_Road,Vehicle_veer_off_Road,Hit_Object_off_Road,Journey_Purpose_of_Driver,Sex_of_Driver,Age_of_Driver,Engine_Capacity_CC,Engine_Type,Age_of_Vehicle
200501CW10941,Slight,2,1,8/7/2005,Friday,23:30,Single motorway,30,T-junction,Give-way sign,No physical crossing facility,Lights lit,Fine,Dry,None,None,2,1,Driver,M,30,Slight,Not pedestrian,None,None,2,Motorcycle,Overtaking,N,No,N,N,N,Unknown,M,30,NA,NA,NA
200501CW10944,Slight,1,1,11/7/2005,Monday,11:32,Single motorway,30,T-junction,Give-way sign,Non-junction pedestrian light crossing,Daylight,Fine,Dry,None,None,1,1,Pedestrian,M,26,Slight,Crossing on facility,None,None,1,Car,Overtaking,N,No,N,N,N,Unknown,F,75,1240,Petrol,2
200501CW10946,Slight,3,1,13/7/2005,Wednesday,15:12,Dual motorway ,40,Not at junction,NA,No physical crossing facility,Daylight,Fine,Dry,None,None,2,1,Driver,M,26,Slight,Not pedestrian,None,None,1,Taxi/Grab,Changing lane,N,No,N,N,N,Job,NA,-1,NA,NA,NA
200501CW10946,Slight,3,1,13/7/2005,Wednesday,15:12,Dual motorway ,40,Not at junction,NA,No physical crossing facility,Daylight,Fine,Dry,None,None,2,1,Driver,M,26,Slight,Not pedestrian,None,None,2,Car,Going ahead,N,No,N,N,N,Unknown,M,26,NA,NA,NA
200501CW10946,Slight,3,1,13/7/2005,Wednesday,15:12,Dual motorway ,40,Not at junction,NA,No physical crossing facility,Daylight,Fine,Dry,None,None,2,1,Driver,M,26,Slight,Not pedestrian,None,None,3,Bus/Coach,Going ahead,N,No,N,N,N,Job,M,37,7300,Heavy oil,NA
200501CW10947,Slight,2,1,13/7/2005,Wednesday,23:35,Dual motorway ,30,Crossroad,Traffic light,Traffic light,Lights lit,Fine,Dry,None,None,1,1,Driver,M,49,Slight,Not pedestrian,None,None,1,Taxi/Grab,Going ahead,N,No,Y,Y,Y,Job,M,49,2402,Heavy oil,1
200501CW10947,Slight,2,1,13/7/2005,Wednesday,23:35,Dual motorway ,30,Crossroad,Traffic light,Traffic light,Lights lit,Fine,Dry,None,None,1,1,Driver,M,49,Slight,Not pedestrian,None,None,2,Car,Changing lane,N,No,N,N,N,Unknown,M,-1,1587,Petrol,10
200501CW10948,Slight,1,1,12/7/2005,Tuesday,15:15,Dual motorway ,50,Not at junction,NA,No physical crossing facility,Daylight,Fine,Dry,None,None,1,1,Driver,M,25,Slight,Not pedestrian,None,None,1,Car,Changing lane,N,No,N,N,N,Unknown,M,25,1590,Petrol,11
200501CW10949,Slight,1,1,5/7/2005,Tuesday,11:56,Single motorway,30,Crossroad,Traffic light,No physical crossing facility,Daylight,Fine,Wet,None,None,1,1,Passenger,M,76,Slight,Not pedestrian,None,Seated,1,Bus/Coach,Halting,N,No,N,N,N,Job,M,36,9200,Heavy oil,NA
200501CW10950,Slight,2,1,8/7/2005,Friday,14:50,Single motorway,30,Not at junction,NA,No physical crossing facility,Daylight,Fine,Dry,None,None,1,1,Driver,M,31,Slight,Not pedestrian,None,None,1,Bicycle,Going ahead,N,No,N,N,N,Unknown,M,31,NA,NA,NA
200501CW10950,Slight,2,1,8/7/2005,Friday,14:50,Single motorway,30,Not at junction,NA,No physical crossing facility,Daylight,Fine,Dry,None,None,1,1,Driver,M,31,Slight,Not pedestrian,None,None,2,Car,Parking,N,No,N,N,N,Unknown,M,24,1390,Petrol,4
200501CW10951,Serious,1,1,6/7/2005,Wednesday,16:20,Single motorway,30,Crossroad,Traffic light,Traffic light,Daylight,Fine,Dry,None,None,1,1,Pedestrian,M,57,Serious,Crossing on facility,None,None,1,Bus/Coach,Waiting to/Turning right,N,No,N,N,N,Job,M,46,11000,Heavy oil,1
200501CW10952,Slight,1,1,5/7/2005,Tuesday,16:35,Single motorway,30,T-junction,Traffic light,Traffic light,Daylight,Fine,Dry,None,None,1,1,Pedestrian,M,56,Slight,Crossing within 50m of facility,None,None,1,Bus/Coach,Going ahead,N,No,N,N,N,Job,M,39,7300,Heavy oil,1
200501CW10953,Slight,1,1,1/7/2005,Friday,12:15,One way street,30,Crossroad,Traffic light,Traffic light,Daylight,Fine,Dry,None,None,1,1,Pedestrian,M,27,Slight,Footbridge,None,None,1,Bus/Coach,Going ahead,N,No,N,N,N,Unknown,M,-1,NA,NA,NA
200501CW10954,Slight,1,1,4/7/2005,Monday,17:00,Single motorway,30,Crossroad,Traffic light,No physical crossing facility,Daylight,Fine,Dry,None,None,1,1,Pedestrian,F,22,Slight,Elsewhere,None,None,1,Motorcycle,Going ahead,N,No,N,N,N,Unknown,M,20,124,Petrol,9
200501CW10956,Slight,1,1,12/7/2005,Tuesday,11:35,One way street,30,More than 4 sections,Traffic light,Traffic light,Daylight,Fine,Dry,None,None,1,1,Driver,M,25,Slight,Not pedestrian,None,None,1,Motorcycle,Going ahead,N,No,N,N,N,Unknown,M,25,49,Petrol,1
200501CW10957,Slight,2,1,21/6/2005,Tuesday,19:02,Single motorway,30,T-junction,Give-way sign,No physical crossing facility,Daylight,Fine,Dry,None,None,2,1,Driver,M,44,Slight,Not pedestrian,None,None,1,Car,Going ahead,N,No,N,N,N,Unknown,M,34,2979,Petrol,1
200501CW10957,Slight,2,1,21/6/2005,Tuesday,19:02,Single motorway,30,T-junction,Give-way sign,No physical crossing facility,Daylight,Fine,Dry,None,None,2,1,Driver,M,44,Slight,Not pedestrian,None,None,2,Motorcycle,Waiting to/Turning right,N,No,N,N,N,Unknown,M,44,49,Petrol,1
200501CW10958,Slight,1,1,22/6/2005,Wednesday,17:35,Single motorway,30,T-junction,Give-way sign,Zebra crossing,Daylight,Fine,Dry,None,None,1,1,Pedestrian,F,52,Slight,Crossing on facility,None,None,1,Car,Going ahead,N,No,N,N,N,Unknown,M,-1,2493,Petrol,5
200501CW10959,Slight,2,1,13/7/2005,Wednesday,10:30,Single motorway,30,Not at junction,NA,No physical crossing facility,Daylight,Fine,Dry,None,None,1,1,Driver,F,51,Slight,Not pedestrian,None,None,1,Motorcycle,Overtaking,N,No,N,N,N,Unknown,F,51,652,Petrol,3
200501CW10959,Slight,2,1,13/7/2005,Wednesday,10:30,Single motorway,30,Not at junction,NA,No physical crossing facility,Daylight,Fine,Dry,None,None,1,1,Driver,F,51,Slight,Not pedestrian,None,None,2,Car,Changing lane,N,No,N,N,N,Unknown,M,40,3982,Petrol,11
200501CW10961,Serious,2,1,4/7/2005,Monday,17:44,Dual motorway ,30,Not at junction,NA,Non-junction pedestrian light crossing,Daylight,Fine,Dry,None,None,2,1,Driver,M,20,Serious,Not pedestrian,None,None,1,Car,Waiting,N,No,N,N,N,Unknown,M,37,1596,Petrol,9
200501CW10961,Serious,2,1,4/7/2005,Monday,17:44,Dual motorway ,30,Not at junction,NA,Non-junction pedestrian light crossing,Daylight,Fine,Dry,None,None,2,1,Driver,M,20,Serious,Not pedestrian,None,None,2,Bicycle,Going ahead,N,No,N,N,N,Unknown,M,20,NA,NA,NA
200501CW10962,Slight,2,1,22/3/2005,Tuesday,14:00,Single motorway,30,Not at junction,NA,No physical crossing facility,Daylight,Fine,Dry,None,None,1,1,Driver,F,24,Slight,Not pedestrian,None,None,1,Bicycle,Going ahead,N,No,N,N,N,Unknown,F,24,NA,NA,NA
200501CW10962,Slight,2,1,22/3/2005,Tuesday,14:00,Single motorway,30,Not at junction,NA,No physical crossing facility,Daylight,Fine,Dry,None,None,1,1,Driver,F,24,Slight,Not pedestrian,None,None,2,Car,Reversing,N,No,N,N,N,Unknown,M,-1,NA,NA,NA
200501CW10963,Serious,2,1,9/7/2005,Saturday,18:30,Single motorway,30,Crossroad,Traffic light,Traffic light,Daylight,Fine,Dry,None,None,2,1,Driver,M,28,Serious,Not pedestrian,None,None,1,Car,Going ahead,N,No,N,N,N,Unknown,M,49,1896,Heavy oil,NA
200501CW10963,Serious,2,1,9/7/2005,Saturday,18:30,Single motorway,30,Crossroad,Traffic light,Traffic light,Daylight,Fine,Dry,None,None,2,1,Driver,M,28,Serious,Not pedestrian,None,None,2,Motorcycle,Waiting to/Turning right,N,No,N,N,N,Unknown,M,28,100,Petrol,NA
200501CW10964,Slight,1,1,7/4/2005,Thursday,22:00,Single motorway,30,More than 4 sections,Give-way sign,No physical crossing facility,Lights lit,Fine,Dry,None,None,1,1,Driver,M,30,Slight,Not pedestrian,None,None,1,Motorcycle,Going ahead,N,No,N,N,N,Unknown,M,30,748,Petrol,1
200501CW10965,Slight,2,1,30/6/2005,Thursday,21:00,Dual motorway ,30,More than 4 sections,Traffic light,Traffic light,Daylight,Fine,Wet,None,None,1,1,Driver,M,31,Slight,Not pedestrian,None,None,1,Bicycle,Going ahead,N,No,N,N,N,Unknown,M,31,NA,NA,NA
200501CW10965,Slight,2,1,30/6/2005,Thursday,21:00,Dual motorway ,30,More than 4 sections,Traffic light,Traffic light,Daylight,Fine,Wet,None,None,1,1,Driver,M,31,Slight,Not pedestrian,None,None,2,Car,Waiting to/Turning left,N,No,N,N,N,Unknown,M,-1,1242,Petrol,7
200501CW10966,Slight,2,2,30/6/2005,Thursday,22:46,Single motorway,30,T-junction,Give-way sign,No physical crossing facility,Lights lit,Fine,Dry,None,None,1,1,Pedestrian,M,23,Slight,Elsewhere,None,None,1,Car,Reversing,N,No,N,N,N,Unknown,F,-1,2979,Petrol,3
200501CW10966,Slight,2,2,30/6/2005,Thursday,22:46,Single motorway,30,T-junction,Give-way sign,No physical crossing facility,Lights lit,Fine,Dry,None,None,1,1,Pedestrian,M,23,Slight,Elsewhere,None,None,2,Bicycle,Going ahead,N,No,N,N,N,Unknown,F,-1,NA,NA,NA
200501CW10966,Slight,2,2,30/6/2005,Thursday,22:46,Single motorway,30,T-junction,Give-way sign,No physical crossing facility,Lights lit,Fine,Dry,None,None,1,2,Pedestrian,F,-1,Slight,Elsewhere,None,None,1,Car,Reversing,N,No,N,N,N,Unknown,F,-1,2979,Petrol,3
200501CW10966,Slight,2,2,30/6/2005,Thursday,22:46,Single motorway,30,T-junction,Give-way sign,No physical crossing facility,Lights lit,Fine,Dry,None,None,1,2,Pedestrian,F,-1,Slight,Elsewhere,None,None,2,Bicycle,Going ahead,N,No,N,N,N,Unknown,F,-1,NA,NA,NA
200501CW10967,Slight,2,1,13/7/2005,Wednesday,15:48,Single motorway,30,Crossroad,Traffic light,Traffic light,Daylight,Fine,Dry,None,None,2,1,Driver,M,32,Slight,Not pedestrian,None,None,1,Goods Van,Waiting to/Turning right,N,No,N,N,N,Unknown,M,41,6370,Heavy oil,2
200501CW10967,Slight,2,1,13/7/2005,Wednesday,15:48,Single motorway,30,Crossroad,Traffic light,Traffic light,Daylight,Fine,Dry,None,None,2,1,Driver,M,32,Slight,Not pedestrian,None,None,2,Motorcycle,Going ahead,N,No,N,N,N,Unknown,M,32,600,Petrol,8
200501CW10968,Slight,1,1,5/7/2005,Tuesday,18:50,Single motorway,30,Crossroad,Traffic light,Traffic light,Lights unlit,Rain,Wet,None,None,1,1,Pedestrian,M,26,Slight,Crossing within 50m of facility,None,None,1,Bus/Coach,Going ahead,N,No,N,N,N,Job,M,41,NA,NA,NA
200501CW10969,Slight,3,1,22/6/2005,Wednesday,17:30,Single motorway,30,Not at junction,NA,No physical crossing facility,Daylight,Fine,Dry,None,None,2,1,Passenger,F,36,Slight,Not pedestrian,Rear seat,None,1,Car,Going ahead,N,No,Y,N,N,Unknown,M,-1,2685,Heavy oil,1
200501CW10969,Slight,3,1,22/6/2005,Wednesday,17:30,Single motorway,30,Not at junction,NA,No physical crossing facility,Daylight,Fine,Dry,None,None,2,1,Passenger,F,36,Slight,Not pedestrian,Rear seat,None,2,Taxi/Grab,Halting,N,No,N,N,N,Job,M,-1,NA,NA,NA
200501CW10969,Slight,3,1,22/6/2005,Wednesday,17:30,Single motorway,30,Not at junction,NA,No physical crossing facility,Daylight,Fine,Dry,None,None,2,1,Passenger,F,36,Slight,Not pedestrian,Rear seat,None,3,Car,Parking,N,No,N,N,N,Unknown,NA,-1,NA,NA,NA
200501CW10970,Slight,2,1,6/7/2005,Wednesday,17:42,Single motorway,30,More than 4 sections,Traffic light,Traffic light,Daylight,Fine,Dry,None,None,2,1,Driver,M,27,Slight,Not pedestrian,None,None,1,Car,Going ahead,N,No,N,N,N,Unknown,M,47,NA,NA,NA
200501CW10970,Slight,2,1,6/7/2005,Wednesday,17:42,Single motorway,30,More than 4 sections,Traffic light,Traffic light,Daylight,Fine,Dry,None,None,2,1,Driver,M,27,Slight,Not pedestrian,None,None,2,Bicycle,Changing lane,N,No,N,N,N,Unknown,M,27,NA,NA,NA
200501CW10971,Serious,1,1,14/4/2005,Thursday,13:28,Dual motorway ,30,Crossroad,Traffic light,Traffic light,Daylight,Fine,Dry,None,None,1,1,Passenger,F,-1,Serious,Not pedestrian,None,Alighting,1,Bus/Coach,Parking,N,No,N,N,N,Unknown,M,-1,8268,Heavy oil,2
200501CW10973,Slight,2,1,10/7/2005,Sunday,10:15,Single motorway,30,T-junction,Give-way sign,Zebra crossing,Daylight,Fine,Dry,None,None,1,1,Driver,M,53,Slight,Not pedestrian,None,None,1,Bicycle,Going ahead,N,No,N,N,N,Unknown,M,53,NA,NA,NA
200501CW10973,Slight,2,1,10/7/2005,Sunday,10:15,Single motorway,30,T-junction,Give-way sign,Zebra crossing,Daylight,Fine,Dry,None,None,1,1,Driver,M,53,Slight,Not pedestrian,None,None,2,Car,Overtaking,N,No,N,N,N,Unknown,M,-1,NA,NA,NA
200501CW10974,Slight,2,1,21/4/2005,Thursday,23:30,Single motorway,30,T-junction,Give-way sign,Zebra crossing,Lights lit,Fine,Dry,None,None,2,1,Driver,M,-1,Slight,Not pedestrian,None,None,1,Taxi/Grab,Halting,N,No,N,N,N,Unknown,M,61,2402,Heavy oil,2
200501CW10974,Slight,2,1,21/4/2005,Thursday,23:30,Single motorway,30,T-junction,Give-way sign,Zebra crossing,Lights lit,Fine,Dry,None,None,2,1,Driver,M,-1,Slight,Not pedestrian,None,None,2,Motorcycle,Going ahead,N,No,N,N,N,Unknown,M,-1,399,Petrol,15
200501CW10975,Slight,1,1,21/4/2005,Thursday,16:46,Single motorway,30,Crossroad,Traffic light,Traffic light,Daylight,Fine,Dry,None,None,1,1,Passenger,M,-1,Slight,Not pedestrian,None,Standing,1,Bus/Coach,Waiting to/Turning left,N,No,N,N,N,Job,M,31,8268,Heavy oil,1
200501CW10977,Slight,2,1,29/4/2005,Friday,8:50,Single motorway,30,T-junction,Traffic light,Traffic light,Daylight,Fine,Dry,None,None,1,1,Driver,M,22,Slight,Not pedestrian,None,None,1,Bicycle,Going ahead,N,No,N,N,N,Unknown,M,22,NA,NA,NA
200501CW10977,Slight,2,1,29/4/2005,Friday,8:50,Single motorway,30,T-junction,Traffic light,Traffic light,Daylight,Fine,Dry,None,None,1,1,Driver,M,22,Slight,Not pedestrian,None,None,2,Taxi/Grab,Waiting to/Turning left,N,No,N,N,N,Job,NA,-1,NA,NA,NA
200501CW10978,Slight,1,1,2/6/2005,Thursday,13:58,One way street,30,Crossroad,Traffic light,Traffic light,Daylight,Fine,Dry,None,None,1,1,Pedestrian,F,-1,Slight,Crossing within 50m of facility,None,None,1,Taxi/Grab,Overtaking,N,No,N,N,N,Job,M,41,2664,Heavy oil,6
200501CW10979,Slight,2,1,8/6/2005,Wednesday,13:34,Single motorway,30,Not at junction,NA,No physical crossing facility,Daylight,Fine,Dry,None,None,1,1,Passenger,F,-1,Slight,Not pedestrian,None,Standing,1,Bus/Coach,Going ahead,N,No,N,N,N,Job,M,24,NA,NA,NA
200501CW10979,Slight,2,1,8/6/2005,Wednesday,13:34,Single motorway,30,Not at junction,NA,No physical crossing facility,Daylight,Fine,Dry,None,None,1,1,Passenger,F,-1,Slight,Not pedestrian,None,Standing,2,Taxi/Grab,Changing lane,N,No,N,N,N,Job,M,-1,NA,NA,NA
200501CW10980,Slight,2,1,8/6/2005,Wednesday,21:45,Dual motorway ,30,T-junction,Traffic light,Traffic light,Daylight,Fine,Dry,None,None,1,1,Driver,F,34,Slight,Not pedestrian,None,None,1,Motorcycle,Going ahead,N,No,N,N,N,Unknown,F,34,NA,NA,NA
200501CW10980,Slight,2,1,8/6/2005,Wednesday,21:45,Dual motorway ,30,T-junction,Traffic light,Traffic light,Daylight,Fine,Dry,None,None,1,1,Driver,F,34,Slight,Not pedestrian,None,None,2,Taxi/Grab,Going ahead,N,No,N,N,N,Job,M,-1,NA,NA,NA
200501CW10981,Slight,1,1,10/6/2005,Friday,14:25,Single motorway,30,Not at junction,NA,Non-junction pedestrian light crossing,Daylight,Fine,Dry,None,None,1,1,Pedestrian,M,13,Slight,Crossing on facility,None,None,1,Car,Moving off,N,No,N,N,N,Unknown,M,-1,NA,NA,NA
200501CW10983,Serious,1,1,17/6/2005,Friday,16:00,One way street,30,T-junction,Give-way sign,No physical crossing facility,Daylight,Fine,Dry,None,None,1,1,Pedestrian,M,26,Serious,Footbridge,None,None,1,Car,Halting,N,No,N,N,N,Unknown,M,-1,1984,Petrol,NA
200501CW10984,Serious,2,1,29/6/2005,Wednesday,15:15,Single motorway,30,Not at junction,NA,No physical crossing facility,Daylight,Fine,Dry,Roadworks,None,2,1,Driver,F,51,Serious,Not pedestrian,None,None,1,Car,Parking,N,No,N,N,N,Unknown,M,-1,NA,NA,NA
200501CW10984,Serious,2,1,29/6/2005,Wednesday,15:15,Single motorway,30,Not at junction,NA,No physical crossing facility,Daylight,Fine,Dry,Roadworks,None,2,1,Driver,F,51,Serious,Not pedestrian,None,None,2,Bicycle,Going ahead,N,No,N,N,N,Unknown,F,51,NA,NA,NA
200501CW10985,Slight,2,1,22/6/2005,Wednesday,22:30,Single motorway,30,Crossroad,Traffic light,No physical crossing facility,Lights lit,Fine,Dry,Traffic signal defective,None,1,1,Passenger,F,18,Slight,Not pedestrian,Front seat,None,1,Car,Halting,N,No,N,N,N,Unknown,M,29,NA,NA,NA
200501CW10985,Slight,2,1,22/6/2005,Wednesday,22:30,Single motorway,30,Crossroad,Traffic light,No physical crossing facility,Lights lit,Fine,Dry,Traffic signal defective,None,1,1,Passenger,F,18,Slight,Not pedestrian,Front seat,None,2,Car,Halting,N,No,N,N,N,Unknown,M,49,3301,Petrol,1
200501CW10986,Slight,2,1,17/7/2005,Sunday,13:15,Single motorway,30,Not at junction,NA,No physical crossing facility,Daylight,Fine,Dry,None,None,1,1,Driver,M,43,Slight,Not pedestrian,None,None,1,Goods Van,Waiting,N,No,N,N,N,Unknown,M,43,NA,NA,NA
200501CW10986,Slight,2,1,17/7/2005,Sunday,13:15,Single motorway,30,Not at junction,NA,No physical crossing facility,Daylight,Fine,Dry,None,None,1,1,Driver,M,43,Slight,Not pedestrian,None,None,2,Car,Going ahead,N,No,N,N,N,Unknown,M,-1,NA,NA,NA
200501CW10987,Slight,2,1,22/6/2005,Wednesday,8:34,Single motorway,30,T-junction,Give-way sign,No physical crossing facility,Daylight,Fine,Dry,None,None,1,1,Driver,M,34,Slight,Not pedestrian,None,None,1,Bicycle,Waiting to/Turning left,N,No,N,Y,N,Unknown,M,34,NA,NA,NA
200501CW10987,Slight,2,1,22/6/2005,Wednesday,8:34,Single motorway,30,T-junction,Give-way sign,No physical crossing facility,Daylight,Fine,Dry,None,None,1,1,Driver,M,34,Slight,Not pedestrian,None,None,2,Goods Van,Waiting to/Turning left,N,No,N,Y,N,Unknown,M,-1,NA,NA,NA
200501CW10989,Serious,1,1,19/7/2005,Tuesday,9:10,Single motorway,30,Crossroad,Traffic light,Traffic light,Daylight,Fine,Dry,None,None,1,1,Driver,M,27,Serious,Not pedestrian,None,None,1,Bicycle,Waiting to/Turning left,N,No,N,N,N,To/From Work,M,27,NA,NA,NA
200501CW10990,Slight,2,1,21/7/2005,Thursday,23:13,Roundabout,30,Roundabout,Give-way sign,No physical crossing facility,Lights lit,Fine,Dry,None,None,1,1,Driver,M,29,Slight,Not pedestrian,None,None,1,Bicycle,Changing lane,N,No,N,N,N,Unknown,M,29,NA,NA,NA
200501CW10990,Slight,2,1,21/7/2005,Thursday,23:13,Roundabout,30,Roundabout,Give-way sign,No physical crossing facility,Lights lit,Fine,Dry,None,None,1,1,Driver,M,29,Slight,Not pedestrian,None,None,2,Car,Going ahead,N,No,N,N,N,Unknown,M,-1,NA,NA,NA
200501CW10991,Slight,1,1,22/7/2005,Friday,20:30,Single motorway,30,Crossroad,Traffic light,Traffic light,Daylight,Fine,Dry,None,None,1,1,Passenger,F,-1,Slight,Not pedestrian,None,Standing,1,Bus/Coach,Waiting to/Turning left,N,No,N,N,N,Job,M,-1,8268,Heavy oil,2
200501CW10992,Slight,2,2,22/7/2005,Friday,15:20,Single motorway,30,Crossroad,Traffic light,Traffic light,Daylight,Fine,Dry,None,None,2,1,Driver,M,-1,Slight,Not pedestrian,None,None,1,Car,Waiting to/Turning right,N,No,N,N,N,Unknown,F,40,1587,Petrol,2
200501CW10992,Slight,2,2,22/7/2005,Friday,15:20,Single motorway,30,Crossroad,Traffic light,Traffic light,Daylight,Fine,Dry,None,None,2,1,Driver,M,-1,Slight,Not pedestrian,None,None,2,Motorcycle,Going ahead,N,No,N,N,N,Unknown,M,-1,NA,NA,NA
200501CW10992,Slight,2,2,22/7/2005,Friday,15:20,Single motorway,30,Crossroad,Traffic light,Traffic light,Daylight,Fine,Dry,None,None,2,2,Passenger,F,-1,Slight,Not pedestrian,None,None,1,Car,Waiting to/Turning right,N,No,N,N,N,Unknown,F,40,1587,Petrol,2
200501CW10992,Slight,2,2,22/7/2005,Friday,15:20,Single motorway,30,Crossroad,Traffic light,Traffic light,Daylight,Fine,Dry,None,None,2,2,Passenger,F,-1,Slight,Not pedestrian,None,None,2,Motorcycle,Going ahead,N,No,N,N,N,Unknown,M,-1,NA,NA,NA
200501CW10993,Slight,1,1,26/7/2005,Tuesday,20:30,Single motorway,30,Not at junction,NA,No physical crossing facility,Lights lit,Fine,Dry,None,None,1,1,Pedestrian,F,64,Slight,Elsewhere,None,None,1,Car,Going ahead,N,No,N,N,N,Unknown,M,-1,1781,Petrol,3
200501CW10995,Slight,2,1,28/7/2005,Thursday,8:40,One way street,30,Not at junction,NA,No physical crossing facility,Daylight,Fine,Wet,None,None,2,1,Driver,M,39,Slight,Not pedestrian,None,None,1,Car,Going ahead,N,No,N,N,N,Unknown,M,-1,1998,Petrol,13
200501CW10995,Slight,2,1,28/7/2005,Thursday,8:40,One way street,30,Not at junction,NA,No physical crossing facility,Daylight,Fine,Wet,None,None,2,1,Driver,M,39,Slight,Not pedestrian,None,None,2,Motorcycle,Changing lane,N,No,N,N,N,Unknown,M,39,487,Petrol,NA
200501CW10996,Slight,2,1,30/7/2005,Saturday,13:05,Single motorway,30,Crossroad,Give-way sign,No physical crossing facility,Daylight,Fine,Dry,None,None,1,1,Driver,M,29,Slight,Not pedestrian,None,None,1,Motorcycle,Going ahead,N,No,N,N,N,Unknown,M,29,124,Petrol,NA
200501CW10996,Slight,2,1,30/7/2005,Saturday,13:05,Single motorway,30,Crossroad,Give-way sign,No physical crossing facility,Daylight,Fine,Dry,None,None,1,1,Driver,M,29,Slight,Not pedestrian,None,None,2,Car,Waiting to/Turning right,N,No,N,N,N,Unknown,M,-1,1998,Petrol,9
200501CW10997,Slight,2,1,4/8/2005,Thursday,17:45,Dual motorway ,30,T-junction,Traffic light,Traffic light,Daylight,Fine,Dry,None,None,2,1,Driver,F,31,Slight,Not pedestrian,None,None,1,Bus/Coach,Overtaking,N,No,N,N,N,Job,M,-1,NA,NA,NA
200501CW10997,Slight,2,1,4/8/2005,Thursday,17:45,Dual motorway ,30,T-junction,Traffic light,Traffic light,Daylight,Fine,Dry,None,None,2,1,Driver,F,31,Slight,Not pedestrian,None,None,2,Bicycle,Going ahead,N,No,Y,Y,Y,Unknown,F,31,NA,NA,NA
200501CW10999,Slight,2,1,9/5/2005,Monday,13:45,Single motorway,30,Not at junction,NA,No physical crossing facility,Daylight,Fine,Dry,None,None,2,1,Driver,M,-1,Slight,Not pedestrian,None,None,1,Goods Van,Reversing,N,No,N,N,N,Job,M,20,1753,Heavy oil,5
200501CW10999,Slight,2,1,9/5/2005,Monday,13:45,Single motorway,30,Not at junction,NA,No physical crossing facility,Daylight,Fine,Dry,None,None,2,1,Driver,M,-1,Slight,Not pedestrian,None,None,2,Bicycle,Going ahead,N,No,N,N,N,Unknown,M,-1,NA,NA,NA
200501CW11000,Slight,2,1,15/7/2005,Friday,18:45,Single motorway,30,Not at junction,NA,No physical crossing facility,Daylight,Fine,Dry,None,None,2,1,Driver,M,32,Slight,Not pedestrian,None,None,1,Motorcycle,Overtaking,N,No,N,N,N,Unknown,M,32,49,Petrol,5
200501CW11000,Slight,2,1,15/7/2005,Friday,18:45,Single motorway,30,Not at junction,NA,No physical crossing facility,Daylight,Fine,Dry,None,None,2,1,Driver,M,32,Slight,Not pedestrian,None,None,2,Bicycle,Going ahead,N,No,N,N,N,Unknown,M,32,NA,NA,NA
200501CW11002,Slight,1,1,18/7/2005,Monday,15:46,Single motorway,30,T-junction,Give-way sign,No physical crossing facility,Daylight,Fine,Dry,None,None,1,1,Pedestrian,M,12,Slight,Elsewhere,None,None,1,Car,Going ahead,N,No,N,N,N,Unknown,M,71,1587,Petrol,8
200501CW11003,Slight,2,1,20/7/2005,Wednesday,16:30,Single motorway,30,T-junction,Give-way sign,No physical crossing facility,Daylight,Fine,Dry,None,None,1,1,Driver,M,22,Slight,Not pedestrian,None,None,1,Bicycle,Going ahead,N,No,N,N,N,Unknown,M,22,NA,NA,NA
200501CW11003,Slight,2,1,20/7/2005,Wednesday,16:30,Single motorway,30,T-junction,Give-way sign,No physical crossing facility,Daylight,Fine,Dry,None,None,1,1,Driver,M,22,Slight,Not pedestrian,None,None,2,Goods Van,U-turn,N,No,N,N,N,Unknown,M,22,1998,Heavy oil,2
200501CW11004,Slight,2,1,21/6/2005,Tuesday,18:13,Dual motorway ,30,Crossroad,Traffic light,Traffic light,Daylight,Fine,Dry,None,None,1,1,Driver,M,45,Slight,Not pedestrian,None,None,1,Bicycle,Going ahead,N,No,N,N,N,Unknown,M,45,NA,NA,NA
200501CW11004,Slight,2,1,21/6/2005,Tuesday,18:13,Dual motorway ,30,Crossroad,Traffic light,Traffic light,Daylight,Fine,Dry,None,None,1,1,Driver,M,45,Slight,Not pedestrian,None,None,2,Car,Going ahead,N,No,N,N,N,Unknown,M,27,1590,Petrol,15
200501CW11006,Slight,1,1,21/7/2005,Thursday,14:25,Single motorway,30,Not at junction,NA,No physical crossing facility,Daylight,Fine,Dry,None,None,1,1,Pedestrian,M,22,Slight,Elsewhere,None,None,1,Goods Van,Reversing,N,No,N,N,N,Job,M,-1,NA,NA,NA
200501CW11007,Slight,2,1,21/7/2005,Thursday,8:50,Dual motorway ,30,Not at junction,NA,No physical crossing facility,Daylight,Fine,Dry,None,None,2,1,Driver,F,26,Slight,Not pedestrian,None,None,1,Car,U-turn,N,No,N,N,N,Unknown,M,64,1998,Petrol,8