Accident_Index,Accident_Severity,Number_of_Vehicles,Number_of_Casualties,Date,Day_of_Week,Time,Road_Type,Speed_Limit,Junction_Detail,Junction_Control,Pedestrian_Crossing_Type,Light_Conditions,Weather_Conditions,Road_Surface_Conditions,Special_Conditions_at_Site,Road_Hazards,Vehicle_Reference.x,Casualty_Reference,Casualty_Class,Sex_of_Casualty,Age_of_Casualty,Casualty_Severity,Pedestrian_Location,Car_Passenger,Bus_or_Coach_Passenger,Vehicle_Reference.y,Vehicle_Type,Vehicle_Manoeuvre,Vehicle_in_Restricted_Lane,Skidding_and_Overturning,Hit_Object_on_Road,Vehicle_veer_off_Road,Hit_Object_off_Road,Journey_Purpose_of_Driver,Sex_of_Driver,Age_of_Driver,Engine_Capacity_CC,Engine_Type,Age_of_Vehicle
200501CW11007,Slight,2,1,21/7/2005,Thursday,8:50,Dual motorway ,30,Not at junction,NA,No physical crossing facility,Daylight,Fine,Dry,None,None,2,1,Driver,F,26,Slight,Not pedestrian,None,None,2,Motorcycle,Going ahead,N,No,N,N,N,Unknown,F,26,49,Petrol,NA
200501CW11008,Serious,2,1,22/7/2005,Friday,15:50,Single motorway,30,T-junction,Traffic light,Traffic light,Daylight,Fine,Dry,None,None,1,1,Driver,M,44,Serious,Not pedestrian,None,None,1,Motorcycle,Waiting to/Turning left,N,No,Y,Y,Y,Unknown,M,44,NA,NA,NA
200501CW11008,Serious,2,1,22/7/2005,Friday,15:50,Single motorway,30,T-junction,Traffic light,Traffic light,Daylight,Fine,Dry,None,None,1,1,Driver,M,44,Serious,Not pedestrian,None,None,2,Bus/Coach,Waiting to/Turning left,N,No,N,N,N,Job,M,58,7790,Heavy oil,2
200501CW11009,Slight,1,1,22/7/2005,Friday,8:28,Single motorway,30,Not at junction,NA,No physical crossing facility,Daylight,Fine,Dry,None,None,1,1,Passenger,F,69,Slight,Not pedestrian,None,Standing,1,Bus/Coach,Moving off,N,No,N,N,N,Job,F,38,NA,NA,NA
200501CW11010,Serious,2,1,19/7/2005,Tuesday,8:32,Single motorway,30,Not at junction,NA,No physical crossing facility,Daylight,Fine,Dry,None,None,2,1,Driver,F,24,Serious,Not pedestrian,None,None,1,Car,Going ahead,N,No,N,N,N,Job,M,42,NA,NA,NA
200501CW11010,Serious,2,1,19/7/2005,Tuesday,8:32,Single motorway,30,Not at junction,NA,No physical crossing facility,Daylight,Fine,Dry,None,None,2,1,Driver,F,24,Serious,Not pedestrian,None,None,2,Bicycle,Going ahead,Y,No,N,N,N,Unknown,F,24,NA,NA,NA
200501CW11011,Slight,1,1,22/7/2005,Friday,16:09,Single motorway,30,T-junction,Traffic light,Traffic light,Daylight,Fine,Dry,None,None,1,1,Pedestrian,M,52,Slight,Crossing on facility,None,None,1,Motorcycle,Overtaking,N,No,N,N,N,Unknown,M,42,499,Petrol,NA
200501CW11013,Slight,1,1,22/7/2005,Friday,20:20,Dual motorway ,30,Not at junction,NA,No physical crossing facility,Lights lit,Fine,Dry,None,None,1,1,Passenger,F,46,Slight,Not pedestrian,None,Standing,1,Bus/Coach,Halting,N,No,N,N,N,Job,M,52,6370,Heavy oil,2
200501CW11015,Slight,2,1,19/7/2005,Tuesday,15:53,One way street,30,Crossroad,Traffic light,Traffic light,Daylight,Fine,Dry,None,None,2,1,Driver,M,30,Slight,Not pedestrian,None,None,1,Goods Van,Going ahead,N,No,N,N,N,Job,M,23,NA,NA,NA
200501CW11015,Slight,2,1,19/7/2005,Tuesday,15:53,One way street,30,Crossroad,Traffic light,Traffic light,Daylight,Fine,Dry,None,None,2,1,Driver,M,30,Slight,Not pedestrian,None,None,2,Bicycle,Going ahead,N,Skid,N,N,N,Unknown,M,30,NA,NA,NA
200501CW11016,Slight,1,1,22/7/2005,Friday,8:29,Single motorway,30,Not at junction,NA,No physical crossing facility,Daylight,Fine,Dry,None,None,1,1,Passenger,F,45,Slight,Not pedestrian,None,Boarding,1,Bus/Coach,Moving off,N,No,N,N,N,Job,NA,-1,NA,NA,NA
200501CW11017,Slight,1,1,19/7/2005,Tuesday,11:35,Single motorway,30,Not at junction,NA,No physical crossing facility,Daylight,Fine,Dry,None,None,1,1,Passenger,F,-1,Slight,Not pedestrian,None,Alighting,1,Bus/Coach,Parking,N,No,N,N,N,Job,M,33,8300,Heavy oil,5
200501CW11018,Serious,2,1,22/7/2005,Friday,8:15,Single motorway,30,Not at junction,NA,No physical crossing facility,Daylight,Fine,Dry,None,None,2,1,Driver,F,30,Serious,Not pedestrian,None,None,1,Car,Going ahead,N,No,N,N,N,Unknown,M,70,1598,Petrol,1
200501CW11018,Serious,2,1,22/7/2005,Friday,8:15,Single motorway,30,Not at junction,NA,No physical crossing facility,Daylight,Fine,Dry,None,None,2,1,Driver,F,30,Serious,Not pedestrian,None,None,2,Bicycle,Waiting to/Turning left,N,No,N,N,N,Unknown,F,30,NA,NA,NA
200501CW11020,Serious,1,2,23/7/2005,Saturday,20:30,One way street,30,T-junction,Traffic light,Traffic light,Daylight,Fine,Dry,None,None,1,1,Pedestrian,F,62,Serious,Crossing on facility,None,None,1,Motorcycle,Changing lane,N,No,N,N,N,Unknown,M,33,599,Petrol,4
200501CW11020,Serious,1,2,23/7/2005,Saturday,20:30,One way street,30,T-junction,Traffic light,Traffic light,Daylight,Fine,Dry,None,None,1,2,Pedestrian,M,57,Slight,Crossing on facility,None,None,1,Motorcycle,Changing lane,N,No,N,N,N,Unknown,M,33,599,Petrol,4
200501CW11021,Slight,1,1,23/7/2005,Saturday,0:30,One way street,30,Crossroad,Traffic light,Traffic light,Lights lit,Fine,Dry,None,None,1,1,Pedestrian,M,33,Slight,Crossing within 50m of facility,None,None,1,Car,Reversing,N,No,N,N,N,Unknown,M,29,1686,Heavy oil,NA
200501CW11022,Slight,1,1,24/7/2005,Sunday,12:15,Single motorway,30,Not at junction,NA,No physical crossing facility,Daylight,Rain,Wet,None,None,1,1,Pedestrian,M,15,Slight,Elsewhere,None,None,1,Car,Moving off,N,No,N,N,N,Job,M,40,999,Petrol,1
200501CW11023,Slight,1,1,24/7/2005,Sunday,17:00,Dual motorway ,30,T-junction,Give-way sign,No physical crossing facility,Daylight,Fine,Dry,None,None,1,1,Pedestrian,F,40,Slight,Elsewhere,None,None,1,Car,Waiting,N,No,N,N,N,Unknown,M,27,1489,Petrol,7
200501CW11024,Slight,1,1,24/7/2005,Sunday,19:15,One way street,30,Crossroad,Traffic light,Traffic light,Daylight,Fine,Wet,None,None,1,1,Pedestrian,M,34,Slight,Crossing on facility,None,None,1,Taxi/Grab,Going ahead,N,No,N,N,N,Job,M,61,NA,NA,NA
200501CW11025,Slight,1,1,25/7/2005,Monday,13:42,Single motorway,30,T-junction,Give-way sign,No physical crossing facility,Daylight,Fine,Dry,None,None,1,1,Pedestrian,M,28,Slight,Elsewhere,None,None,1,Car,Waiting to/Turning right,N,No,N,N,N,Unknown,F,-1,1597,Petrol,14
200501CW11026,Slight,2,1,25/7/2005,Monday,11:15,Single motorway,30,T-junction,Give-way sign,Zebra crossing,Daylight,Rain,Wet,None,None,2,1,Driver,M,45,Slight,Not pedestrian,None,None,1,Car,Waiting to/Turning left,N,No,N,N,N,Unknown,M,40,1984,Petrol,10
200501CW11026,Slight,2,1,25/7/2005,Monday,11:15,Single motorway,30,T-junction,Give-way sign,Zebra crossing,Daylight,Rain,Wet,None,None,2,1,Driver,M,45,Slight,Not pedestrian,None,None,2,Bicycle,Going ahead,N,No,N,N,N,Unknown,M,45,NA,NA,NA
200501CW11027,Slight,1,1,25/7/2005,Monday,6:42,Single motorway,30,Crossroad,Traffic light,Traffic light,Daylight,Fine,Dry,None,None,1,1,Pedestrian,F,25,Slight,Unknown,None,None,1,Taxi/Grab,Going ahead,N,No,N,N,N,Job,M,80,2664,Heavy oil,14
200501CW11028,Serious,2,2,26/7/2005,Tuesday,6:17,Single motorway,30,T-junction,Give-way sign,No physical crossing facility,Daylight,Fine,Dry,None,None,1,1,Driver,F,49,Slight,Not pedestrian,None,None,1,Car,Going ahead,N,No,N,N,N,Unknown,F,49,NA,NA,NA
200501CW11028,Serious,2,2,26/7/2005,Tuesday,6:17,Single motorway,30,T-junction,Give-way sign,No physical crossing facility,Daylight,Fine,Dry,None,None,1,1,Driver,F,49,Slight,Not pedestrian,None,None,2,Car,Waiting to/Turning right,N,No,N,N,N,Unknown,M,23,1994,Heavy oil,8
200501CW11028,Serious,2,2,26/7/2005,Tuesday,6:17,Single motorway,30,T-junction,Give-way sign,No physical crossing facility,Daylight,Fine,Dry,None,None,2,2,Driver,M,23,Serious,Not pedestrian,None,None,1,Car,Going ahead,N,No,N,N,N,Unknown,F,49,NA,NA,NA
200501CW11028,Serious,2,2,26/7/2005,Tuesday,6:17,Single motorway,30,T-junction,Give-way sign,No physical crossing facility,Daylight,Fine,Dry,None,None,2,2,Driver,M,23,Serious,Not pedestrian,None,None,2,Car,Waiting to/Turning right,N,No,N,N,N,Unknown,M,23,1994,Heavy oil,8
200501CW11029,Slight,2,3,26/7/2005,Tuesday,22:40,One way street,30,Crossroad,Traffic light,Traffic light,Lights lit,Fine,Dry,Traffic signal defective,None,1,1,Driver,M,53,Slight,Not pedestrian,None,None,1,Car,Going ahead,N,No,Y,Y,Y,Unknown,M,53,NA,NA,NA
200501CW11029,Slight,2,3,26/7/2005,Tuesday,22:40,One way street,30,Crossroad,Traffic light,Traffic light,Lights lit,Fine,Dry,Traffic signal defective,None,1,1,Driver,M,53,Slight,Not pedestrian,None,None,2,Taxi/Grab,Going ahead,N,No,Y,Y,Y,Job,M,50,2664,Heavy oil,4
200501CW11029,Slight,2,3,26/7/2005,Tuesday,22:40,One way street,30,Crossroad,Traffic light,Traffic light,Lights lit,Fine,Dry,Traffic signal defective,None,2,2,Passenger,M,58,Slight,Not pedestrian,Rear seat,None,1,Car,Going ahead,N,No,Y,Y,Y,Unknown,M,53,NA,NA,NA
200501CW11029,Slight,2,3,26/7/2005,Tuesday,22:40,One way street,30,Crossroad,Traffic light,Traffic light,Lights lit,Fine,Dry,Traffic signal defective,None,2,2,Passenger,M,58,Slight,Not pedestrian,Rear seat,None,2,Taxi/Grab,Going ahead,N,No,Y,Y,Y,Job,M,50,2664,Heavy oil,4
200501CW11029,Slight,2,3,26/7/2005,Tuesday,22:40,One way street,30,Crossroad,Traffic light,Traffic light,Lights lit,Fine,Dry,Traffic signal defective,None,2,3,Driver,M,50,Slight,Not pedestrian,None,None,1,Car,Going ahead,N,No,Y,Y,Y,Unknown,M,53,NA,NA,NA
200501CW11029,Slight,2,3,26/7/2005,Tuesday,22:40,One way street,30,Crossroad,Traffic light,Traffic light,Lights lit,Fine,Dry,Traffic signal defective,None,2,3,Driver,M,50,Slight,Not pedestrian,None,None,2,Taxi/Grab,Going ahead,N,No,Y,Y,Y,Job,M,50,2664,Heavy oil,4
200501CW11032,Slight,2,1,27/7/2005,Wednesday,21:00,Single motorway,30,Crossroad,Give-way sign,No physical crossing facility,Lights lit,Rain,Wet,None,None,1,1,Driver,M,33,Slight,Not pedestrian,None,None,1,Car,Going ahead,N,No,N,N,N,Unknown,M,33,1968,Heavy oil,NA
200501CW11032,Slight,2,1,27/7/2005,Wednesday,21:00,Single motorway,30,Crossroad,Give-way sign,No physical crossing facility,Lights lit,Rain,Wet,None,None,1,1,Driver,M,33,Slight,Not pedestrian,None,None,2,Car,Going ahead,N,No,N,N,N,Unknown,M,21,1199,Petrol,5
200501CW11033,Slight,1,1,18/7/2005,Monday,10:45,Single motorway,30,T-junction,Give-way sign,No physical crossing facility,Daylight,Fine,Dry,None,None,1,1,Pedestrian,F,53,Slight,Elsewhere,None,None,1,Car,Waiting to/Turning right,N,No,N,N,N,Unknown,F,40,2597,Petrol,3
200501CW11034,Serious,2,1,14/7/2005,Thursday,17:45,Single motorway,30,T-junction,Give-way sign,No physical crossing facility,Daylight,Fine,Dry,None,None,1,1,Passenger,F,54,Serious,Not pedestrian,None,Standing,1,Bus/Coach,Going ahead,N,No,N,N,N,Job,M,-1,7300,Heavy oil,1
200501CW11034,Serious,2,1,14/7/2005,Thursday,17:45,Single motorway,30,T-junction,Give-way sign,No physical crossing facility,Daylight,Fine,Dry,None,None,1,1,Passenger,F,54,Serious,Not pedestrian,None,Standing,2,Car,Changing lane,N,No,N,N,N,Unknown,NA,-1,1598,Petrol,NA
200501CW11035,Slight,2,1,24/7/2005,Sunday,16:36,Single motorway,30,Not at junction,NA,No physical crossing facility,Daylight,Fine,Dry,None,None,2,1,Driver,F,34,Slight,Not pedestrian,None,None,1,Bus/Coach,Changing lane,N,No,N,N,N,Job,M,29,NA,Heavy oil,40
200501CW11035,Slight,2,1,24/7/2005,Sunday,16:36,Single motorway,30,Not at junction,NA,No physical crossing facility,Daylight,Fine,Dry,None,None,2,1,Driver,F,34,Slight,Not pedestrian,None,None,2,Car,Going ahead,N,No,N,N,N,Unknown,F,34,NA,NA,NA
200501CW11036,Slight,1,1,27/7/2005,Wednesday,9:52,Single motorway,30,Not at junction,NA,Non-junction pedestrian light crossing,Daylight,Rain,Wet,None,None,1,1,Pedestrian,F,63,Slight,Crossing on facility,None,None,1,Taxi/Grab,Going ahead,N,No,N,N,N,Job,M,64,2664,Heavy oil,13
200501CW11037,Serious,1,1,30/7/2005,Saturday,10:00,Single motorway,30,T-junction,Give-way sign,No physical crossing facility,Daylight,Fine,Dry,None,None,1,1,Pedestrian,M,48,Serious,Middle of road,None,None,1,Car,Going ahead,N,No,N,N,N,Unknown,M,31,NA,NA,NA
200501CW11039,Serious,1,1,28/7/2005,Thursday,17:28,Single motorway,30,Not at junction,NA,No physical crossing facility,Daylight,Fine,Dry,None,None,1,1,Pedestrian,M,18,Serious,Middle of road,None,None,1,Taxi/Grab,Overtaking,N,No,N,N,N,Job,M,30,NA,NA,NA
200501CW11040,Slight,2,1,28/7/2005,Thursday,17:04,Single motorway,30,Not at junction,NA,No physical crossing facility,Daylight,Fine,Dry,None,None,2,1,Driver,M,31,Slight,Not pedestrian,None,None,1,Taxi/Grab,Halting,N,No,N,N,N,Job,M,82,9999,Heavy oil,17
200501CW11040,Slight,2,1,28/7/2005,Thursday,17:04,Single motorway,30,Not at junction,NA,No physical crossing facility,Daylight,Fine,Dry,None,None,2,1,Driver,M,31,Slight,Not pedestrian,None,None,2,Motorcycle,Going ahead,N,No,Y,Y,Y,Unknown,M,31,598,Petrol,9
200501CW11041,Slight,2,1,28/9/2005,Wednesday,8:40,Dual motorway ,30,T-junction,Give-way sign,No physical crossing facility,Daylight,Fine,Dry,None,None,2,1,Driver,F,27,Slight,Not pedestrian,None,None,1,Car,Changing lane,N,No,N,N,N,Unknown,M,40,NA,NA,NA
200501CW11041,Slight,2,1,28/9/2005,Wednesday,8:40,Dual motorway ,30,T-junction,Give-way sign,No physical crossing facility,Daylight,Fine,Dry,None,None,2,1,Driver,F,27,Slight,Not pedestrian,None,None,2,Motorcycle,Going ahead,N,No,N,N,N,Unknown,F,27,49,Petrol,2
200501CW11042,Slight,1,1,28/7/2005,Thursday,14:17,Single motorway,30,T-junction,Give-way sign,No physical crossing facility,Daylight,Fine,Dry,None,None,1,1,Pedestrian,M,17,Slight,Elsewhere,None,None,1,Car,Going ahead,N,No,N,N,N,Unknown,F,-1,NA,NA,NA
200501CW11043,Serious,1,1,28/7/2005,Thursday,22:51,Single motorway,30,Crossroad,Traffic light,Traffic light,Lights lit,Fine,Dry,None,None,1,1,Pedestrian,M,27,Serious,Crossing on facility,None,None,1,Taxi/Grab,Going ahead,N,No,N,N,N,Job,M,-1,NA,NA,NA
200501CW11044,Slight,2,1,29/7/2005,Friday,22:15,Single motorway,30,Not at junction,NA,No physical crossing facility,Lights lit,Fine,Dry,None,None,2,1,Driver,F,33,Slight,Not pedestrian,None,None,1,Taxi/Grab,Going ahead,N,No,N,N,N,Job,M,57,2664,Heavy oil,7
200501CW11044,Slight,2,1,29/7/2005,Friday,22:15,Single motorway,30,Not at junction,NA,No physical crossing facility,Lights lit,Fine,Dry,None,None,2,1,Driver,F,33,Slight,Not pedestrian,None,None,2,Bicycle,Going ahead,N,No,N,N,N,Unknown,F,33,NA,NA,NA
200501CW11045,Slight,2,1,29/7/2005,Friday,12:30,Single motorway,30,T-junction,Give-way sign,No physical crossing facility,Daylight,Fine,Dry,None,None,1,1,Driver,M,28,Slight,Not pedestrian,None,None,1,Car,Going ahead,N,No,N,N,N,Unknown,M,28,NA,NA,NA
200501CW11045,Slight,2,1,29/7/2005,Friday,12:30,Single motorway,30,T-junction,Give-way sign,No physical crossing facility,Daylight,Fine,Dry,None,None,1,1,Driver,M,28,Slight,Not pedestrian,None,None,2,Car,Waiting to/Turning right,N,No,N,N,N,Unknown,F,37,1839,Petrol,8
200501CW11046,Slight,2,1,29/7/2005,Friday,14:28,Single motorway,30,Crossroad,Traffic light,Traffic light,Daylight,Fine,Dry,None,None,1,1,Driver,M,43,Slight,Not pedestrian,None,None,1,Motorcycle,Overtaking,N,No,Y,Y,Y,Unknown,M,43,1172,Petrol,2
200501CW11046,Slight,2,1,29/7/2005,Friday,14:28,Single motorway,30,Crossroad,Traffic light,Traffic light,Daylight,Fine,Dry,None,None,1,1,Driver,M,43,Slight,Not pedestrian,None,None,2,Taxi/Grab,Waiting,N,No,N,N,N,Job,M,61,2496,Heavy oil,7
200501CW11047,Slight,2,1,15/7/2005,Friday,19:47,Single motorway,30,T-junction,Give-way sign,Zebra crossing,Lights lit,Fine,Dry,None,None,1,1,Passenger,M,38,Slight,Not pedestrian,Front seat,None,1,Car,Going ahead,N,No,N,N,N,Unknown,M,38,NA,NA,NA
200501CW11047,Slight,2,1,15/7/2005,Friday,19:47,Single motorway,30,T-junction,Give-way sign,Zebra crossing,Lights lit,Fine,Dry,None,None,1,1,Passenger,M,38,Slight,Not pedestrian,Front seat,None,2,Car,Waiting,N,No,N,N,N,Unknown,M,-1,NA,NA,NA
200501CW11048,Slight,2,1,29/7/2005,Friday,8:16,Single motorway,30,Not at junction,NA,No physical crossing facility,Daylight,Fine,Dry,None,None,1,1,Driver,M,35,Slight,Not pedestrian,None,None,1,Bicycle,Going ahead,N,No,N,N,N,Unknown,M,35,NA,NA,NA
200501CW11048,Slight,2,1,29/7/2005,Friday,8:16,Single motorway,30,Not at junction,NA,No physical crossing facility,Daylight,Fine,Dry,None,None,1,1,Driver,M,35,Slight,Not pedestrian,None,None,2,Car,Waiting,N,No,N,N,N,Unknown,M,-1,NA,NA,NA
200501CW11049,Slight,1,1,29/7/2005,Friday,23:50,Single motorway,30,Not at junction,NA,No physical crossing facility,Lights lit,Fine,Dry,None,None,1,1,Passenger,M,38,Slight,Not pedestrian,None,Boarding,1,Bus/Coach,Going ahead,N,No,N,N,N,Job,M,35,NA,NA,NA
200501CW11050,Slight,2,1,14/7/2005,Thursday,11:20,Single motorway,30,Crossroad,Traffic light,Traffic light,Daylight,Fine,Dry,None,None,1,1,Driver,M,62,Slight,Not pedestrian,None,None,1,Taxi/Grab,Going ahead,N,No,Y,Y,Y,Job,M,62,2664,Heavy oil,9
200501CW11050,Slight,2,1,14/7/2005,Thursday,11:20,Single motorway,30,Crossroad,Traffic light,Traffic light,Daylight,Fine,Dry,None,None,1,1,Driver,M,62,Slight,Not pedestrian,None,None,2,Car,Waiting to/Turning right,N,No,N,N,N,Unknown,M,32,NA,NA,NA
200501CW11051,Slight,1,1,16/7/2005,Saturday,15:30,Single motorway,30,Not at junction,NA,No physical crossing facility,Daylight,Fine,Dry,None,None,1,1,Pedestrian,M,28,Slight,Elsewhere,None,None,1,Car,Going ahead,N,No,N,N,N,Unknown,M,-1,NA,NA,NA
200501CW11052,Slight,1,2,15/7/2005,Friday,23:25,One way street,30,Crossroad,Traffic light,Traffic light,Lights lit,Fine,Dry,None,None,1,1,Pedestrian,M,25,Slight,Crossing within 50m of facility,None,None,1,Bus/Coach,Waiting to/Turning left,N,No,N,N,N,Job,M,41,8268,Heavy oil,3
200501CW11052,Slight,1,2,15/7/2005,Friday,23:25,One way street,30,Crossroad,Traffic light,Traffic light,Lights lit,Fine,Dry,None,None,1,2,Pedestrian,F,26,Slight,Crossing within 50m of facility,None,None,1,Bus/Coach,Waiting to/Turning left,N,No,N,N,N,Job,M,41,8268,Heavy oil,3
200501CW11054,Slight,1,1,30/7/2005,Saturday,16:30,Single motorway,30,Crossroad,Traffic light,Traffic light,Daylight,Fine,Dry,None,None,1,1,Pedestrian,F,57,Slight,Crossing within 50m of facility,None,None,1,Bus/Coach,Going ahead,N,No,N,N,N,Job,M,37,NA,NA,NA
200501CW11055,Slight,2,1,31/7/2005,Sunday,22:24,Single motorway,30,T-junction,Traffic light,Traffic light,Lights lit,Fine,Dry,None,None,2,1,Driver,F,23,Slight,Not pedestrian,None,None,1,Car,Overtaking,N,No,N,N,N,Unknown,F,31,1588,Petrol,2
200501CW11055,Slight,2,1,31/7/2005,Sunday,22:24,Single motorway,30,T-junction,Traffic light,Traffic light,Lights lit,Fine,Dry,None,None,2,1,Driver,F,23,Slight,Not pedestrian,None,None,2,Bicycle,Overtaking,N,No,Y,N,N,Unknown,F,23,NA,NA,NA
200501CW11056,Slight,1,1,31/7/2005,Sunday,13:15,Dual motorway ,30,Not at junction,NA,No physical crossing facility,Daylight,Fine,Dry,None,None,1,1,Passenger,M,55,Slight,Not pedestrian,None,Standing,1,Bus/Coach,Going ahead,N,No,N,N,N,Job,M,29,NA,Heavy oil,40
200501CW11058,Serious,2,1,1/8/2005,Monday,8:05,Single motorway,30,Private entrance,Give-way sign,No physical crossing facility,Daylight,Fine,Dry,None,None,1,1,Driver,M,28,Serious,Not pedestrian,None,None,1,Bicycle,Going ahead,N,No,N,N,N,Unknown,M,28,NA,NA,NA
200501CW11058,Serious,2,1,1/8/2005,Monday,8:05,Single motorway,30,Private entrance,Give-way sign,No physical crossing facility,Daylight,Fine,Dry,None,None,1,1,Driver,M,28,Serious,Not pedestrian,None,None,2,Car,Waiting to/Turning right,N,No,N,N,N,Unknown,M,39,1497,Petrol,4
200501CW11060,Slight,1,1,11/6/2005,Saturday,17:09,Single motorway,30,Not at junction,NA,No physical crossing facility,Daylight,Fine,Dry,None,None,1,1,Passenger,M,72,Slight,Not pedestrian,None,Boarding,1,Bus/Coach,Moving off,N,No,N,N,N,Job,M,52,NA,Heavy oil,42
200501CW11063,Slight,1,1,15/6/2005,Wednesday,8:45,Single motorway,30,T-junction,Traffic light,Traffic light,Daylight,Rain,Wet,None,None,1,1,Pedestrian,M,12,Slight,Crossing on facility,None,None,1,Car,Going ahead,N,No,N,N,N,Unknown,M,39,1581,Petrol,9
200501CW11065,Slight,1,1,16/6/2005,Thursday,18:05,Single motorway,30,T-junction,Give-way sign,No physical crossing facility,Daylight,Fine,Dry,None,None,1,1,Passenger,F,72,Slight,Not pedestrian,None,Boarding,1,Bus/Coach,Halting,N,No,N,N,N,Job,M,44,NA,Heavy oil,39
200501CW11066,Slight,2,1,22/6/2005,Wednesday,8:48,Single motorway,30,T-junction,Give-way sign,No physical crossing facility,Daylight,Fine,Dry,None,None,2,1,Driver,F,26,Slight,Not pedestrian,None,None,1,Car,Waiting to/Turning right,N,No,N,N,N,Unknown,M,31,599,Petrol,4
200501CW11066,Slight,2,1,22/6/2005,Wednesday,8:48,Single motorway,30,T-junction,Give-way sign,No physical crossing facility,Daylight,Fine,Dry,None,None,2,1,Driver,F,26,Slight,Not pedestrian,None,None,2,Bicycle,Going ahead,N,No,N,N,N,Unknown,F,26,NA,NA,NA
200501CW11067,Slight,2,1,26/6/2005,Sunday,14:01,Dual motorway ,30,T-junction,Give-way sign,No physical crossing facility,Daylight,Fine,Dry,None,None,1,1,Driver,F,27,Slight,Not pedestrian,None,None,1,Motorcycle,Going ahead,N,No,Y,N,N,Unknown,F,27,124,Petrol,1
200501CW11067,Slight,2,1,26/6/2005,Sunday,14:01,Dual motorway ,30,T-junction,Give-way sign,No physical crossing facility,Daylight,Fine,Dry,None,None,1,1,Driver,F,27,Slight,Not pedestrian,None,None,2,Car,Parking,N,No,N,N,N,Unknown,M,35,NA,NA,NA
200501CW11068,Slight,2,1,28/6/2005,Tuesday,17:14,Single motorway,30,T-junction,Give-way sign,No physical crossing facility,Daylight,Fine,Dry,None,None,1,1,Driver,M,26,Slight,Not pedestrian,None,None,1,Car,Overtaking,N,No,N,N,N,Unknown,M,26,1910,Heavy oil,NA
200501CW11068,Slight,2,1,28/6/2005,Tuesday,17:14,Single motorway,30,T-junction,Give-way sign,No physical crossing facility,Daylight,Fine,Dry,None,None,1,1,Driver,M,26,Slight,Not pedestrian,None,None,2,Taxi/Grab,Overtaking,N,No,N,N,N,Job,M,57,2664,Heavy oil,5
200501CW11069,Slight,2,1,2/8/2005,Tuesday,18:42,Single motorway,30,Not at junction,NA,No physical crossing facility,Daylight,Fine,Dry,None,None,1,1,Driver,M,36,Slight,Not pedestrian,None,None,1,Motorcycle,Going ahead,N,No,N,N,N,To/From Work,M,36,600,Petrol,1
200501CW11069,Slight,2,1,2/8/2005,Tuesday,18:42,Single motorway,30,Not at junction,NA,No physical crossing facility,Daylight,Fine,Dry,None,None,1,1,Driver,M,36,Slight,Not pedestrian,None,None,2,Car,Moving off,N,No,N,N,N,Unknown,M,37,1796,Petrol,NA
200501CW11070,Slight,1,1,3/8/2005,Wednesday,0:16,One way street,30,Crossroad,Traffic light,Traffic light,Lights lit,Fine,Dry,None,None,1,1,Pedestrian,M,25,Slight,Crossing within 50m of facility,None,None,1,Car,Going ahead,N,No,N,N,N,Unknown,M,-1,2362,Petrol,1
200501CW11071,Slight,2,1,1/7/2005,Friday,8:36,Single motorway,30,Unknown,Traffic light,No physical crossing facility,Daylight,Fine,Dry,None,None,2,1,Driver,M,26,Slight,Not pedestrian,None,None,1,Bus/Coach,Going ahead,N,No,N,N,N,Job,M,47,8268,Heavy oil,2
200501CW11071,Slight,2,1,1/7/2005,Friday,8:36,Single motorway,30,Unknown,Traffic light,No physical crossing facility,Daylight,Fine,Dry,None,None,2,1,Driver,M,26,Slight,Not pedestrian,None,None,2,Bicycle,Going ahead,N,Skid,N,N,N,Unknown,M,26,NA,NA,NA
200501CW11072,Slight,2,1,13/7/2005,Wednesday,17:45,Single motorway,30,Not at junction,NA,No physical crossing facility,Daylight,Fine,Dry,None,None,2,1,Driver,M,35,Slight,Not pedestrian,None,None,1,Car,Waiting to/Turning right,N,No,N,N,N,Unknown,F,25,1995,Petrol,9
200501CW11072,Slight,2,1,13/7/2005,Wednesday,17:45,Single motorway,30,Not at junction,NA,No physical crossing facility,Daylight,Fine,Dry,None,None,2,1,Driver,M,35,Slight,Not pedestrian,None,None,2,Bicycle,Going ahead,N,No,N,N,N,Unknown,M,35,NA,NA,NA
200501CW11074,Slight,1,1,4/8/2005,Thursday,14:35,Single motorway,30,Not at junction,NA,No physical crossing facility,Daylight,Fine,Dry,None,None,1,1,Driver,M,25,Slight,Not pedestrian,None,None,1,Motorcycle,Going ahead,N,No,N,N,N,Unknown,M,25,599,Petrol,2
200501CW11076,Slight,2,1,2/7/2005,Saturday,20:45,Single motorway,30,Not at junction,NA,No physical crossing facility,Daylight,Fine,Dry,None,None,2,1,Driver,M,12,Slight,Not pedestrian,None,None,1,Car,Going ahead,N,No,N,N,N,Unknown,M,40,1590,Petrol,10
200501CW11076,Slight,2,1,2/7/2005,Saturday,20:45,Single motorway,30,Not at junction,NA,No physical crossing facility,Daylight,Fine,Dry,None,None,2,1,Driver,M,12,Slight,Not pedestrian,None,None,2,Bicycle,Going ahead,N,No,N,N,N,Unknown,M,12,NA,NA,NA