Accident_Index,Accident_Severity,Number_of_Vehicles,Number_of_Casualties,Date,Day_of_Week,Time,Road_Type,Speed_Limit,Junction_Detail,Junction_Control,Pedestrian_Crossing_Type,Light_Conditions,Weather_Conditions,Road_Surface_Conditions,Special_Conditions_at_Site,Road_Hazards,Vehicle_Reference.x,Casualty_Reference,Casualty_Class,Sex_of_Casualty,Age_of_Casualty,Casualty_Severity,Pedestrian_Location,Car_Passenger,Bus_or_Coach_Passenger,Vehicle_Reference.y,Vehicle_Type,Vehicle_Manoeuvre,Vehicle_in_Restricted_Lane,Skidding_and_Overturning,Hit_Object_on_Road,Vehicle_veer_off_Road,Hit_Object_off_Road,Journey_Purpose_of_Driver,Sex_of_Driver,Age_of_Driver,Engine_Capacity_CC,Engine_Type,Age_of_Vehicle
200501CW11077,Slight,1,1,6/8/2005,Saturday,8:15,Dual motorway ,30,Not at junction,NA,No physical crossing facility,Daylight,Fine,Dry,None,None,1,1,Passenger,M,47,Slight,Not pedestrian,None,None,1,Minibus,Going ahead,N,No,Y,Y,Y,Unknown,M,52,NA,NA,NA
200501CW11078,Slight,1,1,4/7/2005,Monday,16:07,Single motorway,30,Not at junction,NA,No physical crossing facility,Daylight,Fine,Dry,None,None,1,1,Pedestrian,M,5,Slight,Footbridge,None,None,1,Car,Going ahead,N,No,N,N,N,Unknown,M,54,1242,Petrol,7
200501CW11080,Slight,1,1,6/7/2005,Wednesday,15:30,One way street,30,Crossroad,Traffic light,Traffic light,Daylight,Fine,Dry,None,None,1,1,Passenger,F,57,Slight,Not pedestrian,None,Standing,1,Bus/Coach,Halting,N,No,N,N,N,Job,M,38,8268,Heavy oil,3
200501CW11081,Slight,2,1,8/8/2005,Monday,9:30,Single motorway,30,Crossroad,Traffic light,Traffic light,Daylight,Fine,Dry,None,None,1,1,Driver,M,31,Slight,Not pedestrian,None,None,1,Motorcycle,Going ahead,N,No,N,N,N,Unknown,M,31,49,Petrol,8
200501CW11081,Slight,2,1,8/8/2005,Monday,9:30,Single motorway,30,Crossroad,Traffic light,Traffic light,Daylight,Fine,Dry,None,None,1,1,Driver,M,31,Slight,Not pedestrian,None,None,2,Taxi/Grab,U-turn,N,No,N,N,N,Job,M,61,2664,Heavy oil,11
200501CW11084,Serious,1,1,4/7/2005,Monday,14:13,Single motorway,30,Not at junction,NA,Non-junction pedestrian light crossing,Daylight,Fine,Dry,None,None,1,1,Pedestrian,M,33,Serious,Crossing within 50m of facility,None,None,1,Bus/Coach,Going ahead,N,No,N,N,N,Job,M,30,6370,Heavy oil,1
200501CW11085,Slight,1,1,5/8/2005,Friday,17:20,One way street,30,T-junction,Give-way sign,No physical crossing facility,Daylight,Fine,Dry,None,None,1,1,Pedestrian,M,42,Slight,Elsewhere,None,None,1,Bus/Coach,Waiting to/Turning left,N,No,N,N,N,Job,M,52,12000,Heavy oil,NA
200501CW11087,Slight,2,1,22/8/2005,Monday,13:24,Single motorway,30,T-junction,Give-way sign,No physical crossing facility,Daylight,Rain,Wet,None,None,2,1,Driver,M,54,Slight,Not pedestrian,None,None,1,Goods Van,Going ahead,N,No,N,N,N,Unknown,M,29,5880,Heavy oil,4
200501CW11087,Slight,2,1,22/8/2005,Monday,13:24,Single motorway,30,T-junction,Give-way sign,No physical crossing facility,Daylight,Rain,Wet,None,None,2,1,Driver,M,54,Slight,Not pedestrian,None,None,2,Taxi/Grab,Halting,N,No,N,N,N,Job,M,54,2664,Heavy oil,6
200501CW11088,Slight,1,1,21/8/2005,Sunday,13:00,Single motorway,30,Not at junction,NA,No physical crossing facility,Daylight,Fine,Dry,None,None,1,1,Passenger,F,60,Slight,Not pedestrian,None,Standing,1,Bus/Coach,Going ahead,N,No,N,N,N,Job,F,-1,NA,NA,NA
200501CW11090,Slight,2,1,18/8/2005,Thursday,7:40,Dual motorway ,30,T-junction,Traffic light,Traffic light,Daylight,Fine,Dry,None,None,2,1,Driver,M,42,Slight,Not pedestrian,None,None,1,Car,Going ahead,N,No,N,N,N,Unknown,M,39,NA,NA,NA
200501CW11090,Slight,2,1,18/8/2005,Thursday,7:40,Dual motorway ,30,T-junction,Traffic light,Traffic light,Daylight,Fine,Dry,None,None,2,1,Driver,M,42,Slight,Not pedestrian,None,None,2,Bicycle,Going ahead,N,No,N,N,N,Unknown,M,42,NA,NA,NA
200501CW11091,Slight,2,1,10/7/2005,Sunday,15:33,Single motorway,30,Not at junction,NA,No physical crossing facility,Daylight,Fine,Dry,None,None,2,1,Driver,M,36,Slight,Not pedestrian,None,None,1,Minibus,Waiting,N,No,N,N,N,Unknown,M,22,2402,Heavy oil,1
200501CW11091,Slight,2,1,10/7/2005,Sunday,15:33,Single motorway,30,Not at junction,NA,No physical crossing facility,Daylight,Fine,Dry,None,None,2,1,Driver,M,36,Slight,Not pedestrian,None,None,2,Motorcycle,Going ahead,N,No,N,N,N,Unknown,M,36,49,Petrol,6
200501CW11092,Slight,1,1,8/7/2005,Friday,12:20,Single motorway,30,Crossroad,Traffic light,Traffic light,Daylight,Fine,Dry,None,None,1,1,Pedestrian,M,79,Slight,Crossing on facility,None,None,1,Taxi/Grab,Going ahead,N,No,N,N,N,Job,M,35,NA,NA,NA
200501CW11093,Slight,1,1,18/8/2005,Thursday,8:15,Single motorway,30,T-junction,Give-way sign,No physical crossing facility,Daylight,Fine,Dry,None,None,1,1,Pedestrian,F,51,Slight,Unknown,None,None,1,Car,Waiting to/Turning right,N,No,N,N,N,Unknown,M,45,2151,Heavy oil,3
200501CW11094,Slight,1,1,25/8/2005,Thursday,3:22,One way street,30,Not at junction,NA,No physical crossing facility,Lights lit,Fine,Wet,None,None,1,1,Passenger,M,-1,Slight,Not pedestrian,None,Standing,1,Bus/Coach,Moving off,N,No,N,N,N,Job,M,55,9200,Heavy oil,2
200501CW11095,Slight,1,1,24/8/2005,Wednesday,23:05,Roundabout,30,Roundabout,Traffic light,Traffic light,Lights lit,Fine,Dry,None,None,1,1,Pedestrian,M,34,Slight,Crossing within 50m of facility,None,None,1,Car,Going ahead,N,No,N,N,N,Unknown,F,27,1590,Petrol,4
200501CW11096,Slight,2,1,24/6/2005,Friday,3:50,Single motorway,30,Not at junction,NA,No physical crossing facility,Lights lit,Fine,Dry,None,None,1,1,Driver,M,22,Slight,Not pedestrian,None,None,1,Car,Going ahead,N,No,Y,Y,Y,Unknown,M,22,NA,NA,NA
200501CW11096,Slight,2,1,24/6/2005,Friday,3:50,Single motorway,30,Not at junction,NA,No physical crossing facility,Lights lit,Fine,Dry,None,None,1,1,Driver,M,22,Slight,Not pedestrian,None,None,2,Car,Going ahead,N,No,N,N,N,Unknown,NA,-1,NA,NA,NA
200501CW11097,Slight,2,1,11/7/2005,Monday,23:00,Dual motorway ,30,T-junction,Traffic light,Traffic light,Lights lit,Fine,Dry,None,None,1,1,Passenger,F,30,Slight,Not pedestrian,Rear seat,None,1,Taxi/Grab,Waiting,N,No,N,N,N,Job,M,-1,1896,Heavy oil,5
200501CW11097,Slight,2,1,11/7/2005,Monday,23:00,Dual motorway ,30,T-junction,Traffic light,Traffic light,Lights lit,Fine,Dry,None,None,1,1,Passenger,F,30,Slight,Not pedestrian,Rear seat,None,2,Car,Going ahead,N,No,N,N,N,Unknown,M,-1,NA,NA,NA
200501CW11098,Slight,1,1,26/7/2005,Tuesday,22:30,Single motorway,30,Not at junction,NA,No physical crossing facility,Lights lit,Fine,Dry,None,None,1,1,Pedestrian,F,64,Slight,Elsewhere,None,None,1,Car,Moving off,N,No,N,N,N,Unknown,NA,-1,NA,NA,NA
200501CW11099,Slight,2,1,20/7/2005,Wednesday,19:47,Dual motorway ,30,More than 4 sections,Traffic light,Traffic light,Lights lit,Fine,Dry,None,None,2,1,Driver,M,26,Slight,Not pedestrian,None,None,1,Car,Waiting to/Turning right,N,No,N,N,N,Unknown,NA,-1,NA,NA,NA
200501CW11099,Slight,2,1,20/7/2005,Wednesday,19:47,Dual motorway ,30,More than 4 sections,Traffic light,Traffic light,Lights lit,Fine,Dry,None,None,2,1,Driver,M,26,Slight,Not pedestrian,None,None,2,Car,Going ahead,N,No,N,N,N,Unknown,M,26,2435,Petrol,4
200501CW11104,Slight,2,1,10/8/2005,Wednesday,17:56,Dual motorway ,30,Crossroad,Traffic light,Traffic light,Daylight,Fine,Dry,None,None,1,1,Driver,F,27,Slight,Not pedestrian,None,None,1,Bicycle,Going ahead,N,No,N,N,N,Unknown,F,27,NA,NA,NA
200501CW11104,Slight,2,1,10/8/2005,Wednesday,17:56,Dual motorway ,30,Crossroad,Traffic light,Traffic light,Daylight,Fine,Dry,None,None,1,1,Driver,F,27,Slight,Not pedestrian,None,None,2,Goods Van,Waiting to/Turning left,N,No,N,N,N,Job,M,33,12580,Heavy oil,NA
200501CW11105,Slight,1,1,17/7/2005,Sunday,1:20,One way street,30,Crossroad,Give-way sign,No physical crossing facility,Lights lit,Fine,Dry,None,None,1,1,Pedestrian,M,23,Slight,Elsewhere,None,None,1,Car,Waiting to/Turning left,N,No,N,N,N,Unknown,NA,-1,NA,NA,NA
200501CW11106,Serious,2,1,18/7/2005,Monday,17:26,Single motorway,30,Not at junction,NA,No physical crossing facility,Daylight,Fine,Dry,None,None,1,1,Driver,M,33,Serious,Not pedestrian,None,None,1,Motorcycle,Going ahead,N,No,N,N,N,Unknown,M,33,NA,NA,NA
200501CW11106,Serious,2,1,18/7/2005,Monday,17:26,Single motorway,30,Not at junction,NA,No physical crossing facility,Daylight,Fine,Dry,None,None,1,1,Driver,M,33,Serious,Not pedestrian,None,None,2,Car,Changing lane,N,No,N,N,N,Unknown,M,34,NA,NA,NA
200501CW11107,Slight,2,1,16/8/2005,Tuesday,18:15,Single motorway,30,Crossroad,Give-way sign,Zebra crossing,Daylight,Fine,Dry,None,None,1,1,Driver,M,35,Slight,Not pedestrian,None,None,1,Car,Waiting to/Turning right,N,No,N,N,N,Unknown,M,35,2997,Petrol,2
200501CW11107,Slight,2,1,16/8/2005,Tuesday,18:15,Single motorway,30,Crossroad,Give-way sign,Zebra crossing,Daylight,Fine,Dry,None,None,1,1,Driver,M,35,Slight,Not pedestrian,None,None,2,Goods Van,Going ahead,N,No,N,N,N,Job,M,44,2299,Heavy oil,9
200501CW11109,Serious,1,1,29/6/2005,Wednesday,17:15,One way street,30,T-junction,Give-way sign,No physical crossing facility,Daylight,Unknown,Dry,None,None,1,1,Pedestrian,F,-1,Serious,Elsewhere,None,None,1,Car,Waiting to/Turning left,N,No,N,N,N,Unknown,M,-1,NA,NA,NA
200501CW11110,Slight,1,1,2/7/2005,Saturday,9:45,Dual motorway ,40,Crossroad,Traffic light,Traffic light,Daylight,Fine,Dry,None,None,1,1,Driver,M,18,Slight,Not pedestrian,None,None,1,Car,Going ahead,N,No,Y,Y,Y,Unknown,M,18,1199,Petrol,1
200501CW11111,Serious,2,1,26/7/2005,Tuesday,6:48,Dual motorway ,30,Not at junction,NA,No physical crossing facility,Daylight,Fine,Dry,None,None,1,1,Driver,M,26,Serious,Not pedestrian,None,None,1,Motorcycle,Going ahead,N,Skid,N,N,N,Unknown,M,26,124,Petrol,1
200501CW11111,Serious,2,1,26/7/2005,Tuesday,6:48,Dual motorway ,30,Not at junction,NA,No physical crossing facility,Daylight,Fine,Dry,None,None,1,1,Driver,M,26,Serious,Not pedestrian,None,None,2,Bicycle,Changing lane,N,No,N,N,N,Unknown,M,-1,NA,NA,NA
200501CW11113,Slight,2,1,31/8/2005,Wednesday,19:18,Single motorway,30,T-junction,Traffic light,Traffic light,Daylight,Fine,Dry,None,None,1,1,Passenger,F,60,Slight,Not pedestrian,None,Standing,1,Bus/Coach,Moving off,N,No,N,N,N,Unknown,M,38,8268,Heavy oil,3
200501CW11113,Slight,2,1,31/8/2005,Wednesday,19:18,Single motorway,30,T-junction,Traffic light,Traffic light,Daylight,Fine,Dry,None,None,1,1,Passenger,F,60,Slight,Not pedestrian,None,Standing,2,Taxi/Grab,Halting,N,No,N,N,N,Unknown,M,48,2402,Heavy oil,2
200501CW11115,Slight,2,1,5/7/2005,Tuesday,22:50,Single motorway,30,Not at junction,NA,No physical crossing facility,Lights lit,Rain,Wet,None,None,1,1,Driver,M,29,Slight,Not pedestrian,None,None,1,Car,Going ahead,N,No,N,N,N,Unknown,M,29,1799,Petrol,9
200501CW11115,Slight,2,1,5/7/2005,Tuesday,22:50,Single motorway,30,Not at junction,NA,No physical crossing facility,Lights lit,Rain,Wet,None,None,1,1,Driver,M,29,Slight,Not pedestrian,None,None,2,Car,Going ahead,N,No,N,N,N,Unknown,NA,-1,1588,Petrol,3
200501CW11116,Slight,1,1,22/8/2005,Monday,9:30,Single motorway,30,Crossroad,Traffic light,Traffic light,Daylight,Rain,Wet,None,None,1,1,Pedestrian,M,-1,Slight,Crossing within 50m of facility,None,None,1,Motorcycle,Going ahead,N,No,N,N,N,Unknown,M,30,998,Petrol,NA
200501CW11117,Serious,2,1,13/7/2005,Wednesday,19:36,Single motorway,30,Not at junction,NA,No physical crossing facility,Daylight,Fine,Dry,None,None,1,1,Driver,M,32,Serious,Not pedestrian,None,None,1,Motorcycle,Overtaking,N,Skid,N,N,N,Unknown,M,32,NA,NA,NA
200501CW11117,Serious,2,1,13/7/2005,Wednesday,19:36,Single motorway,30,Not at junction,NA,No physical crossing facility,Daylight,Fine,Dry,None,None,1,1,Driver,M,32,Serious,Not pedestrian,None,None,2,Taxi/Grab,Going ahead,N,No,N,N,N,Job,M,62,2664,Heavy oil,14
200501CW11119,Slight,1,1,15/7/2005,Friday,22:15,One way street,30,Not at junction,NA,No physical crossing facility,Lights lit,Fine,Dry,None,None,1,1,Pedestrian,M,26,Slight,Footbridge,None,None,1,Goods Van,Going ahead,N,No,N,N,N,Unknown,M,34,2295,Bi-fuel,1
200501CW11120,Slight,2,1,16/7/2005,Saturday,19:30,Dual motorway ,30,T-junction,Traffic light,Traffic light,Daylight,Fine,Dry,None,None,1,1,Driver,M,18,Slight,Not pedestrian,None,None,1,Bicycle,Going ahead,N,No,N,N,N,Unknown,M,18,NA,NA,NA
200501CW11120,Slight,2,1,16/7/2005,Saturday,19:30,Dual motorway ,30,T-junction,Traffic light,Traffic light,Daylight,Fine,Dry,None,None,1,1,Driver,M,18,Slight,Not pedestrian,None,None,2,Car,Waiting to/Turning left,N,No,N,N,N,Unknown,F,-1,NA,NA,NA
200501CW11123,Slight,1,1,13/4/2005,Wednesday,15:00,Single motorway,30,Crossroad,Traffic light,Traffic light,Daylight,Fine,Dry,None,None,1,1,Pedestrian,F,25,Slight,Sidewalk,None,None,1,Taxi/Grab,Moving off,N,No,N,N,N,Job,M,-1,NA,NA,NA
200501CW11126,Slight,2,1,10/7/2005,Sunday,17:25,Single motorway,30,T-junction,Traffic light,Traffic light,Daylight,Fine,Dry,None,None,1,1,Driver,F,27,Slight,Not pedestrian,None,None,1,Bicycle,Waiting to/Turning right,N,No,N,N,N,Unknown,F,27,NA,NA,NA
200501CW11126,Slight,2,1,10/7/2005,Sunday,17:25,Single motorway,30,T-junction,Traffic light,Traffic light,Daylight,Fine,Dry,None,None,1,1,Driver,F,27,Slight,Not pedestrian,None,None,2,Car,Going ahead,N,No,N,N,N,Unknown,M,-1,NA,NA,NA
200501CW11127,Slight,2,1,12/7/2005,Tuesday,22:23,Single motorway,30,T-junction,Traffic light,Traffic light,Lights lit,Fine,Dry,None,None,2,1,Driver,M,22,Slight,Not pedestrian,None,None,1,Car,Waiting to/Turning right,N,No,N,N,N,Unknown,M,28,1799,Petrol,8
200501CW11127,Slight,2,1,12/7/2005,Tuesday,22:23,Single motorway,30,T-junction,Traffic light,Traffic light,Lights lit,Fine,Dry,None,None,2,1,Driver,M,22,Slight,Not pedestrian,None,None,2,Motorcycle,Going ahead,N,No,N,N,N,Unknown,M,22,124,Petrol,3
200501CW11131,Slight,1,1,13/7/2005,Wednesday,16:38,Single motorway,30,Not at junction,NA,Non-junction pedestrian light crossing,Daylight,Fine,Dry,None,None,1,1,Pedestrian,M,58,Slight,Crossing on facility,None,None,1,Motorcycle,Going ahead,N,No,N,N,N,Unknown,M,40,998,Petrol,1
200501CW11132,Serious,1,1,14/5/2005,Saturday,12:27,Single motorway,30,T-junction,Traffic light,Traffic light,Daylight,Fine,Dry,None,None,1,1,Pedestrian,F,50,Serious,Crossing on facility,None,None,1,Bus/Coach,Going ahead,N,No,N,N,N,Job,M,46,7790,Heavy oil,2
200501CW11133,Slight,2,1,2/8/2005,Tuesday,16:00,Dual motorway ,30,T-junction,Traffic light,Traffic light,Daylight,Fine,Dry,None,None,2,1,Passenger,M,41,Slight,Not pedestrian,Rear seat,None,1,Car,Moving off,N,No,N,N,N,Unknown,M,49,NA,NA,NA
200501CW11133,Slight,2,1,2/8/2005,Tuesday,16:00,Dual motorway ,30,T-junction,Traffic light,Traffic light,Daylight,Fine,Dry,None,None,2,1,Passenger,M,41,Slight,Not pedestrian,Rear seat,None,2,Taxi/Grab,Waiting to/Turning right,N,No,N,N,N,Job,M,45,1800,LPG,12
200501CW11134,Serious,1,2,14/8/2005,Sunday,22:00,Single motorway,30,Not at junction,NA,No physical crossing facility,Lights lit,Fine,Dry,None,None,1,1,Driver,M,20,Serious,Not pedestrian,None,None,1,Car,Going ahead,N,No,N,N,N,Unknown,M,20,1595,Petrol,13
200501CW11134,Serious,1,2,14/8/2005,Sunday,22:00,Single motorway,30,Not at junction,NA,No physical crossing facility,Lights lit,Fine,Dry,None,None,1,2,Passenger,M,20,Slight,Not pedestrian,Front seat,None,1,Car,Going ahead,N,No,N,N,N,Unknown,M,20,1595,Petrol,13
200501CW11136,Slight,2,1,4/9/2005,Sunday,10:05,Single motorway,30,Crossroad,Traffic light,Traffic light,Daylight,Fine,Dry,None,None,1,1,Driver,M,65,Slight,Not pedestrian,None,None,1,Car,Going ahead,N,No,N,N,N,Unknown,M,65,1998,Petrol,8
200501CW11136,Slight,2,1,4/9/2005,Sunday,10:05,Single motorway,30,Crossroad,Traffic light,Traffic light,Daylight,Fine,Dry,None,None,1,1,Driver,M,65,Slight,Not pedestrian,None,None,2,Car,Waiting to/Turning right,N,No,N,N,N,Unknown,M,27,1999,Petrol,3
200501CW11137,Slight,2,1,19/8/2005,Friday,15:20,Single motorway,30,T-junction,Give-way sign,No physical crossing facility,Daylight,Rain,Wet,None,None,2,1,Driver,F,31,Slight,Not pedestrian,None,None,1,Car,Reversing,N,No,Y,N,N,Unknown,M,54,1086,Petrol,NA
200501CW11137,Slight,2,1,19/8/2005,Friday,15:20,Single motorway,30,T-junction,Give-way sign,No physical crossing facility,Daylight,Rain,Wet,None,None,2,1,Driver,F,31,Slight,Not pedestrian,None,None,2,Car,Parking,N,No,N,N,N,Unknown,F,31,3400,LPG,6
200501CW11139,Slight,2,1,23/8/2005,Tuesday,5:00,Single motorway,30,Crossroad,Traffic light,Traffic light,Lights lit,Fine,Dry,None,None,1,1,Driver,F,27,Slight,Not pedestrian,None,None,1,Car,Waiting to/Turning right,N,No,N,N,N,Unknown,F,27,998,Petrol,10
200501CW11139,Slight,2,1,23/8/2005,Tuesday,5:00,Single motorway,30,Crossroad,Traffic light,Traffic light,Lights lit,Fine,Dry,None,None,1,1,Driver,F,27,Slight,Not pedestrian,None,None,2,Goods Van,Going ahead,N,No,N,N,N,Job,M,-1,2402,Heavy oil,2
200501CW11141,Slight,2,1,18/8/2005,Thursday,17:45,Single motorway,30,Not at junction,NA,No physical crossing facility,Daylight,Fine,Dry,None,None,1,1,Driver,M,29,Slight,Not pedestrian,None,None,1,Motorcycle,Parking,N,No,N,N,N,Job,M,29,124,Petrol,2
200501CW11141,Slight,2,1,18/8/2005,Thursday,17:45,Single motorway,30,Not at junction,NA,No physical crossing facility,Daylight,Fine,Dry,None,None,1,1,Driver,M,29,Slight,Not pedestrian,None,None,2,Car,Moving off,N,No,N,N,N,Unknown,F,41,NA,NA,NA
200501CW11142,Slight,2,1,3/8/2005,Wednesday,19:30,Single motorway,30,T-junction,Give-way sign,No physical crossing facility,Daylight,Fine,Dry,None,None,1,1,Driver,M,20,Slight,Not pedestrian,None,None,1,Motorcycle,Going ahead,N,No,N,N,N,Unknown,M,20,85,Petrol,4
200501CW11142,Slight,2,1,3/8/2005,Wednesday,19:30,Single motorway,30,T-junction,Give-way sign,No physical crossing facility,Daylight,Fine,Dry,None,None,1,1,Driver,M,20,Slight,Not pedestrian,None,None,2,Motorcycle,Waiting to/Turning left,N,No,N,N,N,Unknown,M,-1,125,Petrol,1
200501CW11143,Slight,2,1,23/7/2005,Saturday,21:45,One way street,30,T-junction,Give-way sign,No physical crossing facility,Lights lit,Rain,Wet,None,None,1,1,Driver,M,34,Slight,Not pedestrian,None,None,1,Motorcycle,Going ahead,N,No,Y,N,N,Unknown,M,34,599,Petrol,5
200501CW11143,Slight,2,1,23/7/2005,Saturday,21:45,One way street,30,T-junction,Give-way sign,No physical crossing facility,Lights lit,Rain,Wet,None,None,1,1,Driver,M,34,Slight,Not pedestrian,None,None,2,Car,Waiting to/Turning right,N,No,N,N,N,Unknown,M,54,NA,NA,NA
200501CW11144,Slight,1,1,14/8/2005,Sunday,2:30,Single motorway,30,T-junction,Give-way sign,No physical crossing facility,Lights lit,Rain,Wet,None,None,1,1,Pedestrian,F,32,Slight,Elsewhere,None,None,1,Car,Reversing,N,No,N,N,N,Unknown,M,-1,1997,Petrol,11
200501CW11145,Slight,2,1,24/11/2005,Thursday,15:15,Single motorway,30,T-junction,Give-way sign,No physical crossing facility,Daylight,Fine,Dry,None,None,1,1,Driver,F,55,Slight,Not pedestrian,None,None,1,Bicycle,Going ahead,N,No,N,N,N,Unknown,F,55,NA,NA,NA
200501CW11145,Slight,2,1,24/11/2005,Thursday,15:15,Single motorway,30,T-junction,Give-way sign,No physical crossing facility,Daylight,Fine,Dry,None,None,1,1,Driver,F,55,Slight,Not pedestrian,None,None,2,Car,Waiting to/Turning left,N,No,N,N,N,Unknown,M,-1,3199,Petrol,5
200501CW11146,Slight,2,2,30/8/2005,Tuesday,14:29,Single motorway,30,T-junction,Give-way sign,No physical crossing facility,Daylight,Fine,Dry,None,None,1,1,Passenger,F,32,Slight,Not pedestrian,None,Standing,1,Bus/Coach,Going ahead,N,No,N,N,N,Job,M,32,8268,Heavy oil,2
200501CW11146,Slight,2,2,30/8/2005,Tuesday,14:29,Single motorway,30,T-junction,Give-way sign,No physical crossing facility,Daylight,Fine,Dry,None,None,1,1,Passenger,F,32,Slight,Not pedestrian,None,Standing,2,Car,Waiting to/Turning left,N,No,N,N,N,Unknown,M,-1,NA,NA,NA
200501CW11146,Slight,2,2,30/8/2005,Tuesday,14:29,Single motorway,30,T-junction,Give-way sign,No physical crossing facility,Daylight,Fine,Dry,None,None,1,2,Passenger,F,46,Slight,Not pedestrian,None,Standing,1,Bus/Coach,Going ahead,N,No,N,N,N,Job,M,32,8268,Heavy oil,2
200501CW11146,Slight,2,2,30/8/2005,Tuesday,14:29,Single motorway,30,T-junction,Give-way sign,No physical crossing facility,Daylight,Fine,Dry,None,None,1,2,Passenger,F,46,Slight,Not pedestrian,None,Standing,2,Car,Waiting to/Turning left,N,No,N,N,N,Unknown,M,-1,NA,NA,NA
200501CW11147,Serious,2,1,2/8/2005,Tuesday,14:00,Single motorway,30,T-junction,Traffic light,Traffic light,Daylight,Fine,Dry,None,None,1,1,Driver,M,27,Serious,Not pedestrian,None,None,1,Bicycle,Waiting,N,No,N,N,N,Unknown,M,27,NA,NA,NA
200501CW11147,Serious,2,1,2/8/2005,Tuesday,14:00,Single motorway,30,T-junction,Traffic light,Traffic light,Daylight,Fine,Dry,None,None,1,1,Driver,M,27,Serious,Not pedestrian,None,None,2,Car,Going ahead,N,No,N,N,N,Unknown,M,-1,NA,NA,NA
200501CW11148,Slight,2,1,3/8/2005,Wednesday,22:30,Single motorway,30,T-junction,Traffic light,Traffic light,Lights lit,Fine,Dry,None,None,1,1,Driver,M,35,Slight,Not pedestrian,None,None,1,Motorcycle,Moving off,N,No,N,N,N,Unknown,M,35,125,Petrol,2
200501CW11148,Slight,2,1,3/8/2005,Wednesday,22:30,Single motorway,30,T-junction,Traffic light,Traffic light,Lights lit,Fine,Dry,None,None,1,1,Driver,M,35,Slight,Not pedestrian,None,None,2,Taxi/Grab,Going ahead,N,No,N,N,N,Job,M,-1,2664,Heavy oil,9
200501CW11151,Slight,2,1,10/8/2005,Wednesday,8:35,Dual motorway ,30,Crossroad,Give-way sign,Zebra crossing,Daylight,Fine,Dry,None,None,1,1,Driver,M,28,Slight,Not pedestrian,None,None,1,Bicycle,Going ahead,N,No,N,N,N,Unknown,M,28,NA,NA,NA
200501CW11151,Slight,2,1,10/8/2005,Wednesday,8:35,Dual motorway ,30,Crossroad,Give-way sign,Zebra crossing,Daylight,Fine,Dry,None,None,1,1,Driver,M,28,Slight,Not pedestrian,None,None,2,Car,Waiting to/Turning left,N,No,N,N,N,Unknown,M,41,2494,Petrol,1
200501CW11152,Slight,2,1,20/7/2005,Wednesday,13:00,Single motorway,30,Crossroad,Give-way sign,Zebra crossing,Daylight,Fine,Dry,None,None,1,1,Driver,M,30,Slight,Not pedestrian,None,None,1,Motorcycle,Waiting to/Turning left,N,No,N,N,N,Unknown,M,30,49,Petrol,1
200501CW11152,Slight,2,1,20/7/2005,Wednesday,13:00,Single motorway,30,Crossroad,Give-way sign,Zebra crossing,Daylight,Fine,Dry,None,None,1,1,Driver,M,30,Slight,Not pedestrian,None,None,2,Unknown,Going ahead,N,No,N,N,N,Job,M,37,NA,NA,NA
200501CW11153,Slight,2,1,2/9/2005,Friday,18:40,Single motorway,30,Not at junction,NA,No physical crossing facility,Daylight,Fine,Dry,None,None,2,1,Driver,F,37,Slight,Not pedestrian,None,None,1,Car,Parking,N,No,N,N,N,Unknown,M,51,NA,NA,NA
200501CW11153,Slight,2,1,2/9/2005,Friday,18:40,Single motorway,30,Not at junction,NA,No physical crossing facility,Daylight,Fine,Dry,None,None,2,1,Driver,F,37,Slight,Not pedestrian,None,None,2,Bicycle,Going ahead,N,No,N,N,N,Unknown,F,37,NA,NA,NA
200501CW11155,Slight,1,1,2/9/2005,Friday,10:17,Single motorway,30,Crossroad,Traffic light,Traffic light,Daylight,Fine,Dry,Oil,None,1,1,Driver,M,26,Slight,Not pedestrian,None,None,1,Motorcycle,Waiting to/Turning left,N,No,N,N,N,Unknown,M,26,600,Petrol,6
200501CW11156,Slight,2,1,2/9/2005,Friday,12:05,Single motorway,30,T-junction,Give-way sign,No physical crossing facility,Daylight,Fine,Dry,None,None,1,1,Driver,M,-1,Slight,Not pedestrian,None,None,1,Motorcycle,Changing lane,N,No,N,N,N,Unknown,M,-1,742,Petrol,8
200501CW11156,Slight,2,1,2/9/2005,Friday,12:05,Single motorway,30,T-junction,Give-way sign,No physical crossing facility,Daylight,Fine,Dry,None,None,1,1,Driver,M,-1,Slight,Not pedestrian,None,None,2,Car,Going ahead,N,No,N,N,N,Unknown,NA,-1,NA,NA,NA
200501CW11157,Slight,2,1,2/9/2005,Friday,17:14,Single motorway,30,T-junction,Give-way sign,No physical crossing facility,Daylight,Fine,Dry,None,None,1,1,Passenger,M,15,Slight,Not pedestrian,Front seat,None,1,Car,Waiting to/Turning right,N,No,N,N,N,Unknown,F,70,1998,Petrol,6
200501CW11157,Slight,2,1,2/9/2005,Friday,17:14,Single motorway,30,T-junction,Give-way sign,No physical crossing facility,Daylight,Fine,Dry,None,None,1,1,Passenger,M,15,Slight,Not pedestrian,Front seat,None,2,Motorcycle,Going ahead,N,No,N,N,N,Unknown,M,-1,NA,NA,NA
200501CW11161,Slight,2,1,5/9/2005,Monday,12:14,Single motorway,30,Crossroad,Give-way sign,No physical crossing facility,Daylight,Fine,Dry,None,None,1,1,Driver,M,52,Slight,Not pedestrian,None,None,1,Taxi/Grab,Going ahead,N,No,N,N,N,Unknown,M,52,NA,NA,NA