Accident_Index,Accident_Severity,Number_of_Vehicles,Number_of_Casualties,Date,Day_of_Week,Time,Road_Type,Speed_Limit,Junction_Detail,Junction_Control,Pedestrian_Crossing_Type,Light_Conditions,Weather_Conditions,Road_Surface_Conditions,Special_Conditions_at_Site,Road_Hazards,Vehicle_Reference.x,Casualty_Reference,Casualty_Class,Sex_of_Casualty,Age_of_Casualty,Casualty_Severity,Pedestrian_Location,Car_Passenger,Bus_or_Coach_Passenger,Vehicle_Reference.y,Vehicle_Type,Vehicle_Manoeuvre,Vehicle_in_Restricted_Lane,Skidding_and_Overturning,Hit_Object_on_Road,Vehicle_veer_off_Road,Hit_Object_off_Road,Journey_Purpose_of_Driver,Sex_of_Driver,Age_of_Driver,Engine_Capacity_CC,Engine_Type,Age_of_Vehicle
200501CW11217,Slight,2,1,16/9/2005,Friday,10:30,One way street,30,Crossroad,Give-way sign,No physical crossing facility,Daylight,Fine,Dry,None,None,2,1,Driver,M,30,Slight,Not pedestrian,None,None,2,Bicycle,Going ahead,N,No,N,N,N,Unknown,M,30,NA,NA,NA
200501CW11219,Slight,2,1,15/9/2005,Thursday,9:05,Single motorway,30,T-junction,Give-way sign,Zebra crossing,Daylight,Fine,Dry,None,None,2,1,Driver,M,30,Slight,Not pedestrian,None,None,1,Car,Waiting to/Turning left,N,No,N,N,N,Unknown,M,41,NA,NA,NA
200501CW11219,Slight,2,1,15/9/2005,Thursday,9:05,Single motorway,30,T-junction,Give-way sign,Zebra crossing,Daylight,Fine,Dry,None,None,2,1,Driver,M,30,Slight,Not pedestrian,None,None,2,Bicycle,Overtaking,N,No,N,N,N,Unknown,M,30,NA,NA,NA
200501CW11220,Slight,1,1,15/9/2005,Thursday,12:10,Single motorway,30,Crossroad,Traffic light,Traffic light,Daylight,Rain,Wet,None,None,1,1,Pedestrian,F,41,Slight,Crossing on facility,None,None,1,Car,Waiting to/Turning right,N,No,N,N,N,Unknown,M,26,1580,Petrol,13
200501CW11221,Slight,1,1,12/9/2005,Monday,9:29,Single motorway,30,More than 4 sections,Traffic light,No physical crossing facility,Daylight,Fine,Dry,None,None,1,1,Pedestrian,F,58,Slight,Elsewhere,None,None,1,Motorcycle,Going ahead,N,No,N,N,N,Unknown,M,27,125,Petrol,NA
200501CW11222,Slight,2,1,12/9/2005,Monday,20:37,Roundabout,30,Roundabout,Traffic light,Traffic light,Lights lit,Fine,Dry,None,None,2,1,Driver,F,28,Slight,Not pedestrian,None,None,1,Car,Waiting to/Turning right,N,No,N,N,N,Unknown,M,32,2498,Petrol,8
200501CW11222,Slight,2,1,12/9/2005,Monday,20:37,Roundabout,30,Roundabout,Traffic light,Traffic light,Lights lit,Fine,Dry,None,None,2,1,Driver,F,28,Slight,Not pedestrian,None,None,2,Motorcycle,Waiting to/Turning right,N,No,N,N,N,Unknown,F,28,NA,NA,NA
200501CW11223,Slight,1,1,11/9/2005,Sunday,3:44,One way street,30,Not at junction,NA,No physical crossing facility,Lights lit,Fine,Dry,None,None,1,1,Pedestrian,M,35,Slight,Elsewhere,None,None,1,Car,Going ahead,N,No,Y,Y,N,Unknown,M,-1,NA,NA,NA
200501CW11224,Slight,2,2,12/9/2005,Monday,6:20,One way street,30,Crossroad,Traffic light,Traffic light,Daylight,Fine,Dry,None,None,1,1,Driver,M,45,Slight,Not pedestrian,None,None,1,Car,Going ahead,N,No,N,N,N,Unknown,M,45,NA,NA,NA
200501CW11224,Slight,2,2,12/9/2005,Monday,6:20,One way street,30,Crossroad,Traffic light,Traffic light,Daylight,Fine,Dry,None,None,1,1,Driver,M,45,Slight,Not pedestrian,None,None,2,Taxi/Grab,Going ahead,N,No,N,N,N,Job,M,63,1998,Petrol,2
200501CW11224,Slight,2,2,12/9/2005,Monday,6:20,One way street,30,Crossroad,Traffic light,Traffic light,Daylight,Fine,Dry,None,None,2,2,Driver,M,63,Slight,Not pedestrian,None,None,1,Car,Going ahead,N,No,N,N,N,Unknown,M,45,NA,NA,NA
200501CW11224,Slight,2,2,12/9/2005,Monday,6:20,One way street,30,Crossroad,Traffic light,Traffic light,Daylight,Fine,Dry,None,None,2,2,Driver,M,63,Slight,Not pedestrian,None,None,2,Taxi/Grab,Going ahead,N,No,N,N,N,Job,M,63,1998,Petrol,2
200501CW11225,Serious,2,1,6/9/2005,Tuesday,10:29,Dual motorway ,50,Not at junction,NA,No physical crossing facility,Daylight,Fine,Dry,None,None,1,1,Driver,M,45,Serious,Not pedestrian,None,None,1,Motorcycle,Overtaking,N,No,N,N,N,Unknown,M,45,499,Petrol,4
200501CW11225,Serious,2,1,6/9/2005,Tuesday,10:29,Dual motorway ,50,Not at junction,NA,No physical crossing facility,Daylight,Fine,Dry,None,None,1,1,Driver,M,45,Serious,Not pedestrian,None,None,2,Car,Going ahead,N,No,N,N,N,Unknown,M,39,2151,Heavy oil,6
200501CW11226,Slight,2,1,11/9/2005,Sunday,16:37,Single motorway,30,T-junction,Give-way sign,Zebra crossing,Daylight,Fine,Dry,None,None,2,1,Passenger,F,46,Slight,Not pedestrian,Front seat,None,1,Car,Halting,N,No,N,N,N,Unknown,M,36,2959,Petrol,14
200501CW11226,Slight,2,1,11/9/2005,Sunday,16:37,Single motorway,30,T-junction,Give-way sign,Zebra crossing,Daylight,Fine,Dry,None,None,2,1,Passenger,F,46,Slight,Not pedestrian,Front seat,None,2,Car,Going ahead,N,No,N,N,N,Unknown,M,-1,1781,Petrol,12
200501CW11227,Slight,1,1,10/9/2005,Saturday,12:05,Single motorway,30,More than 4 sections,Traffic light,Traffic light,Daylight,Fine,Dry,None,None,1,1,Pedestrian,M,35,Slight,Crossing on facility,None,None,1,Car,Reversing,N,No,N,N,N,Unknown,F,26,NA,NA,NA
200501CW11228,Serious,1,1,17/9/2005,Saturday,20:16,Single motorway,30,T-junction,Give-way sign,Zebra crossing,Lights lit,Fine,Dry,None,None,1,1,Pedestrian,M,6,Serious,Unknown,None,None,1,Car,Going ahead,N,No,N,N,N,Unknown,M,46,NA,NA,NA
200501CW11229,Slight,1,1,17/9/2005,Saturday,21:55,Single motorway,30,Crossroad,Traffic light,Traffic light,Lights lit,Fine,Dry,None,None,1,1,Pedestrian,M,20,Slight,Unknown,None,None,1,Bus/Coach,Going ahead,N,No,N,N,N,Job,M,30,8268,Heavy oil,2
200501CW11230,Slight,2,1,21/8/2005,Sunday,16:40,Single motorway,30,T-junction,Give-way sign,No physical crossing facility,Daylight,Fine,Dry,None,None,2,1,Driver,M,67,Slight,Not pedestrian,None,None,1,Car,Going ahead,N,No,N,N,N,Unknown,F,33,1590,Petrol,12
200501CW11230,Slight,2,1,21/8/2005,Sunday,16:40,Single motorway,30,T-junction,Give-way sign,No physical crossing facility,Daylight,Fine,Dry,None,None,2,1,Driver,M,67,Slight,Not pedestrian,None,None,2,Bicycle,Waiting to/Turning right,N,No,N,N,N,Unknown,M,67,NA,NA,NA
200501CW11232,Slight,2,1,14/9/2005,Wednesday,6:22,Roundabout,30,Roundabout,Give-way sign,Zebra crossing,Daylight,Unknown,Dry,None,None,2,1,Driver,M,35,Slight,Not pedestrian,None,None,1,Car,Going ahead,N,No,N,N,N,Unknown,F,32,NA,NA,NA
200501CW11232,Slight,2,1,14/9/2005,Wednesday,6:22,Roundabout,30,Roundabout,Give-way sign,Zebra crossing,Daylight,Unknown,Dry,None,None,2,1,Driver,M,35,Slight,Not pedestrian,None,None,2,Bicycle,Going ahead,N,No,N,N,N,Unknown,M,35,NA,NA,NA
200501CW11233,Slight,1,1,29/8/2005,Monday,19:46,Single motorway,30,Not at junction,NA,No physical crossing facility,Daylight,Fine,Dry,None,None,1,1,Pedestrian,F,26,Slight,Elsewhere,None,None,1,Motorcycle,Overtaking,N,No,N,N,N,Unknown,M,24,124,Petrol,3
200501CW11236,Slight,2,1,19/8/2005,Friday,10:05,Single motorway,30,Crossroad,Traffic light,Traffic light,Daylight,Rain,Wet,None,None,1,1,Driver,F,26,Slight,Not pedestrian,None,None,1,Motorcycle,Overtaking,N,Skid,N,N,N,Unknown,F,26,NA,NA,NA
200501CW11236,Slight,2,1,19/8/2005,Friday,10:05,Single motorway,30,Crossroad,Traffic light,Traffic light,Daylight,Rain,Wet,None,None,1,1,Driver,F,26,Slight,Not pedestrian,None,None,2,Car,Waiting to/Turning right,N,No,N,N,N,Unknown,NA,-1,NA,NA,NA
200501CW11237,Slight,1,1,5/9/2005,Monday,19:05,Single motorway,30,Crossroad,Traffic light,No physical crossing facility,Daylight,Fine,Dry,None,None,1,1,Passenger,F,50,Slight,Not pedestrian,None,Seated,1,Bus/Coach,Waiting to/Turning right,N,No,N,N,N,Job,M,67,6370,Heavy oil,2
200501CW11238,Slight,1,1,21/8/2005,Sunday,17:00,Dual motorway ,30,T-junction,Traffic light,Traffic light,Daylight,Fine,Dry,None,None,1,1,Driver,M,39,Slight,Not pedestrian,None,None,1,Motorcycle,Halting,N,No,N,N,N,Unknown,M,39,599,Petrol,6
200501CW11239,Slight,1,2,8/9/2005,Thursday,12:30,Single motorway,30,Not at junction,NA,No physical crossing facility,Daylight,Fine,Dry,None,None,1,1,Pedestrian,M,46,Slight,Elsewhere,None,None,1,Motorcycle,Going ahead,N,No,N,N,N,Unknown,M,40,NA,NA,NA
200501CW11239,Slight,1,2,8/9/2005,Thursday,12:30,Single motorway,30,Not at junction,NA,No physical crossing facility,Daylight,Fine,Dry,None,None,1,2,Driver,M,40,Slight,Not pedestrian,None,None,1,Motorcycle,Going ahead,N,No,N,N,N,Unknown,M,40,NA,NA,NA
200501CW11240,Slight,2,1,31/8/2005,Wednesday,1:25,One way street,30,Not at junction,NA,Zebra crossing,Lights lit,Fine,Dry,None,None,2,1,Driver,M,39,Slight,Not pedestrian,None,None,1,Car,Going ahead,N,No,N,N,N,Unknown,M,25,1896,Heavy oil,NA
200501CW11240,Slight,2,1,31/8/2005,Wednesday,1:25,One way street,30,Not at junction,NA,Zebra crossing,Lights lit,Fine,Dry,None,None,2,1,Driver,M,39,Slight,Not pedestrian,None,None,2,Bicycle,Going ahead,N,No,N,N,N,Unknown,M,39,NA,NA,NA
200501CW11242,Slight,2,1,8/9/2005,Thursday,16:30,Single motorway,30,Not at junction,NA,No physical crossing facility,Daylight,Fine,Dry,None,None,1,1,Driver,M,22,Slight,Not pedestrian,None,None,1,Bicycle,Going ahead,N,No,N,N,N,Unknown,M,22,NA,NA,NA
200501CW11242,Slight,2,1,8/9/2005,Thursday,16:30,Single motorway,30,Not at junction,NA,No physical crossing facility,Daylight,Fine,Dry,None,None,1,1,Driver,M,22,Slight,Not pedestrian,None,None,2,Car,Moving off,N,No,N,N,N,Unknown,F,26,2000,Heavy oil,NA
200501CW11243,Slight,1,1,26/7/2005,Tuesday,7:20,One way street,30,T-junction,Give-way sign,No physical crossing facility,Daylight,Fine,Dry,None,None,1,1,Pedestrian,M,17,Slight,Sidewalk,None,None,1,Goods Van,Going ahead,N,No,Y,N,N,Job,M,41,2463,Heavy oil,2
200501CW11245,Slight,2,1,14/6/2005,Tuesday,8:30,Dual motorway ,30,Crossroad,Traffic light,Traffic light,Daylight,Fine,Dry,None,None,1,1,Driver,M,47,Slight,Not pedestrian,None,None,1,Car,Waiting,N,No,N,N,N,Unknown,M,47,1391,Petrol,8
200501CW11245,Slight,2,1,14/6/2005,Tuesday,8:30,Dual motorway ,30,Crossroad,Traffic light,Traffic light,Daylight,Fine,Dry,None,None,1,1,Driver,M,47,Slight,Not pedestrian,None,None,2,Goods Van,Going ahead,N,No,N,N,N,Unknown,M,-1,NA,NA,NA
200501CW11249,Slight,1,1,19/9/2005,Monday,0:40,Single motorway,30,Crossroad,Traffic light,Traffic light,Lights lit,Fine,Dry,None,None,1,1,Pedestrian,F,20,Slight,Crossing within 50m of facility,None,None,1,Goods Van,Going ahead,N,No,N,N,N,Unknown,M,-1,NA,NA,NA
200501CW11250,Slight,1,1,26/9/2005,Monday,14:20,Single motorway,30,T-junction,Give-way sign,No physical crossing facility,Daylight,Fine,Dry,None,None,1,1,Passenger,M,63,Slight,Not pedestrian,None,Standing,1,Bus/Coach,Moving off,N,No,N,N,N,Job,M,-1,NA,NA,NA
200501CW11251,Slight,1,1,25/9/2005,Sunday,21:50,Single motorway,30,T-junction,Give-way sign,Non-junction pedestrian light crossing,Lights lit,Fine,Dry,None,None,1,1,Pedestrian,M,23,Slight,Crossing within 50m of facility,None,None,1,Taxi/Grab,Going ahead,N,No,N,N,N,Unknown,M,35,2664,Heavy oil,5
200501CW11253,Slight,1,1,18/9/2005,Sunday,1:37,Single motorway,30,T-junction,Traffic light,Traffic light,Lights lit,Fine,Dry,None,None,1,1,Passenger,F,26,Slight,Not pedestrian,None,Standing,1,Bus/Coach,Going ahead,N,No,N,N,N,Unknown,M,-1,NA,NA,NA
200501CW11254,Slight,2,1,15/9/2005,Thursday,13:09,Single motorway,30,T-junction,Give-way sign,Zebra crossing,Daylight,Fine,Dry,None,None,1,1,Driver,M,41,Slight,Not pedestrian,None,None,1,Motorcycle,Going ahead,N,No,N,N,N,Unknown,M,41,918,Petrol,7
200501CW11254,Slight,2,1,15/9/2005,Thursday,13:09,Single motorway,30,T-junction,Give-way sign,Zebra crossing,Daylight,Fine,Dry,None,None,1,1,Driver,M,41,Slight,Not pedestrian,None,None,2,Goods Van,Waiting to/Turning right,N,No,N,N,N,Unknown,M,21,2496,Heavy oil,9
200501CW11255,Slight,1,1,22/9/2005,Thursday,17:23,Single motorway,30,More than 4 sections,Traffic light,Traffic light,Daylight,Fine,Dry,None,None,1,1,Pedestrian,F,55,Slight,Crossing within 50m of facility,None,None,1,Motorcycle,Waiting to/Turning left,N,No,N,N,N,Unknown,M,33,124,Petrol,NA
200501CW11256,Slight,2,1,22/9/2005,Thursday,8:35,Single motorway,30,T-junction,Give-way sign,No physical crossing facility,Daylight,Fine,Dry,None,None,1,1,Driver,M,22,Slight,Not pedestrian,None,None,1,Motorcycle,Halting,N,No,N,N,N,Unknown,M,22,124,Petrol,5
200501CW11256,Slight,2,1,22/9/2005,Thursday,8:35,Single motorway,30,T-junction,Give-way sign,No physical crossing facility,Daylight,Fine,Dry,None,None,1,1,Driver,M,22,Slight,Not pedestrian,None,None,2,Car,Going ahead,N,No,N,N,N,Unknown,M,-1,NA,NA,NA
200501CW11257,Slight,2,1,22/9/2005,Thursday,20:02,Single motorway,30,Crossroad,Traffic light,Traffic light,Lights lit,Fine,Dry,None,None,2,1,Driver,F,-1,Slight,Not pedestrian,None,None,1,Car,Waiting to/Turning right,N,No,N,N,N,Unknown,M,30,1896,Heavy oil,8
200501CW11257,Slight,2,1,22/9/2005,Thursday,20:02,Single motorway,30,Crossroad,Traffic light,Traffic light,Lights lit,Fine,Dry,None,None,2,1,Driver,F,-1,Slight,Not pedestrian,None,None,2,Bicycle,Going ahead,N,No,N,N,N,Unknown,F,-1,NA,NA,NA
200501CW11258,Slight,1,1,23/9/2005,Friday,14:35,Single motorway,30,Not at junction,NA,No physical crossing facility,Daylight,Rain,Wet,None,None,1,1,Pedestrian,F,57,Slight,Elsewhere,None,None,1,Car,Going ahead,N,No,N,N,N,Unknown,M,43,1332,Petrol,NA
200501CW11260,Slight,2,1,17/9/2005,Saturday,1:55,One way street,30,Crossroad,Give-way sign,No physical crossing facility,Lights lit,Fine,Dry,None,None,1,1,Driver,M,21,Slight,Not pedestrian,None,None,1,Motorcycle,Overtaking,N,No,N,N,N,Unknown,M,21,937,Petrol,11
200501CW11260,Slight,2,1,17/9/2005,Saturday,1:55,One way street,30,Crossroad,Give-way sign,No physical crossing facility,Lights lit,Fine,Dry,None,None,1,1,Driver,M,21,Slight,Not pedestrian,None,None,2,Car,Waiting to/Turning right,N,No,N,N,N,Unknown,F,31,1581,Petrol,9
200501CW11261,Slight,2,1,20/9/2005,Tuesday,1:02,Single motorway,30,T-junction,Give-way sign,Zebra crossing,Lights lit,Fine,Dry,None,None,1,1,Driver,M,37,Slight,Not pedestrian,None,None,1,Motorcycle,Going ahead,N,No,N,N,N,Unknown,M,37,125,Petrol,1
200501CW11261,Slight,2,1,20/9/2005,Tuesday,1:02,Single motorway,30,T-junction,Give-way sign,Zebra crossing,Lights lit,Fine,Dry,None,None,1,1,Driver,M,37,Slight,Not pedestrian,None,None,2,Car,U-turn,N,No,N,N,N,Unknown,M,-1,1229,Petrol,NA
200501CW11264,Slight,2,1,23/9/2005,Friday,7:35,Single motorway,30,T-junction,Traffic light,Traffic light,Daylight,Fine,Dry,None,None,1,1,Driver,M,32,Slight,Not pedestrian,None,None,1,Car,Going ahead,N,No,N,N,N,Unknown,M,32,1600,Petrol,NA
200501CW11264,Slight,2,1,23/9/2005,Friday,7:35,Single motorway,30,T-junction,Traffic light,Traffic light,Daylight,Fine,Dry,None,None,1,1,Driver,M,32,Slight,Not pedestrian,None,None,2,Car,Going ahead,N,No,N,N,N,Unknown,M,49,3222,Heavy oil,2
200501CW11265,Slight,2,3,20/9/2005,Tuesday,20:09,Single motorway,30,Not at junction,NA,No physical crossing facility,Daylight,Fine,Dry,None,None,1,2,Passenger,F,40,Slight,Not pedestrian,Rear seat,None,1,Car,Halting,N,No,N,N,N,Job,M,38,3222,Heavy oil,1
200501CW11265,Slight,2,3,20/9/2005,Tuesday,20:09,Single motorway,30,Not at junction,NA,No physical crossing facility,Daylight,Fine,Dry,None,None,1,2,Passenger,F,40,Slight,Not pedestrian,Rear seat,None,2,Taxi/Grab,Halting,N,No,N,N,N,Job,M,61,2979,Petrol,1
200501CW11265,Slight,2,3,20/9/2005,Tuesday,20:09,Single motorway,30,Not at junction,NA,No physical crossing facility,Daylight,Fine,Dry,None,None,1,3,Passenger,F,10,Slight,Not pedestrian,Rear seat,None,1,Car,Halting,N,No,N,N,N,Job,M,38,3222,Heavy oil,1
200501CW11265,Slight,2,3,20/9/2005,Tuesday,20:09,Single motorway,30,Not at junction,NA,No physical crossing facility,Daylight,Fine,Dry,None,None,1,3,Passenger,F,10,Slight,Not pedestrian,Rear seat,None,2,Taxi/Grab,Halting,N,No,N,N,N,Job,M,61,2979,Petrol,1
200501CW11265,Slight,2,3,20/9/2005,Tuesday,20:09,Single motorway,30,Not at junction,NA,No physical crossing facility,Daylight,Fine,Dry,None,None,2,1,Driver,M,61,Slight,Not pedestrian,None,None,1,Car,Halting,N,No,N,N,N,Job,M,38,3222,Heavy oil,1
200501CW11265,Slight,2,3,20/9/2005,Tuesday,20:09,Single motorway,30,Not at junction,NA,No physical crossing facility,Daylight,Fine,Dry,None,None,2,1,Driver,M,61,Slight,Not pedestrian,None,None,2,Taxi/Grab,Halting,N,No,N,N,N,Job,M,61,2979,Petrol,1
200501CW11266,Slight,2,1,9/9/2005,Friday,8:09,Dual motorway ,50,Not at junction,NA,No physical crossing facility,Daylight,Fine,Dry,None,None,1,1,Driver,M,40,Slight,Not pedestrian,None,None,1,Motorcycle,Going ahead,N,No,N,N,N,Unknown,M,40,599,Petrol,4
200501CW11266,Slight,2,1,9/9/2005,Friday,8:09,Dual motorway ,50,Not at junction,NA,No physical crossing facility,Daylight,Fine,Dry,None,None,1,1,Driver,M,40,Slight,Not pedestrian,None,None,2,Car,Changing lane,N,No,N,N,N,Unknown,M,-1,NA,NA,NA
200501CW11267,Slight,1,1,20/7/2005,Wednesday,14:40,Single motorway,30,T-junction,Give-way sign,No physical crossing facility,Daylight,Fine,Dry,None,None,1,1,Pedestrian,F,82,Slight,Elsewhere,None,None,1,Goods Van,Reversing,N,No,N,N,N,Job,M,26,2400,Heavy oil,1
200501CW11268,Slight,2,1,30/8/2005,Tuesday,23:26,One way street,30,T-junction,Traffic light,Traffic light,Lights lit,Fine with strong winds,Dry,None,None,2,1,Driver,M,42,Slight,Not pedestrian,None,None,1,Car,Parking,N,No,N,N,N,Unknown,M,23,NA,NA,NA
200501CW11268,Slight,2,1,30/8/2005,Tuesday,23:26,One way street,30,T-junction,Traffic light,Traffic light,Lights lit,Fine with strong winds,Dry,None,None,2,1,Driver,M,42,Slight,Not pedestrian,None,None,2,Bicycle,Going ahead,N,No,Y,N,N,Unknown,M,42,NA,NA,NA
200501CW11270,Slight,1,1,22/9/2005,Thursday,13:23,Single motorway,30,Not at junction,NA,No physical crossing facility,Daylight,Fine,Dry,None,None,1,1,Pedestrian,M,39,Slight,Unknown,None,None,1,Goods Van,Reversing,N,No,N,N,N,Job,M,32,1686,Heavy oil,1
200501CW11271,Slight,1,1,29/9/2005,Thursday,17:07,Single motorway,30,More than 4 sections,Traffic light,Traffic light,Daylight,Fine,Dry,None,None,1,1,Pedestrian,F,30,Slight,Crossing on facility,None,None,1,Motorcycle,Going ahead,N,No,N,N,N,Unknown,NA,-1,124,Petrol,3
200501CW11272,Slight,2,1,13/9/2005,Tuesday,13:00,Dual motorway ,30,T-junction,Traffic light,Traffic light,Daylight,Fine,Dry,None,None,2,1,Driver,M,39,Slight,Not pedestrian,None,None,1,Goods Van,Halting,N,No,N,N,N,Job,M,28,2664,Heavy oil,2
200501CW11272,Slight,2,1,13/9/2005,Tuesday,13:00,Dual motorway ,30,T-junction,Traffic light,Traffic light,Daylight,Fine,Dry,None,None,2,1,Driver,M,39,Slight,Not pedestrian,None,None,2,Bicycle,Going ahead,N,No,N,N,N,Unknown,M,39,NA,NA,NA
200501CW11273,Slight,2,1,29/9/2005,Thursday,17:42,Roundabout,30,Roundabout,Give-way sign,No physical crossing facility,Daylight,Fine,Dry,None,None,2,1,Driver,F,34,Slight,Not pedestrian,None,None,1,Car,Going ahead,N,No,N,N,N,Unknown,M,38,1995,Heavy oil,3
200501CW11273,Slight,2,1,29/9/2005,Thursday,17:42,Roundabout,30,Roundabout,Give-way sign,No physical crossing facility,Daylight,Fine,Dry,None,None,2,1,Driver,F,34,Slight,Not pedestrian,None,None,2,Bicycle,Changing lane,N,No,N,N,N,Unknown,F,34,NA,NA,NA
200501CW11276,Slight,2,1,27/9/2005,Tuesday,19:41,Single motorway,30,T-junction,Traffic light,Traffic light,Lights lit,Fine,Dry,None,None,2,1,Driver,M,42,Slight,Not pedestrian,None,None,1,Car,Waiting to/Turning right,N,No,N,N,N,Unknown,M,20,1598,Petrol,4
200501CW11276,Slight,2,1,27/9/2005,Tuesday,19:41,Single motorway,30,T-junction,Traffic light,Traffic light,Lights lit,Fine,Dry,None,None,2,1,Driver,M,42,Slight,Not pedestrian,None,None,2,Bicycle,Going ahead,N,No,N,N,N,Unknown,M,42,NA,NA,NA
200501CW11278,Slight,1,1,28/8/2005,Sunday,12:20,Single motorway,30,Crossroad,Traffic light,Traffic light,Daylight,Fine,Dry,None,None,1,1,Pedestrian,M,26,Slight,Footbridge,None,None,1,Agri-vehicle,Waiting to/Turning right,N,No,N,N,N,Job,M,44,3990,Heavy oil,3
200501CW11279,Slight,1,1,26/9/2005,Monday,18:25,Single motorway,30,Crossroad,Traffic light,Traffic light,Lights lit,Fine,Dry,None,None,1,1,Pedestrian,M,24,Slight,Unknown,None,None,1,Bus/Coach,Going ahead,N,No,N,N,N,Job,M,-1,NA,Heavy oil,39
200501CW11280,Slight,1,1,28/9/2005,Wednesday,15:40,One way street,30,Crossroad,Give-way sign,No physical crossing facility,Daylight,Fine,Dry,None,None,1,1,Pedestrian,M,34,Slight,Elsewhere,None,None,1,Car,Waiting to/Turning right,N,No,N,N,N,Job,M,29,NA,NA,NA
200501CW11281,Slight,1,1,27/9/2005,Tuesday,14:40,Single motorway,30,Not at junction,NA,No physical crossing facility,Daylight,Fine,Dry,None,None,1,1,Pedestrian,M,35,Slight,Elsewhere,None,None,1,Taxi/Grab,Going ahead,N,No,N,N,N,Unknown,M,56,2402,Heavy oil,3
200501CW11282,Slight,1,1,16/9/2005,Friday,9:50,Single motorway,30,T-junction,Give-way sign,No physical crossing facility,Daylight,Fine,Dry,None,None,1,1,Pedestrian,F,55,Slight,Elsewhere,None,None,1,Car,Waiting to/Turning left,N,No,N,N,N,Unknown,M,45,3246,Petrol,3
200501CW11284,Slight,2,1,26/9/2005,Monday,15:25,Single motorway,30,T-junction,Give-way sign,No physical crossing facility,Daylight,Fine,Dry,None,None,1,1,Driver,M,-1,Slight,Not pedestrian,None,None,1,Motorcycle,Waiting to/Turning right,N,No,N,N,N,Unknown,M,-1,NA,NA,NA
200501CW11284,Slight,2,1,26/9/2005,Monday,15:25,Single motorway,30,T-junction,Give-way sign,No physical crossing facility,Daylight,Fine,Dry,None,None,1,1,Driver,M,-1,Slight,Not pedestrian,None,None,2,Car,Going ahead,N,No,N,N,N,Unknown,NA,-1,NA,NA,NA
200501CW11285,Slight,1,1,13/9/2005,Tuesday,13:04,Single motorway,30,Not at junction,NA,No physical crossing facility,Daylight,Fine,Dry,None,None,1,1,Passenger,F,84,Slight,Not pedestrian,None,Seated,1,Bus/Coach,Going ahead,N,No,N,N,N,Unknown,M,-1,NA,NA,NA
200501CW11288,Slight,2,1,30/9/2005,Friday,7:25,One way street,30,Crossroad,Traffic light,Traffic light,Daylight,Fine,Dry,None,None,1,1,Driver,M,21,Slight,Not pedestrian,None,None,1,Bicycle,Going ahead,N,No,N,N,N,Unknown,M,21,NA,NA,NA
200501CW11288,Slight,2,1,30/9/2005,Friday,7:25,One way street,30,Crossroad,Traffic light,Traffic light,Daylight,Fine,Dry,None,None,1,1,Driver,M,21,Slight,Not pedestrian,None,None,2,Bus/Coach,Going ahead,N,No,N,N,N,Job,M,-1,NA,NA,NA
200501CW11289,Slight,1,2,9/9/2005,Friday,15:15,Dual motorway ,30,Not at junction,NA,Non-junction pedestrian light crossing,Daylight,Rain,Wet,None,None,1,1,Driver,M,37,Slight,Not pedestrian,None,None,1,Motorcycle,Going ahead,N,No,N,N,N,Unknown,M,37,124,Petrol,2
200501CW11289,Slight,1,2,9/9/2005,Friday,15:15,Dual motorway ,30,Not at junction,NA,Non-junction pedestrian light crossing,Daylight,Rain,Wet,None,None,1,2,Pedestrian,F,56,Slight,Crossing on facility,None,None,1,Motorcycle,Going ahead,N,No,N,N,N,Unknown,M,37,124,Petrol,2
200501CW11290,Slight,2,1,20/9/2005,Tuesday,23:10,Single motorway,30,T-junction,Give-way sign,No physical crossing facility,Lights lit,Fine,Dry,None,None,2,1,Driver,M,27,Slight,Not pedestrian,None,None,1,Car,U-turn,N,No,N,N,N,Unknown,M,23,NA,NA,NA
200501CW11290,Slight,2,1,20/9/2005,Tuesday,23:10,Single motorway,30,T-junction,Give-way sign,No physical crossing facility,Lights lit,Fine,Dry,None,None,2,1,Driver,M,27,Slight,Not pedestrian,None,None,2,Motorcycle,Going ahead,N,Skid,N,N,N,Unknown,M,27,599,Petrol,3
200501CW11292,Slight,1,1,27/9/2005,Tuesday,9:40,Single motorway,30,T-junction,Traffic light,No physical crossing facility,Daylight,Rain,Wet,None,None,1,1,Driver,M,33,Slight,Not pedestrian,None,None,1,Motorcycle,Waiting to/Turning left,N,No,N,N,N,Unknown,M,33,150,Petrol,4
200501CW11293,Slight,2,1,3/10/2005,Monday,21:56,Single motorway,30,T-junction,Give-way sign,No physical crossing facility,Lights lit,Fine,Dry,None,None,1,1,Driver,M,48,Slight,Not pedestrian,None,None,1,Bicycle,Going ahead,N,No,N,N,N,Unknown,M,48,NA,NA,NA
200501CW11293,Slight,2,1,3/10/2005,Monday,21:56,Single motorway,30,T-junction,Give-way sign,No physical crossing facility,Lights lit,Fine,Dry,None,None,1,1,Driver,M,48,Slight,Not pedestrian,None,None,2,Motorcycle,Waiting to/Turning right,N,No,N,N,N,Unknown,NA,-1,NA,NA,NA
200501CW11298,Slight,1,1,26/9/2005,Monday,23:19,Single motorway,30,Not at junction,NA,No physical crossing facility,Lights lit,Fine,Dry,None,None,1,1,Pedestrian,M,42,Slight,Unknown,None,None,1,Car,Going ahead,N,No,N,N,N,Unknown,M,-1,NA,NA,NA