Accident_Index,Accident_Severity,Number_of_Vehicles,Number_of_Casualties,Date,Day_of_Week,Time,Road_Type,Speed_Limit,Junction_Detail,Junction_Control,Pedestrian_Crossing_Type,Light_Conditions,Weather_Conditions,Road_Surface_Conditions,Special_Conditions_at_Site,Road_Hazards,Vehicle_Reference.x,Casualty_Reference,Casualty_Class,Sex_of_Casualty,Age_of_Casualty,Casualty_Severity,Pedestrian_Location,Car_Passenger,Bus_or_Coach_Passenger,Vehicle_Reference.y,Vehicle_Type,Vehicle_Manoeuvre,Vehicle_in_Restricted_Lane,Skidding_and_Overturning,Hit_Object_on_Road,Vehicle_veer_off_Road,Hit_Object_off_Road,Journey_Purpose_of_Driver,Sex_of_Driver,Age_of_Driver,Engine_Capacity_CC,Engine_Type,Age_of_Vehicle
200501CW11300,Slight,2,1,6/10/2005,Thursday,8:15,Single motorway,30,T-junction,Give-way sign,No physical crossing facility,Daylight,Fine,Dry,None,None,2,1,Driver,M,27,Slight,Not pedestrian,None,None,1,Goods Van,Overtaking,N,No,N,N,N,Job,M,32,NA,Heavy oil,9
200501CW11300,Slight,2,1,6/10/2005,Thursday,8:15,Single motorway,30,T-junction,Give-way sign,No physical crossing facility,Daylight,Fine,Dry,None,None,2,1,Driver,M,27,Slight,Not pedestrian,None,None,2,Bicycle,Waiting to/Turning right,N,No,N,N,N,To/From Work,M,27,NA,NA,NA
200501CW11302,Slight,2,1,5/10/2005,Wednesday,19:50,Single motorway,30,Not at junction,NA,No physical crossing facility,Lights unlit,Fine,Dry,None,None,1,1,Driver,M,19,Slight,Not pedestrian,None,None,1,Bicycle,Going ahead,Y,No,N,N,N,Unknown,M,19,NA,NA,NA
200501CW11302,Slight,2,1,5/10/2005,Wednesday,19:50,Single motorway,30,Not at junction,NA,No physical crossing facility,Lights unlit,Fine,Dry,None,None,1,1,Driver,M,19,Slight,Not pedestrian,None,None,2,Car,Parking,Y,No,N,N,N,Unknown,M,33,NA,NA,NA
200501CW11304,Slight,2,1,24/9/2005,Saturday,22:30,Dual motorway ,30,Crossroad,Traffic light,Traffic light,Lights lit,Fine,Dry,None,None,2,1,Driver,M,23,Slight,Not pedestrian,None,None,1,Car,Going ahead,N,No,N,N,N,Unknown,F,24,1596,Petrol,NA
200501CW11304,Slight,2,1,24/9/2005,Saturday,22:30,Dual motorway ,30,Crossroad,Traffic light,Traffic light,Lights lit,Fine,Dry,None,None,2,1,Driver,M,23,Slight,Not pedestrian,None,None,2,Motorcycle,Waiting to/Turning right,N,Skid,N,N,N,Unknown,M,23,125,Petrol,2
200501CW11306,Slight,2,1,24/9/2005,Saturday,10:25,Single motorway,30,Crossroad,Traffic light,No physical crossing facility,Daylight,Fine,Dry,None,None,1,1,Driver,F,36,Slight,Not pedestrian,None,None,1,Bicycle,Waiting to/Turning left,N,No,N,N,N,Unknown,F,36,NA,NA,NA
200501CW11306,Slight,2,1,24/9/2005,Saturday,10:25,Single motorway,30,Crossroad,Traffic light,No physical crossing facility,Daylight,Fine,Dry,None,None,1,1,Driver,F,36,Slight,Not pedestrian,None,None,2,Motorcycle,Waiting to/Turning left,N,No,N,N,N,Unknown,NA,-1,NA,NA,NA
200501CW11307,Slight,2,3,26/9/2005,Monday,2:13,Single motorway,30,Crossroad,Traffic light,Traffic light,Lights lit,Fine,Dry,None,None,1,1,Passenger,M,22,Slight,Not pedestrian,Front seat,None,1,Car,Going ahead,N,No,N,N,N,Unknown,F,21,1108,Petrol,10
200501CW11307,Slight,2,3,26/9/2005,Monday,2:13,Single motorway,30,Crossroad,Traffic light,Traffic light,Lights lit,Fine,Dry,None,None,1,1,Passenger,M,22,Slight,Not pedestrian,Front seat,None,2,Taxi/Grab,Going ahead,N,No,N,N,N,Job,M,46,3226,Heavy oil,4
200501CW11307,Slight,2,3,26/9/2005,Monday,2:13,Single motorway,30,Crossroad,Traffic light,Traffic light,Lights lit,Fine,Dry,None,None,1,2,Passenger,M,21,Slight,Not pedestrian,Rear seat,None,1,Car,Going ahead,N,No,N,N,N,Unknown,F,21,1108,Petrol,10
200501CW11307,Slight,2,3,26/9/2005,Monday,2:13,Single motorway,30,Crossroad,Traffic light,Traffic light,Lights lit,Fine,Dry,None,None,1,2,Passenger,M,21,Slight,Not pedestrian,Rear seat,None,2,Taxi/Grab,Going ahead,N,No,N,N,N,Job,M,46,3226,Heavy oil,4
200501CW11307,Slight,2,3,26/9/2005,Monday,2:13,Single motorway,30,Crossroad,Traffic light,Traffic light,Lights lit,Fine,Dry,None,None,2,3,Passenger,M,47,Slight,Not pedestrian,Rear seat,None,1,Car,Going ahead,N,No,N,N,N,Unknown,F,21,1108,Petrol,10
200501CW11307,Slight,2,3,26/9/2005,Monday,2:13,Single motorway,30,Crossroad,Traffic light,Traffic light,Lights lit,Fine,Dry,None,None,2,3,Passenger,M,47,Slight,Not pedestrian,Rear seat,None,2,Taxi/Grab,Going ahead,N,No,N,N,N,Job,M,46,3226,Heavy oil,4
200501CW11308,Slight,2,1,22/9/2005,Thursday,12:30,Dual motorway ,30,T-junction,Give-way sign,No physical crossing facility,Daylight,Fine,Dry,None,None,1,1,Driver,M,29,Slight,Not pedestrian,None,None,1,Bicycle,Going ahead,N,No,N,N,N,Unknown,M,29,NA,NA,NA
200501CW11308,Slight,2,1,22/9/2005,Thursday,12:30,Dual motorway ,30,T-junction,Give-way sign,No physical crossing facility,Daylight,Fine,Dry,None,None,1,1,Driver,M,29,Slight,Not pedestrian,None,None,2,Car,Going ahead,N,No,N,N,N,Unknown,M,40,NA,NA,NA
200501CW11309,Slight,1,1,21/9/2005,Wednesday,8:50,Single motorway,30,Crossroad,Traffic light,Traffic light,Daylight,Fine,Dry,None,None,1,1,Pedestrian,F,13,Slight,Unknown,None,None,1,Bus/Coach,Going ahead,N,No,N,N,N,Unknown,M,-1,NA,NA,NA
200501CW11310,Slight,2,1,16/9/2005,Friday,17:08,Single motorway,30,Not at junction,NA,No physical crossing facility,Daylight,Fine,Dry,None,None,1,1,Driver,M,34,Slight,Not pedestrian,None,None,1,Bicycle,Overtaking,N,No,N,N,N,Unknown,M,34,NA,NA,NA
200501CW11310,Slight,2,1,16/9/2005,Friday,17:08,Single motorway,30,Not at junction,NA,No physical crossing facility,Daylight,Fine,Dry,None,None,1,1,Driver,M,34,Slight,Not pedestrian,None,None,2,Car,Going ahead,N,No,N,N,N,Unknown,M,68,NA,NA,NA
200501CW11311,Serious,1,1,20/9/2005,Tuesday,8:16,Single motorway,30,T-junction,Give-way sign,No physical crossing facility,Daylight,Fine,Dry,None,None,1,1,Pedestrian,F,26,Serious,Elsewhere,None,None,1,Car,Waiting to/Turning left,N,No,N,N,N,Unknown,F,42,NA,NA,NA
200501CW11312,Slight,2,1,17/9/2005,Saturday,21:00,Single motorway,30,T-junction,Give-way sign,No physical crossing facility,Lights lit,Fine,Dry,None,None,1,1,Driver,M,29,Slight,Not pedestrian,None,None,1,Motorcycle,Going ahead,N,No,N,N,N,Unknown,M,29,107,Petrol,NA
200501CW11312,Slight,2,1,17/9/2005,Saturday,21:00,Single motorway,30,T-junction,Give-way sign,No physical crossing facility,Lights lit,Fine,Dry,None,None,1,1,Driver,M,29,Slight,Not pedestrian,None,None,2,Car,Moving off,N,No,N,N,N,Unknown,M,-1,NA,NA,NA
200501CW11313,Serious,1,2,16/9/2005,Friday,0:42,Single motorway,30,Not at junction,NA,No physical crossing facility,Lights lit,Rain,Wet,None,None,1,1,Pedestrian,M,42,Serious,Elsewhere,None,None,1,Motorcycle,Going ahead,N,No,N,N,N,Unknown,M,29,124,Petrol,4
200501CW11313,Serious,1,2,16/9/2005,Friday,0:42,Single motorway,30,Not at junction,NA,No physical crossing facility,Lights lit,Rain,Wet,None,None,1,2,Driver,M,29,Slight,Not pedestrian,None,None,1,Motorcycle,Going ahead,N,No,N,N,N,Unknown,M,29,124,Petrol,4
200501CW11314,Slight,2,1,9/9/2005,Friday,14:08,Single motorway,30,Crossroad,Give-way sign,No physical crossing facility,Daylight,Fine,Dry,None,None,2,1,Driver,M,32,Slight,Not pedestrian,None,None,1,Car,Waiting to/Turning left,N,No,N,N,N,Unknown,F,-1,1951,Heavy oil,4
200501CW11314,Slight,2,1,9/9/2005,Friday,14:08,Single motorway,30,Crossroad,Give-way sign,No physical crossing facility,Daylight,Fine,Dry,None,None,2,1,Driver,M,32,Slight,Not pedestrian,None,None,2,Bicycle,Going ahead,N,No,N,N,N,Unknown,M,32,NA,NA,NA
200501CW11315,Slight,1,1,7/9/2005,Wednesday,15:30,Single motorway,30,T-junction,Give-way sign,No physical crossing facility,Daylight,Fine,Dry,None,None,1,1,Passenger,F,78,Slight,Not pedestrian,None,Boarding,1,Bus/Coach,Waiting,N,No,N,N,N,Job,M,57,6370,Heavy oil,2
200501CW11317,Slight,1,1,20/9/2005,Tuesday,16:09,Single motorway,30,T-junction,Give-way sign,No physical crossing facility,Daylight,Fine,Dry,None,None,1,1,Pedestrian,F,67,Slight,Elsewhere,None,None,1,Car,Waiting to/Turning right,N,No,N,N,N,Unknown,M,59,4999,Petrol,2
200501CW11318,Slight,2,1,16/9/2005,Friday,17:56,Roundabout,30,Roundabout,Give-way sign,No physical crossing facility,Daylight,Fine,Dry,None,None,1,1,Driver,M,34,Slight,Not pedestrian,None,None,1,Motorcycle,Going ahead,N,Skid,N,N,N,Unknown,M,34,124,Petrol,1
200501CW11318,Slight,2,1,16/9/2005,Friday,17:56,Roundabout,30,Roundabout,Give-way sign,No physical crossing facility,Daylight,Fine,Dry,None,None,1,1,Driver,M,34,Slight,Not pedestrian,None,None,2,Taxi/Grab,Waiting to/Turning left,N,No,N,N,N,Job,M,-1,NA,NA,NA
200501CW11319,Slight,2,1,28/9/2005,Wednesday,14:19,Single motorway,30,Private entrance,Give-way sign,No physical crossing facility,Daylight,Fine,Dry,None,None,2,1,Driver,M,27,Slight,Not pedestrian,None,None,1,Car,Waiting to/Turning right,N,No,N,N,N,Unknown,F,27,NA,NA,NA
200501CW11319,Slight,2,1,28/9/2005,Wednesday,14:19,Single motorway,30,Private entrance,Give-way sign,No physical crossing facility,Daylight,Fine,Dry,None,None,2,1,Driver,M,27,Slight,Not pedestrian,None,None,2,Motorcycle,Going ahead,N,No,N,N,N,Unknown,M,27,599,Petrol,NA
200501CW11320,Slight,2,1,22/9/2005,Thursday,23:55,Dual motorway ,30,Not at junction,NA,No physical crossing facility,Lights lit,Fine,Dry,None,None,1,1,Driver,M,27,Slight,Not pedestrian,None,None,1,Car,Parking,N,No,N,N,N,Unknown,M,27,NA,NA,NA
200501CW11320,Slight,2,1,22/9/2005,Thursday,23:55,Dual motorway ,30,Not at junction,NA,No physical crossing facility,Lights lit,Fine,Dry,None,None,1,1,Driver,M,27,Slight,Not pedestrian,None,None,2,Car,Overtaking,N,Skid,N,N,N,Unknown,NA,-1,1360,Petrol,11
200501CW11321,Slight,2,1,8/9/2005,Thursday,23:37,Single motorway,30,Not at junction,NA,No physical crossing facility,Lights lit,Fine,Dry,None,None,1,1,Driver,M,41,Slight,Not pedestrian,None,None,1,Bicycle,Going ahead,N,No,N,N,N,Unknown,M,41,NA,NA,NA
200501CW11321,Slight,2,1,8/9/2005,Thursday,23:37,Single motorway,30,Not at junction,NA,No physical crossing facility,Lights lit,Fine,Dry,None,None,1,1,Driver,M,41,Slight,Not pedestrian,None,None,2,Goods Van,Parking,N,No,N,N,N,Unknown,M,60,NA,NA,NA
200501CW11323,Serious,1,1,29/7/2005,Friday,22:28,Single motorway,30,T-junction,Give-way sign,Non-junction pedestrian light crossing,Lights lit,Fine,Dry,None,None,1,1,Pedestrian,F,33,Serious,Crossing on facility,None,None,1,Motorcycle,Going ahead,N,No,N,N,N,Unknown,M,-1,NA,NA,NA
200501CW11324,Slight,2,1,24/7/2005,Sunday,15:30,Single motorway,30,T-junction,Give-way sign,No physical crossing facility,Daylight,Fine,Wet,None,None,1,1,Driver,F,19,Slight,Not pedestrian,None,None,1,Motorcycle,Overtaking,N,Skid,N,N,N,Unknown,F,19,49,Petrol,1
200501CW11324,Slight,2,1,24/7/2005,Sunday,15:30,Single motorway,30,T-junction,Give-way sign,No physical crossing facility,Daylight,Fine,Wet,None,None,1,1,Driver,F,19,Slight,Not pedestrian,None,None,2,Car,Waiting to/Turning left,N,No,N,N,N,Unknown,M,-1,973,Petrol,5
200501CW11326,Serious,2,1,2/8/2005,Tuesday,23:06,Single motorway,30,Not at junction,NA,No physical crossing facility,Lights lit,Fine,Dry,None,None,2,1,Driver,M,26,Serious,Not pedestrian,None,None,1,Car,Moving off,N,No,N,N,N,Unknown,M,53,2151,Heavy oil,4
200501CW11326,Serious,2,1,2/8/2005,Tuesday,23:06,Single motorway,30,Not at junction,NA,No physical crossing facility,Lights lit,Fine,Dry,None,None,2,1,Driver,M,26,Serious,Not pedestrian,None,None,2,Motorcycle,Going ahead,N,No,N,N,N,Unknown,M,26,124,Petrol,NA
200501CW11327,Slight,4,1,1/8/2005,Monday,15:15,Single motorway,30,Crossroad,Traffic light,Traffic light,Daylight,Fine,Dry,None,None,2,1,Passenger,F,18,Slight,Not pedestrian,Front seat,None,1,Car,Going ahead,N,No,N,N,N,Unknown,M,18,1796,Petrol,11
200501CW11327,Slight,4,1,1/8/2005,Monday,15:15,Single motorway,30,Crossroad,Traffic light,Traffic light,Daylight,Fine,Dry,None,None,2,1,Passenger,F,18,Slight,Not pedestrian,Front seat,None,2,Car,Halting,N,No,N,N,N,Unknown,F,-1,2316,Petrol,15
200501CW11327,Slight,4,1,1/8/2005,Monday,15:15,Single motorway,30,Crossroad,Traffic light,Traffic light,Daylight,Fine,Dry,None,None,2,1,Passenger,F,18,Slight,Not pedestrian,Front seat,None,3,Car,Halting,N,No,N,N,N,Unknown,F,63,NA,NA,NA
200501CW11327,Slight,4,1,1/8/2005,Monday,15:15,Single motorway,30,Crossroad,Traffic light,Traffic light,Daylight,Fine,Dry,None,None,2,1,Passenger,F,18,Slight,Not pedestrian,Front seat,None,4,Car,Halting,N,No,N,N,N,Unknown,M,-1,1995,Heavy oil,6
200501CW11328,Slight,3,1,17/4/2005,Sunday,19:30,Dual motorway ,40,Not at junction,NA,No physical crossing facility,Lights lit,Rain,Wet,None,None,1,1,Driver,F,51,Slight,Not pedestrian,None,None,1,Car,Going ahead,N,No,N,N,N,Unknown,F,51,1390,Petrol,8
200501CW11328,Slight,3,1,17/4/2005,Sunday,19:30,Dual motorway ,40,Not at junction,NA,No physical crossing facility,Lights lit,Rain,Wet,None,None,1,1,Driver,F,51,Slight,Not pedestrian,None,None,2,Car,Going ahead,N,No,N,N,N,Unknown,M,34,1590,Petrol,12
200501CW11328,Slight,3,1,17/4/2005,Sunday,19:30,Dual motorway ,40,Not at junction,NA,No physical crossing facility,Lights lit,Rain,Wet,None,None,1,1,Driver,F,51,Slight,Not pedestrian,None,None,3,Car,Going ahead,N,No,N,N,N,Unknown,F,36,3199,Petrol,5
200501CW11329,Slight,2,1,5/8/2005,Friday,21:05,Single motorway,30,Not at junction,NA,No physical crossing facility,Lights lit,Fine,Dry,None,None,2,1,Driver,M,19,Slight,Not pedestrian,None,None,1,Car,Going ahead,N,No,N,N,N,Unknown,M,-1,NA,NA,NA
200501CW11329,Slight,2,1,5/8/2005,Friday,21:05,Single motorway,30,Not at junction,NA,No physical crossing facility,Lights lit,Fine,Dry,None,None,2,1,Driver,M,19,Slight,Not pedestrian,None,None,2,Bicycle,Going ahead,N,No,N,N,N,Unknown,M,19,NA,NA,NA
200501CW11330,Slight,2,1,4/8/2005,Thursday,13:10,Single motorway,30,T-junction,Give-way sign,No physical crossing facility,Daylight,Fine,Dry,None,None,2,1,Driver,F,28,Slight,Not pedestrian,None,None,1,Taxi/Grab,Waiting to/Turning right,N,No,N,N,N,Unknown,M,41,2664,Heavy oil,7
200501CW11330,Slight,2,1,4/8/2005,Thursday,13:10,Single motorway,30,T-junction,Give-way sign,No physical crossing facility,Daylight,Fine,Dry,None,None,2,1,Driver,F,28,Slight,Not pedestrian,None,None,2,Bicycle,Overtaking,N,No,N,N,N,Unknown,F,28,NA,NA,NA
200501CW11331,Slight,2,1,8/8/2005,Monday,18:50,Single motorway,30,More than 4 sections,Traffic light,Traffic light,Daylight,Fine,Dry,None,None,1,1,Driver,F,39,Slight,Not pedestrian,None,None,1,Bicycle,Going ahead,N,No,N,N,N,Unknown,F,39,NA,NA,NA
200501CW11331,Slight,2,1,8/8/2005,Monday,18:50,Single motorway,30,More than 4 sections,Traffic light,Traffic light,Daylight,Fine,Dry,None,None,1,1,Driver,F,39,Slight,Not pedestrian,None,None,2,Car,Waiting to/Turning left,N,No,N,N,N,Unknown,M,37,1870,Heavy oil,13
200501CW11332,Slight,2,1,3/8/2005,Wednesday,15:25,Dual motorway ,30,Not at junction,NA,Crossing with island,Daylight,Fine,Dry,None,None,1,1,Driver,M,40,Slight,Not pedestrian,None,None,1,Motorcycle,Going ahead,N,No,N,N,N,Unknown,M,40,1250,Petrol,3
200501CW11332,Slight,2,1,3/8/2005,Wednesday,15:25,Dual motorway ,30,Not at junction,NA,Crossing with island,Daylight,Fine,Dry,None,None,1,1,Driver,M,40,Slight,Not pedestrian,None,None,2,Car,U-turn,N,No,N,N,N,Unknown,M,84,1390,Petrol,3
200501CW11333,Slight,2,1,27/9/2005,Tuesday,10:40,Single motorway,30,T-junction,Give-way sign,No physical crossing facility,Daylight,Fine,Dry,None,None,2,1,Pedestrian,F,47,Slight,Sidewalk,None,None,1,Car,Parking,N,No,N,N,N,Unknown,F,47,1798,Petrol,6
200501CW11333,Slight,2,1,27/9/2005,Tuesday,10:40,Single motorway,30,T-junction,Give-way sign,No physical crossing facility,Daylight,Fine,Dry,None,None,2,1,Pedestrian,F,47,Slight,Sidewalk,None,None,2,Goods Van,Reversing,N,No,N,N,N,Unknown,M,47,2496,Heavy oil,5
200501CW11337,Slight,1,1,6/8/2005,Saturday,12:30,Single motorway,30,Crossroad,Traffic light,Traffic light,Daylight,Fine,Dry,None,None,1,1,Pedestrian,F,28,Slight,Sidewalk,None,None,1,Bus/Coach,Halting,N,No,N,N,N,Job,M,44,7300,Heavy oil,1
200501CW11338,Slight,2,1,12/9/2005,Monday,19:30,Single motorway,30,T-junction,Traffic light,Traffic light,Daylight,Fine,Dry,None,None,2,1,Passenger,F,35,Slight,Not pedestrian,Rear seat,None,1,Car,Waiting to/Turning left,N,No,N,N,N,Unknown,M,37,2401,Heavy oil,2
200501CW11338,Slight,2,1,12/9/2005,Monday,19:30,Single motorway,30,T-junction,Traffic light,Traffic light,Daylight,Fine,Dry,None,None,2,1,Passenger,F,35,Slight,Not pedestrian,Rear seat,None,2,Taxi/Grab,Going ahead,Y,No,N,N,N,Job,M,52,2496,Heavy oil,10
200501CW11339,Serious,2,1,30/9/2005,Friday,8:06,Single motorway,30,T-junction,Give-way sign,No physical crossing facility,Daylight,Fine,Dry,None,None,1,1,Driver,M,33,Serious,Not pedestrian,None,None,1,Motorcycle,Going ahead,N,Skid,N,N,N,Unknown,M,33,125,Petrol,NA
200501CW11339,Serious,2,1,30/9/2005,Friday,8:06,Single motorway,30,T-junction,Give-way sign,No physical crossing facility,Daylight,Fine,Dry,None,None,1,1,Driver,M,33,Serious,Not pedestrian,None,None,2,Car,Moving off,N,No,N,N,N,Unknown,M,24,1588,Petrol,5
200501CW11340,Slight,2,1,29/9/2005,Thursday,9:00,One way street,30,More than 4 sections,Traffic light,Traffic light,Daylight,Rain,Wet,None,None,2,1,Driver,M,34,Slight,Not pedestrian,None,None,1,Goods Van,Going ahead,N,No,N,N,N,Unknown,M,38,NA,NA,NA
200501CW11340,Slight,2,1,29/9/2005,Thursday,9:00,One way street,30,More than 4 sections,Traffic light,Traffic light,Daylight,Rain,Wet,None,None,2,1,Driver,M,34,Slight,Not pedestrian,None,None,2,Bicycle,Going ahead,N,No,N,N,N,Unknown,M,34,NA,NA,NA
200501CW11341,Slight,1,1,29/9/2005,Thursday,9:25,Single motorway,30,T-junction,Give-way sign,Zebra crossing,Daylight,Fine,Dry,None,None,1,1,Pedestrian,F,41,Slight,Unknown,None,None,1,Bicycle,Going ahead,N,No,N,N,N,Unknown,M,27,NA,NA,NA
200501CW11343,Slight,1,1,2/10/2005,Sunday,2:18,Single motorway,30,T-junction,Give-way sign,No physical crossing facility,Lights lit,Fine,Dry,None,None,1,1,Driver,M,20,Slight,Not pedestrian,None,None,1,Car,Going ahead,N,Skid,Y,Y,Y,Unknown,M,20,1242,Petrol,2
200501CW11344,Slight,2,1,1/10/2005,Saturday,12:15,Single motorway,30,Crossroad,Traffic light,Traffic light,Daylight,Fine,Dry,None,None,1,1,Pedestrian,F,50,Slight,Crossing within 50m of facility,None,None,1,Taxi/Grab,Going ahead,N,No,N,N,N,Job,M,65,2664,Heavy oil,11
200501CW11344,Slight,2,1,1/10/2005,Saturday,12:15,Single motorway,30,Crossroad,Traffic light,Traffic light,Daylight,Fine,Dry,None,None,1,1,Pedestrian,F,50,Slight,Crossing within 50m of facility,None,None,2,Bus/Coach,Moving off,N,No,N,N,N,Job,M,45,NA,NA,NA
200501CW11345,Slight,2,1,5/10/2005,Wednesday,12:12,Single motorway,30,T-junction,Give-way sign,No physical crossing facility,Daylight,Fine,Dry,None,None,1,1,Driver,M,33,Slight,Not pedestrian,None,None,1,Bicycle,Going ahead,N,No,N,N,N,Unknown,M,33,NA,NA,NA
200501CW11345,Slight,2,1,5/10/2005,Wednesday,12:12,Single motorway,30,T-junction,Give-way sign,No physical crossing facility,Daylight,Fine,Dry,None,None,1,1,Driver,M,33,Slight,Not pedestrian,None,None,2,Bus/Coach,Going ahead,N,No,N,N,N,Unknown,NA,-1,NA,NA,NA
200501CW11346,Slight,2,1,12/10/2005,Wednesday,19:08,One way street,30,T-junction,Give-way sign,No physical crossing facility,Lights lit,Rain,Wet,None,None,1,1,Driver,M,35,Slight,Not pedestrian,None,None,1,Motorcycle,Going ahead,N,No,N,N,N,To/From Work,M,35,NA,NA,NA
200501CW11346,Slight,2,1,12/10/2005,Wednesday,19:08,One way street,30,T-junction,Give-way sign,No physical crossing facility,Lights lit,Rain,Wet,None,None,1,1,Driver,M,35,Slight,Not pedestrian,None,None,2,Car,Waiting to/Turning left,N,No,N,N,N,To/From Work,M,44,1995,Heavy oil,2
200501CW11347,Slight,2,2,12/8/2005,Friday,8:32,Single motorway,30,T-junction,Give-way sign,Zebra crossing,Daylight,Fine,Dry,None,None,2,1,Driver,M,50,Slight,Not pedestrian,None,None,1,Car,Waiting to/Turning right,N,No,N,N,N,Unknown,M,46,1995,Petrol,2
200501CW11347,Slight,2,2,12/8/2005,Friday,8:32,Single motorway,30,T-junction,Give-way sign,Zebra crossing,Daylight,Fine,Dry,None,None,2,1,Driver,M,50,Slight,Not pedestrian,None,None,2,Motorcycle,Overtaking,N,No,N,N,N,Unknown,M,50,1130,Petrol,NA
200501CW11347,Slight,2,2,12/8/2005,Friday,8:32,Single motorway,30,T-junction,Give-way sign,Zebra crossing,Daylight,Fine,Dry,None,None,2,2,Passenger,F,20,Slight,Not pedestrian,None,None,1,Car,Waiting to/Turning right,N,No,N,N,N,Unknown,M,46,1995,Petrol,2
200501CW11347,Slight,2,2,12/8/2005,Friday,8:32,Single motorway,30,T-junction,Give-way sign,Zebra crossing,Daylight,Fine,Dry,None,None,2,2,Passenger,F,20,Slight,Not pedestrian,None,None,2,Motorcycle,Overtaking,N,No,N,N,N,Unknown,M,50,1130,Petrol,NA
200501CW11348,Slight,1,1,10/8/2005,Wednesday,9:30,Dual motorway ,30,T-junction,Give-way sign,Non-junction pedestrian light crossing,Daylight,Fine,Dry,None,None,1,1,Driver,M,27,Slight,Not pedestrian,None,None,1,Bicycle,Going ahead,N,No,N,N,N,Unknown,M,27,NA,NA,NA
200501CW11349,Slight,1,1,7/10/2005,Friday,16:52,One way street,30,T-junction,Give-way sign,No physical crossing facility,Daylight,Unknown,Dry,None,None,1,1,Pedestrian,M,77,Slight,Unknown,None,None,1,Car,Waiting to/Turning right,N,No,N,N,N,Unknown,M,42,NA,NA,NA
200501CW11351,Slight,1,1,12/10/2005,Wednesday,10:00,Single motorway,30,Not at junction,NA,No physical crossing facility,Daylight,Fine,Dry,None,None,1,1,Pedestrian,M,60,Slight,Sidewalk,None,None,1,Goods Van,Reversing,N,No,N,N,N,Job,M,41,1997,Heavy oil,4
200501CW11352,Slight,2,1,24/9/2005,Saturday,19:30,Single motorway,30,T-junction,Give-way sign,No physical crossing facility,Daylight,Fine,Dry,None,None,2,1,Driver,F,26,Slight,Not pedestrian,None,None,1,Goods Van,Waiting to/Turning right,N,No,N,N,N,Unknown,M,30,1998,Heavy oil,NA
200501CW11352,Slight,2,1,24/9/2005,Saturday,19:30,Single motorway,30,T-junction,Give-way sign,No physical crossing facility,Daylight,Fine,Dry,None,None,2,1,Driver,F,26,Slight,Not pedestrian,None,None,2,Car,Overtaking,N,No,N,N,N,Unknown,F,26,1991,Petrol,12
200501CW11353,Slight,2,1,30/9/2005,Friday,17:00,Single motorway,30,More than 4 sections,Traffic light,No physical crossing facility,Daylight,Rain,Wet,None,None,2,1,Driver,M,36,Slight,Not pedestrian,None,None,1,Car,Halting,N,No,N,N,N,Unknown,M,50,NA,NA,NA
200501CW11353,Slight,2,1,30/9/2005,Friday,17:00,Single motorway,30,More than 4 sections,Traffic light,No physical crossing facility,Daylight,Rain,Wet,None,None,2,1,Driver,M,36,Slight,Not pedestrian,None,None,2,Motorcycle,Going ahead,N,Skid,N,N,N,Unknown,M,36,124,Petrol,1
200501CW11354,Slight,2,1,1/10/2005,Saturday,20:40,Dual motorway ,40,Not at junction,NA,No physical crossing facility,Lights lit,Fine,Dry,None,None,2,1,Driver,M,36,Slight,Not pedestrian,None,None,1,Goods Van,Changing lane,N,No,N,N,N,Job,M,38,9364,Heavy oil,3
200501CW11354,Slight,2,1,1/10/2005,Saturday,20:40,Dual motorway ,40,Not at junction,NA,No physical crossing facility,Lights lit,Fine,Dry,None,None,2,1,Driver,M,36,Slight,Not pedestrian,None,None,2,Taxi/Grab,Going ahead,N,No,Y,Y,Y,Job,M,36,1905,Heavy oil,7
200501CW11355,Slight,1,1,4/10/2005,Tuesday,10:31,Single motorway,30,Not at junction,NA,Traffic light,Daylight,Fine,Dry,None,None,1,1,Passenger,M,69,Slight,Not pedestrian,None,Standing,1,Bus/Coach,Going ahead,N,No,N,N,N,Job,M,33,8268,Heavy oil,2
200501CW11356,Slight,2,2,6/10/2005,Thursday,19:27,Single motorway,30,Mini-roundabout,Give-way sign,No physical crossing facility,Lights lit,Fine,Dry,None,None,1,1,Driver,M,26,Slight,Not pedestrian,None,None,1,Car,Going ahead,N,No,N,N,N,Unknown,M,26,NA,NA,NA
200501CW11356,Slight,2,2,6/10/2005,Thursday,19:27,Single motorway,30,Mini-roundabout,Give-way sign,No physical crossing facility,Lights lit,Fine,Dry,None,None,1,1,Driver,M,26,Slight,Not pedestrian,None,None,2,Taxi/Grab,Waiting to/Turning left,N,No,N,N,N,Job,M,-1,1996,Petrol,9
200501CW11356,Slight,2,2,6/10/2005,Thursday,19:27,Single motorway,30,Mini-roundabout,Give-way sign,No physical crossing facility,Lights lit,Fine,Dry,None,None,2,2,Passenger,F,27,Slight,Not pedestrian,Rear seat,None,1,Car,Going ahead,N,No,N,N,N,Unknown,M,26,NA,NA,NA
200501CW11356,Slight,2,2,6/10/2005,Thursday,19:27,Single motorway,30,Mini-roundabout,Give-way sign,No physical crossing facility,Lights lit,Fine,Dry,None,None,2,2,Passenger,F,27,Slight,Not pedestrian,Rear seat,None,2,Taxi/Grab,Waiting to/Turning left,N,No,N,N,N,Job,M,-1,1996,Petrol,9