Accident_Index,Accident_Severity,Number_of_Vehicles,Number_of_Casualties,Date,Day_of_Week,Time,Road_Type,Speed_Limit,Junction_Detail,Junction_Control,Pedestrian_Crossing_Type,Light_Conditions,Weather_Conditions,Road_Surface_Conditions,Special_Conditions_at_Site,Road_Hazards,Vehicle_Reference.x,Casualty_Reference,Casualty_Class,Sex_of_Casualty,Age_of_Casualty,Casualty_Severity,Pedestrian_Location,Car_Passenger,Bus_or_Coach_Passenger,Vehicle_Reference.y,Vehicle_Type,Vehicle_Manoeuvre,Vehicle_in_Restricted_Lane,Skidding_and_Overturning,Hit_Object_on_Road,Vehicle_veer_off_Road,Hit_Object_off_Road,Journey_Purpose_of_Driver,Sex_of_Driver,Age_of_Driver,Engine_Capacity_CC,Engine_Type,Age_of_Vehicle
200501CW11357,Slight,1,2,11/8/2005,Thursday,15:58,Single motorway,30,T-junction,Give-way sign,Traffic light,Daylight,Fine,Dry,None,None,1,1,Pedestrian,M,22,Slight,Crossing within 50m of facility,None,None,1,Bus/Coach,Going ahead,N,No,N,N,N,Job,M,33,8268,Heavy oil,2
200501CW11357,Slight,1,2,11/8/2005,Thursday,15:58,Single motorway,30,T-junction,Give-way sign,Traffic light,Daylight,Fine,Dry,None,None,1,2,Pedestrian,M,22,Slight,Crossing within 50m of facility,None,None,1,Bus/Coach,Going ahead,N,No,N,N,N,Job,M,33,8268,Heavy oil,2
200501CW11358,Slight,2,1,3/9/2005,Saturday,13:57,Single motorway,30,T-junction,Traffic light,Traffic light,Daylight,Fine,Dry,None,None,1,1,Driver,M,24,Slight,Not pedestrian,None,None,1,Car,Waiting,N,No,N,N,N,Unknown,M,24,1762,Petrol,6
200501CW11358,Slight,2,1,3/9/2005,Saturday,13:57,Single motorway,30,T-junction,Traffic light,Traffic light,Daylight,Fine,Dry,None,None,1,1,Driver,M,24,Slight,Not pedestrian,None,None,2,Car,Going ahead,N,No,N,N,N,Unknown,F,34,1984,Petrol,1
200501CW11360,Slight,2,1,12/10/2005,Wednesday,11:55,Single motorway,30,T-junction,Give-way sign,No physical crossing facility,Daylight,Fine,Dry,None,None,1,1,Driver,F,27,Slight,Not pedestrian,None,None,1,Car,Halting,N,No,N,N,N,Unknown,F,27,1796,Petrol,2
200501CW11360,Slight,2,1,12/10/2005,Wednesday,11:55,Single motorway,30,T-junction,Give-way sign,No physical crossing facility,Daylight,Fine,Dry,None,None,1,1,Driver,F,27,Slight,Not pedestrian,None,None,2,Goods Van,Reversing,N,No,N,N,N,To/From Work,M,28,4580,Heavy oil,NA
200501CW11364,Slight,2,1,16/8/2005,Tuesday,19:39,One way street,30,Not at junction,NA,No physical crossing facility,Daylight,Fine,Dry,None,None,1,1,Driver,M,19,Slight,Not pedestrian,None,None,1,Motorcycle,Going ahead,N,No,N,N,N,To/From Work,M,19,125,Petrol,NA
200501CW11364,Slight,2,1,16/8/2005,Tuesday,19:39,One way street,30,Not at junction,NA,No physical crossing facility,Daylight,Fine,Dry,None,None,1,1,Driver,M,19,Slight,Not pedestrian,None,None,2,Car,Going ahead,N,No,N,N,N,Job,M,45,1995,Petrol,14
200501CW11365,Serious,2,1,17/8/2005,Wednesday,19:35,Single motorway,30,Not at junction,NA,Zebra crossing,Daylight,Fine,Dry,None,None,1,1,Driver,F,23,Serious,Not pedestrian,None,None,1,Bicycle,Going ahead,N,No,N,N,N,Unknown,F,23,NA,NA,NA
200501CW11365,Serious,2,1,17/8/2005,Wednesday,19:35,Single motorway,30,Not at junction,NA,Zebra crossing,Daylight,Fine,Dry,None,None,1,1,Driver,F,23,Serious,Not pedestrian,None,None,2,Car,Parking,N,No,N,N,N,Job,M,29,NA,NA,NA
200501CW11366,Slight,2,1,26/8/2005,Friday,16:40,Single motorway,30,Crossroad,Traffic light,Traffic light,Daylight,Unknown,Wet,None,None,2,1,Driver,M,68,Slight,Not pedestrian,None,None,1,Taxi/Grab,Waiting to/Turning right,N,No,N,N,N,Job,M,51,2362,Petrol,1
200501CW11366,Slight,2,1,26/8/2005,Friday,16:40,Single motorway,30,Crossroad,Traffic light,Traffic light,Daylight,Unknown,Wet,None,None,2,1,Driver,M,68,Slight,Not pedestrian,None,None,2,Motorcycle,Going ahead,N,Skid,N,N,N,Unknown,M,68,NA,NA,NA
200501CW11368,Slight,2,1,16/8/2005,Tuesday,11:46,Dual motorway ,30,Crossroad,Give-way sign,Crossing with island,Daylight,Fine,Dry,None,None,1,1,Driver,M,36,Slight,Not pedestrian,None,None,1,Motorcycle,Going ahead,N,No,N,N,N,Unknown,M,36,124,Petrol,2
200501CW11368,Slight,2,1,16/8/2005,Tuesday,11:46,Dual motorway ,30,Crossroad,Give-way sign,Crossing with island,Daylight,Fine,Dry,None,None,1,1,Driver,M,36,Slight,Not pedestrian,None,None,2,Car,Waiting to/Turning right,N,No,N,N,N,Unknown,M,28,NA,NA,NA
200501CW11369,Slight,2,1,28/8/2005,Sunday,17:53,One way street,30,T-junction,Give-way sign,No physical crossing facility,Daylight,Fine,Dry,None,None,1,1,Driver,M,27,Slight,Not pedestrian,None,None,1,Bicycle,Waiting to/Turning right,N,No,N,N,N,Unknown,M,27,NA,NA,NA
200501CW11369,Slight,2,1,28/8/2005,Sunday,17:53,One way street,30,T-junction,Give-way sign,No physical crossing facility,Daylight,Fine,Dry,None,None,1,1,Driver,M,27,Slight,Not pedestrian,None,None,2,Car,Going ahead,N,No,N,N,N,Unknown,M,32,NA,NA,NA
200501CW11371,Slight,2,1,8/9/2005,Thursday,11:10,Single motorway,30,T-junction,Give-way sign,Zebra crossing,Daylight,Fine,Dry,None,None,1,1,Driver,M,42,Slight,Not pedestrian,None,None,1,Motorcycle,Going ahead,N,No,N,N,N,Unknown,M,42,49,Petrol,4
200501CW11371,Slight,2,1,8/9/2005,Thursday,11:10,Single motorway,30,T-junction,Give-way sign,Zebra crossing,Daylight,Fine,Dry,None,None,1,1,Driver,M,42,Slight,Not pedestrian,None,None,2,Taxi/Grab,U-turn,N,No,N,N,N,Job,M,69,2664,Heavy oil,7
200501CW11372,Slight,1,1,13/9/2005,Tuesday,9:10,Single motorway,30,T-junction,Give-way sign,No physical crossing facility,Daylight,Fine,Dry,None,None,1,1,Passenger,F,-1,Slight,Not pedestrian,None,Seated,1,Bus/Coach,Halting,N,No,N,N,N,Job,M,50,NA,NA,NA
200501CW11374,Serious,1,1,30/7/2005,Saturday,16:20,Single motorway,30,Crossroad,Traffic light,Traffic light,Daylight,Fine,Dry,None,None,1,1,Pedestrian,M,40,Serious,Crossing within 50m of facility,None,None,1,Bus/Coach,Going ahead,N,No,N,N,N,Job,M,57,NA,NA,NA
200501CW11376,Slight,1,1,3/9/2005,Saturday,13:00,Single motorway,30,T-junction,Traffic light,Traffic light,Daylight,Fine,Dry,None,None,1,1,Pedestrian,M,66,Slight,Unknown,None,None,1,Car,Waiting to/Turning right,N,No,N,N,N,Unknown,M,-1,NA,NA,NA
200501CW11379,Slight,2,1,11/8/2005,Thursday,17:50,One way street,30,Crossroad,Traffic light,Traffic light,Daylight,Fine,Dry,Traffic signal defective,None,1,1,Driver,M,57,Slight,Not pedestrian,None,None,1,Motorcycle,Going ahead,N,No,N,N,N,Unknown,M,57,499,Petrol,4
200501CW11379,Slight,2,1,11/8/2005,Thursday,17:50,One way street,30,Crossroad,Traffic light,Traffic light,Daylight,Fine,Dry,Traffic signal defective,None,1,1,Driver,M,57,Slight,Not pedestrian,None,None,2,Taxi/Grab,Going ahead,N,No,N,N,N,Job,M,-1,2496,Heavy oil,5
200501CW11380,Slight,2,1,5/10/2005,Wednesday,7:40,Single motorway,20,Crossroad,Give-way sign,No physical crossing facility,Daylight,Fine,Dry,None,None,2,1,Driver,M,38,Slight,Not pedestrian,None,None,1,Goods Van,Going ahead,N,No,N,N,N,Unknown,M,51,2476,Heavy oil,2
200501CW11380,Slight,2,1,5/10/2005,Wednesday,7:40,Single motorway,20,Crossroad,Give-way sign,No physical crossing facility,Daylight,Fine,Dry,None,None,2,1,Driver,M,38,Slight,Not pedestrian,None,None,2,Taxi/Grab,Halting,N,No,N,N,N,Job,M,38,2664,Heavy oil,7
200501CW11381,Slight,2,1,18/8/2005,Thursday,15:15,One way street,30,Crossroad,Traffic light,Traffic light,Daylight,Fine,Dry,None,None,1,1,Passenger,M,65,Slight,Not pedestrian,None,Seated,1,Bus/Coach,Going ahead,N,No,N,N,N,Job,M,37,12000,Heavy oil,2
200501CW11381,Slight,2,1,18/8/2005,Thursday,15:15,One way street,30,Crossroad,Traffic light,Traffic light,Daylight,Fine,Dry,None,None,1,1,Passenger,M,65,Slight,Not pedestrian,None,Seated,2,Car,Waiting to/Turning right,N,No,N,N,N,Unknown,M,37,NA,NA,NA
200501CW11382,Slight,2,1,29/9/2005,Thursday,17:20,Single motorway,30,T-junction,Give-way sign,No physical crossing facility,Daylight,Fine,Dry,None,None,1,1,Driver,M,41,Slight,Not pedestrian,None,None,1,Motorcycle,Waiting to/Turning right,N,Skid,N,N,N,Unknown,M,41,NA,NA,NA
200501CW11382,Slight,2,1,29/9/2005,Thursday,17:20,Single motorway,30,T-junction,Give-way sign,No physical crossing facility,Daylight,Fine,Dry,None,None,1,1,Driver,M,41,Slight,Not pedestrian,None,None,2,Goods Van,Moving off,N,No,N,N,N,Unknown,M,34,NA,NA,NA
200501CW11384,Slight,2,1,29/9/2005,Thursday,15:41,Single motorway,30,Crossroad,Traffic light,Traffic light,Daylight,Fine,Dry,None,None,2,1,Driver,M,26,Slight,Not pedestrian,None,None,1,Car,Halting,N,No,N,N,N,Unknown,F,-1,2494,Petrol,4
200501CW11384,Slight,2,1,29/9/2005,Thursday,15:41,Single motorway,30,Crossroad,Traffic light,Traffic light,Daylight,Fine,Dry,None,None,2,1,Driver,M,26,Slight,Not pedestrian,None,None,2,Motorcycle,Going ahead,N,No,N,N,N,Unknown,M,26,498,Petrol,2
200501CW11385,Slight,1,3,24/8/2005,Wednesday,1:19,One way street,30,Not at junction,NA,No physical crossing facility,Lights lit,Fine,Dry,None,None,1,1,Pedestrian,M,58,Slight,Footbridge,None,None,1,Car,Moving off,N,No,Y,Y,N,Unknown,M,32,NA,NA,NA
200501CW11385,Slight,1,3,24/8/2005,Wednesday,1:19,One way street,30,Not at junction,NA,No physical crossing facility,Lights lit,Fine,Dry,None,None,1,2,Pedestrian,F,25,Slight,Footbridge,None,None,1,Car,Moving off,N,No,Y,Y,N,Unknown,M,32,NA,NA,NA
200501CW11385,Slight,1,3,24/8/2005,Wednesday,1:19,One way street,30,Not at junction,NA,No physical crossing facility,Lights lit,Fine,Dry,None,None,1,3,Pedestrian,F,25,Slight,Footbridge,None,None,1,Car,Moving off,N,No,Y,Y,N,Unknown,M,32,NA,NA,NA
200501CW11386,Slight,2,1,22/8/2005,Monday,18:00,Dual motorway ,30,Not at junction,NA,No physical crossing facility,Daylight,Rain,Wet,None,None,1,1,Driver,M,26,Slight,Not pedestrian,None,None,1,Motorcycle,Halting,N,Skid,N,N,N,Unknown,M,26,125,Petrol,5
200501CW11386,Slight,2,1,22/8/2005,Monday,18:00,Dual motorway ,30,Not at junction,NA,No physical crossing facility,Daylight,Rain,Wet,None,None,1,1,Driver,M,26,Slight,Not pedestrian,None,None,2,Taxi/Grab,Halting,N,No,N,N,N,Job,M,34,2664,Heavy oil,5
200501CW11387,Slight,1,1,12/8/2005,Friday,15:15,One way street,30,T-junction,Give-way sign,Non-junction pedestrian light crossing,Daylight,Fine,Dry,None,None,1,1,Passenger,F,35,Slight,Not pedestrian,None,Standing,1,Bus/Coach,Moving off,N,No,N,N,N,Job,M,42,NA,NA,NA
200501CW11388,Slight,2,1,19/8/2005,Friday,8:51,Dual motorway ,30,Crossroad,Traffic light,No physical crossing facility,Daylight,Fine,Wet,None,None,1,1,Passenger,F,29,Slight,Not pedestrian,None,None,1,Motorcycle,Going ahead,N,Skid,N,N,N,Job,M,29,124,Petrol,3
200501CW11388,Slight,2,1,19/8/2005,Friday,8:51,Dual motorway ,30,Crossroad,Traffic light,No physical crossing facility,Daylight,Fine,Wet,None,None,1,1,Passenger,F,29,Slight,Not pedestrian,None,None,2,Car,Halting,N,No,N,N,N,Job,M,28,NA,NA,NA
200501CW11389,Slight,2,1,28/9/2005,Wednesday,12:17,Dual motorway ,30,Crossroad,Give-way sign,No physical crossing facility,Daylight,Fine,Dry,None,None,1,1,Driver,M,36,Slight,Not pedestrian,None,None,1,Motorcycle,Going ahead,N,Skid,Y,Y,Y,Unknown,M,36,NA,NA,NA
200501CW11389,Slight,2,1,28/9/2005,Wednesday,12:17,Dual motorway ,30,Crossroad,Give-way sign,No physical crossing facility,Daylight,Fine,Dry,None,None,1,1,Driver,M,36,Slight,Not pedestrian,None,None,2,Car,Going ahead,N,No,N,N,N,Unknown,M,43,1398,Petrol,3
200501CW11390,Slight,3,2,14/10/2005,Friday,15:00,Single motorway,30,Crossroad,Give-way sign,No physical crossing facility,Daylight,Fine,Dry,None,None,1,1,Driver,M,49,Slight,Not pedestrian,None,None,1,Car,Going ahead,N,No,N,N,N,Unknown,M,49,1769,Petrol,NA
200501CW11390,Slight,3,2,14/10/2005,Friday,15:00,Single motorway,30,Crossroad,Give-way sign,No physical crossing facility,Daylight,Fine,Dry,None,None,1,1,Driver,M,49,Slight,Not pedestrian,None,None,2,Car,Going ahead,N,No,N,N,N,Unknown,F,36,2324,Petrol,3
200501CW11390,Slight,3,2,14/10/2005,Friday,15:00,Single motorway,30,Crossroad,Give-way sign,No physical crossing facility,Daylight,Fine,Dry,None,None,1,1,Driver,M,49,Slight,Not pedestrian,None,None,3,Car,Parking,N,No,N,N,N,Unknown,NA,-1,NA,NA,NA
200501CW11390,Slight,3,2,14/10/2005,Friday,15:00,Single motorway,30,Crossroad,Give-way sign,No physical crossing facility,Daylight,Fine,Dry,None,None,2,2,Driver,F,36,Slight,Not pedestrian,None,None,1,Car,Going ahead,N,No,N,N,N,Unknown,M,49,1769,Petrol,NA
200501CW11390,Slight,3,2,14/10/2005,Friday,15:00,Single motorway,30,Crossroad,Give-way sign,No physical crossing facility,Daylight,Fine,Dry,None,None,2,2,Driver,F,36,Slight,Not pedestrian,None,None,2,Car,Going ahead,N,No,N,N,N,Unknown,F,36,2324,Petrol,3
200501CW11390,Slight,3,2,14/10/2005,Friday,15:00,Single motorway,30,Crossroad,Give-way sign,No physical crossing facility,Daylight,Fine,Dry,None,None,2,2,Driver,F,36,Slight,Not pedestrian,None,None,3,Car,Parking,N,No,N,N,N,Unknown,NA,-1,NA,NA,NA
200501CW11391,Slight,1,1,13/10/2005,Thursday,8:40,Single motorway,30,T-junction,Traffic light,Traffic light,Daylight,Rain,Wet,None,None,1,1,Driver,F,36,Slight,Not pedestrian,None,None,1,Motorcycle,Moving off,N,Skid,N,N,N,Unknown,F,36,124,Petrol,7
200501CW11392,Slight,1,1,27/7/2005,Wednesday,10:40,One way street,30,T-junction,Traffic light,Traffic light,Daylight,Rain,Wet,None,None,1,1,Pedestrian,F,23,Slight,Crossing on facility,None,None,1,Bus/Coach,Overtaking,N,No,N,N,N,Job,M,63,10960,Heavy oil,2
200501CW11394,Slight,1,1,14/10/2005,Friday,18:30,Single motorway,30,Crossroad,Traffic light,Traffic light,Lights lit,Fine,Dry,None,None,1,1,Passenger,F,21,Slight,Not pedestrian,None,Standing,1,Bus/Coach,Moving off,N,No,N,N,N,Job,M,-1,NA,NA,NA
200501CW11395,Slight,2,1,14/10/2005,Friday,21:43,Single motorway,30,Crossroad,Give-way sign,Non-junction pedestrian light crossing,Lights lit,Fine,Dry,None,None,1,1,Passenger,M,57,Slight,Not pedestrian,None,Standing,1,Bus/Coach,Going ahead,N,No,N,N,N,Job,M,31,7300,Heavy oil,1
200501CW11395,Slight,2,1,14/10/2005,Friday,21:43,Single motorway,30,Crossroad,Give-way sign,Non-junction pedestrian light crossing,Lights lit,Fine,Dry,None,None,1,1,Passenger,M,57,Slight,Not pedestrian,None,Standing,2,Car,Waiting to/Turning right,N,No,N,N,N,Unknown,NA,-1,NA,NA,NA
200501CW11396,Serious,1,2,1/10/2005,Saturday,5:30,Single motorway,30,T-junction,Give-way sign,Zebra crossing,Lights lit,Fine,Wet,None,None,1,1,Driver,F,-1,Serious,Not pedestrian,None,None,1,Car,Changing lane,N,No,Y,Y,Y,Unknown,F,-1,1590,Petrol,12
200501CW11396,Serious,1,2,1/10/2005,Saturday,5:30,Single motorway,30,T-junction,Give-way sign,Zebra crossing,Lights lit,Fine,Wet,None,None,1,2,Passenger,F,10,Serious,Not pedestrian,Rear seat,None,1,Car,Changing lane,N,No,Y,Y,Y,Unknown,F,-1,1590,Petrol,12
200501CW11397,Slight,3,1,14/10/2005,Friday,17:00,Dual motorway ,30,Crossroad,Traffic light,Traffic light,Daylight,Fine,Dry,None,None,3,1,Driver,M,13,Slight,Not pedestrian,None,None,1,Car,Waiting,N,No,N,N,N,Unknown,M,46,2521,Petrol,2
200501CW11397,Slight,3,1,14/10/2005,Friday,17:00,Dual motorway ,30,Crossroad,Traffic light,Traffic light,Daylight,Fine,Dry,None,None,3,1,Driver,M,13,Slight,Not pedestrian,None,None,2,Motorcycle,Overtaking,N,Skid and Overturn,N,N,N,Unknown,M,29,500,Petrol,8
200501CW11397,Slight,3,1,14/10/2005,Friday,17:00,Dual motorway ,30,Crossroad,Traffic light,Traffic light,Daylight,Fine,Dry,None,None,3,1,Driver,M,13,Slight,Not pedestrian,None,None,3,Bicycle,Going ahead,N,No,N,N,N,Unknown,M,13,NA,NA,NA
200501CW11399,Slight,2,1,14/10/2005,Friday,11:30,Single motorway,30,Crossroad,Traffic light,No physical crossing facility,Daylight,Fine,Dry,None,None,2,1,Driver,M,30,Slight,Not pedestrian,None,None,1,Taxi/Grab,Going ahead,N,No,N,N,N,Job,M,48,2402,Heavy oil,2
200501CW11399,Slight,2,1,14/10/2005,Friday,11:30,Single motorway,30,Crossroad,Traffic light,No physical crossing facility,Daylight,Fine,Dry,None,None,2,1,Driver,M,30,Slight,Not pedestrian,None,None,2,Car,Waiting to/Turning right,N,No,N,N,N,To/From Work,M,30,1800,Petrol,5
200501CW11400,Serious,2,1,14/8/2005,Sunday,20:16,Single motorway,30,T-junction,Give-way sign,No physical crossing facility,Daylight,Fine,Dry,None,None,2,1,Driver,M,23,Serious,Not pedestrian,None,None,1,Car,Waiting to/Turning right,N,No,N,N,N,Unknown,M,52,1769,Heavy oil,14
200501CW11400,Serious,2,1,14/8/2005,Sunday,20:16,Single motorway,30,T-junction,Give-way sign,No physical crossing facility,Daylight,Fine,Dry,None,None,2,1,Driver,M,23,Serious,Not pedestrian,None,None,2,Motorcycle,Overtaking,N,No,N,N,N,Unknown,M,23,85,Petrol,9
200501CW11401,Slight,2,1,2/10/2005,Sunday,8:40,Single motorway,30,T-junction,Give-way sign,No physical crossing facility,Daylight,Fine,Dry,None,None,2,1,Driver,F,48,Slight,Not pedestrian,None,None,1,Car,Waiting to/Turning left,N,No,N,N,N,Unknown,M,39,1242,Petrol,NA
200501CW11401,Slight,2,1,2/10/2005,Sunday,8:40,Single motorway,30,T-junction,Give-way sign,No physical crossing facility,Daylight,Fine,Dry,None,None,2,1,Driver,F,48,Slight,Not pedestrian,None,None,2,Bicycle,Going ahead,N,No,N,N,N,Unknown,F,48,NA,NA,NA
200501CW11402,Slight,2,1,3/10/2005,Monday,9:47,Single motorway,30,Crossroad,Give-way sign,No physical crossing facility,Daylight,Fine,Dry,None,None,2,1,Driver,M,24,Slight,Not pedestrian,None,None,1,Car,Going ahead,Y,No,N,N,N,Unknown,M,53,1796,Petrol,1
200501CW11402,Slight,2,1,3/10/2005,Monday,9:47,Single motorway,30,Crossroad,Give-way sign,No physical crossing facility,Daylight,Fine,Dry,None,None,2,1,Driver,M,24,Slight,Not pedestrian,None,None,2,Motorcycle,Going ahead,N,No,N,N,N,Unknown,M,24,599,Petrol,3
200501CW11403,Slight,2,1,17/10/2005,Monday,13:20,Single motorway,30,Not at junction,NA,No physical crossing facility,Daylight,Fine,Dry,None,None,1,1,Driver,M,39,Slight,Not pedestrian,None,None,1,Car,Reversing,N,Overturn,N,N,N,Unknown,M,39,998,Petrol,11
200501CW11403,Slight,2,1,17/10/2005,Monday,13:20,Single motorway,30,Not at junction,NA,No physical crossing facility,Daylight,Fine,Dry,None,None,1,1,Driver,M,39,Slight,Not pedestrian,None,None,2,Car,Parking,N,No,N,N,N,Unknown,M,-1,1560,Heavy oil,1
200501CW11405,Slight,1,1,18/10/2005,Tuesday,19:34,Single motorway,30,Not at junction,NA,Non-junction pedestrian light crossing,Lights lit,Rain,Wet,None,None,1,1,Passenger,F,60,Slight,Not pedestrian,None,Alighting,1,Bus/Coach,Halting,N,No,N,N,N,Job,NA,-1,NA,NA,NA
200501CW11406,Serious,1,1,18/10/2005,Tuesday,23:47,Single motorway,30,Unknown,Traffic light,Traffic light,Lights lit,Rain,Wet,None,None,1,1,Pedestrian,M,29,Serious,Crossing on facility,None,None,1,Car,Going ahead,N,No,N,N,N,Unknown,M,59,3222,Heavy oil,2
200501CW11407,Slight,1,1,30/8/2005,Tuesday,0:01,One way street,30,T-junction,Traffic light,Traffic light,Lights lit,Fine,Dry,None,None,1,1,Pedestrian,M,32,Slight,Crossing on facility,None,None,1,Bus/Coach,Going ahead,N,No,N,N,N,Job,F,29,8268,Heavy oil,1
200501CW11408,Slight,1,1,18/10/2005,Tuesday,12:55,Single motorway,30,Crossroad,Traffic light,Traffic light,Daylight,Fine,Dry,None,None,1,1,Pedestrian,M,23,Slight,Crossing within 50m of facility,None,None,1,Car,Waiting to/Turning left,N,No,N,N,N,Unknown,M,44,NA,NA,NA
200501CW11409,Slight,1,1,19/10/2005,Wednesday,22:49,Single motorway,30,Not at junction,NA,No physical crossing facility,Lights lit,Rain,Wet,None,None,1,1,Pedestrian,M,24,Slight,Elsewhere,None,None,1,Taxi/Grab,Going ahead,N,No,N,N,N,Job,M,38,2402,Heavy oil,3
200501CW11411,Slight,1,1,11/10/2005,Tuesday,7:58,Single motorway,30,More than 4 sections,Traffic light,Traffic light,Daylight,Fine,Dry,None,None,1,1,Pedestrian,F,44,Slight,Crossing on facility,None,None,1,Motorcycle,Going ahead,N,No,N,N,N,Unknown,M,31,NA,NA,NA
200501CW11412,Slight,2,1,7/10/2005,Friday,11:55,One way street,30,More than 4 sections,Traffic light,Traffic light,Daylight,Fine,Dry,None,None,2,1,Driver,M,23,Slight,Not pedestrian,None,None,1,Car,Going ahead,N,No,N,N,N,Unknown,M,59,2597,Petrol,4
200501CW11412,Slight,2,1,7/10/2005,Friday,11:55,One way street,30,More than 4 sections,Traffic light,Traffic light,Daylight,Fine,Dry,None,None,2,1,Driver,M,23,Slight,Not pedestrian,None,None,2,Motorcycle,Changing lane,N,No,N,N,N,Unknown,M,23,49,Petrol,NA
200501CW11413,Serious,1,1,7/10/2005,Friday,23:10,Single motorway,30,T-junction,Traffic light,Traffic light,Lights lit,Fine,Dry,None,None,1,1,Pedestrian,M,61,Serious,Unknown,None,None,1,Car,Going ahead,N,No,N,N,N,Unknown,M,-1,1761,Petrol,8
200501CW11414,Slight,1,1,12/10/2005,Wednesday,18:30,Single motorway,30,T-junction,Give-way sign,Zebra crossing,Lights lit,Rain,Wet,None,None,1,1,Pedestrian,F,29,Slight,Crossing on facility,None,None,1,Car,Going ahead,N,No,N,N,N,Job,M,35,1995,Heavy oil,6
200501CW11417,Slight,2,1,8/10/2005,Saturday,21:00,Single motorway,30,Not at junction,NA,No physical crossing facility,Lights lit,Fine,Wet,None,None,2,1,Driver,M,33,Slight,Not pedestrian,None,None,1,Car,Waiting to/Turning left,N,No,N,N,N,Unknown,M,52,NA,NA,NA
200501CW11417,Slight,2,1,8/10/2005,Saturday,21:00,Single motorway,30,Not at junction,NA,No physical crossing facility,Lights lit,Fine,Wet,None,None,2,1,Driver,M,33,Slight,Not pedestrian,None,None,2,Motorcycle,Going ahead,N,No,N,N,N,Unknown,M,33,49,Heavy oil,1
200501CW11418,Slight,1,1,13/10/2005,Thursday,14:17,Dual motorway ,30,Crossroad,Traffic light,Traffic light,Daylight,Fine,Dry,None,None,1,1,Pedestrian,M,38,Slight,Crossing on facility,None,None,1,Motorcycle,Moving off,N,No,N,N,N,Unknown,M,30,124,Petrol,NA
200501CW11419,Slight,1,1,19/12/2005,Monday,11:20,One way street,30,T-junction,Traffic light,Traffic light,Daylight,Fine,Dry,None,None,1,1,Pedestrian,M,36,Slight,Sidewalk,None,None,1,Car,Waiting to/Turning right,N,No,N,N,N,Job,M,58,1596,Petrol,2
200501CW11421,Slight,2,1,23/8/2005,Tuesday,12:50,Dual motorway ,30,Crossroad,Traffic light,Traffic light,Daylight,Fine,Dry,None,None,2,1,Driver,M,22,Slight,Not pedestrian,None,None,1,Goods Van,Halting,N,No,N,N,N,Job,M,59,12130,Heavy oil,6
200501CW11421,Slight,2,1,23/8/2005,Tuesday,12:50,Dual motorway ,30,Crossroad,Traffic light,Traffic light,Daylight,Fine,Dry,None,None,2,1,Driver,M,22,Slight,Not pedestrian,None,None,2,Car,Halting,N,No,N,N,N,Unknown,M,22,1493,Petrol,7
200501CW11423,Slight,2,2,13/10/2005,Thursday,22:21,Single motorway,30,Crossroad,Traffic light,Traffic light,Lights lit,Fine,Dry,None,None,1,1,Passenger,F,32,Slight,Not pedestrian,Rear seat,None,1,Taxi/Grab,Going ahead,N,No,N,N,N,Job,M,46,2664,Heavy oil,5
200501CW11423,Slight,2,2,13/10/2005,Thursday,22:21,Single motorway,30,Crossroad,Traffic light,Traffic light,Lights lit,Fine,Dry,None,None,1,1,Passenger,F,32,Slight,Not pedestrian,Rear seat,None,2,Taxi/Grab,Going ahead,N,No,N,N,N,Job,M,36,NA,NA,NA
200501CW11423,Slight,2,2,13/10/2005,Thursday,22:21,Single motorway,30,Crossroad,Traffic light,Traffic light,Lights lit,Fine,Dry,None,None,2,2,Passenger,F,43,Slight,Not pedestrian,Rear seat,None,1,Taxi/Grab,Going ahead,N,No,N,N,N,Job,M,46,2664,Heavy oil,5
200501CW11423,Slight,2,2,13/10/2005,Thursday,22:21,Single motorway,30,Crossroad,Traffic light,Traffic light,Lights lit,Fine,Dry,None,None,2,2,Passenger,F,43,Slight,Not pedestrian,Rear seat,None,2,Taxi/Grab,Going ahead,N,No,N,N,N,Job,M,36,NA,NA,NA
200501CW11424,Slight,2,1,19/10/2005,Wednesday,17:40,Single motorway,30,Not at junction,NA,No physical crossing facility,Lights lit,Rain,Wet,None,None,2,1,Driver,M,38,Slight,Not pedestrian,None,None,1,Goods Van,Waiting to/Turning right,N,No,N,N,N,Job,M,34,2400,Heavy oil,3
200501CW11424,Slight,2,1,19/10/2005,Wednesday,17:40,Single motorway,30,Not at junction,NA,No physical crossing facility,Lights lit,Rain,Wet,None,None,2,1,Driver,M,38,Slight,Not pedestrian,None,None,2,Motorcycle,Going ahead,N,Skid,N,N,N,To/From Work,M,38,49,Petrol,NA
200501CW11425,Slight,1,1,13/10/2005,Thursday,9:30,Single motorway,30,T-junction,Traffic light,Traffic light,Daylight,Fine,Dry,None,None,1,1,Passenger,F,72,Slight,Not pedestrian,None,Boarding,1,Bus/Coach,Parking,N,No,N,N,N,Job,NA,-1,NA,NA,NA
200501CW11427,Slight,2,1,15/10/2005,Saturday,21:44,Single motorway,30,Not at junction,NA,Zebra crossing,Lights lit,Fine,Dry,None,None,2,1,Driver,F,40,Slight,Not pedestrian,None,None,1,Car,Going ahead,N,No,N,N,N,Unknown,M,31,NA,NA,NA