Accident_Index,Accident_Severity,Number_of_Vehicles,Number_of_Casualties,Date,Day_of_Week,Time,Road_Type,Speed_Limit,Junction_Detail,Junction_Control,Pedestrian_Crossing_Type,Light_Conditions,Weather_Conditions,Road_Surface_Conditions,Special_Conditions_at_Site,Road_Hazards,Vehicle_Reference.x,Casualty_Reference,Casualty_Class,Sex_of_Casualty,Age_of_Casualty,Casualty_Severity,Pedestrian_Location,Car_Passenger,Bus_or_Coach_Passenger,Vehicle_Reference.y,Vehicle_Type,Vehicle_Manoeuvre,Vehicle_in_Restricted_Lane,Skidding_and_Overturning,Hit_Object_on_Road,Vehicle_veer_off_Road,Hit_Object_off_Road,Journey_Purpose_of_Driver,Sex_of_Driver,Age_of_Driver,Engine_Capacity_CC,Engine_Type,Age_of_Vehicle
200501CW11629,Slight,3,1,8/11/2005,Tuesday,8:18,Single motorway,30,Not at junction,NA,No physical crossing facility,Daylight,Fine,Dry,None,None,1,1,Driver,F,35,Slight,Not pedestrian,None,None,3,Car,Parking,N,No,N,N,N,Unknown,F,-1,1124,Petrol,4
200501CW11631,Slight,1,1,25/8/2005,Thursday,14:55,Single motorway,30,T-junction,Traffic light,Traffic light,Daylight,Fine,Dry,None,None,1,1,Pedestrian,M,27,Slight,Crossing on facility,None,None,1,Bus/Coach,Going ahead,N,No,N,N,N,Job,M,48,9200,Heavy oil,1
200501CW11632,Serious,1,1,12/11/2005,Saturday,4:25,One way street,30,Crossroad,Traffic light,Traffic light,Lights lit,Fine,Dry,None,None,1,1,Pedestrian,F,25,Serious,Crossing within 50m of facility,None,None,1,Car,Going ahead,N,No,N,N,N,Unknown,NA,-1,1596,Petrol,14
200501CW11633,Slight,1,1,12/11/2005,Saturday,23:50,Single motorway,30,Crossroad,Traffic light,Traffic light,Lights lit,Fine,Dry,None,None,1,1,Pedestrian,F,24,Slight,Sidewalk,None,None,1,Car,Going ahead,N,No,N,N,N,Job,M,58,NA,NA,NA
200501CW11634,Slight,2,1,12/11/2005,Saturday,17:38,Single motorway,30,Crossroad,Traffic light,Traffic light,Lights lit,Fine,Dry,None,None,2,1,Driver,M,24,Slight,Not pedestrian,None,None,1,Car,Waiting to/Turning left,N,No,N,N,N,Unknown,NA,-1,2171,Petrol,NA
200501CW11634,Slight,2,1,12/11/2005,Saturday,17:38,Single motorway,30,Crossroad,Traffic light,Traffic light,Lights lit,Fine,Dry,None,None,2,1,Driver,M,24,Slight,Not pedestrian,None,None,2,Bicycle,Going ahead,N,No,N,N,N,Unknown,M,24,NA,NA,NA
200501CW11635,Slight,2,1,12/11/2005,Saturday,17:16,Single motorway,30,Crossroad,Traffic light,Traffic light,Daylight,Fine,Dry,None,None,1,1,Driver,M,36,Slight,Not pedestrian,None,None,1,Motorcycle,Going ahead,N,No,N,N,N,Unknown,M,36,1450,Petrol,NA
200501CW11635,Slight,2,1,12/11/2005,Saturday,17:16,Single motorway,30,Crossroad,Traffic light,Traffic light,Daylight,Fine,Dry,None,None,1,1,Driver,M,36,Slight,Not pedestrian,None,None,2,Car,Waiting to/Turning right,N,No,N,N,N,Unknown,M,32,NA,NA,NA
200501CW11636,Slight,2,1,20/10/2005,Thursday,15:00,Single motorway,30,T-junction,Give-way sign,No physical crossing facility,Daylight,Fine,Dry,None,None,1,1,Driver,F,50,Slight,Not pedestrian,None,None,1,Car,Going ahead,N,No,N,N,N,Unknown,F,50,1527,Heavy oil,9
200501CW11636,Slight,2,1,20/10/2005,Thursday,15:00,Single motorway,30,T-junction,Give-way sign,No physical crossing facility,Daylight,Fine,Dry,None,None,1,1,Driver,F,50,Slight,Not pedestrian,None,None,2,Car,Waiting to/Turning right,N,No,N,N,N,Unknown,NA,-1,NA,NA,NA
200501CW11637,Slight,2,1,9/11/2005,Wednesday,17:59,Single motorway,30,Crossroad,Traffic light,Traffic light,Lights lit,Fine,Dry,None,None,2,1,Driver,F,37,Slight,Not pedestrian,None,None,1,Taxi/Grab,Waiting to/Turning right,N,No,N,N,N,Job,M,61,2664,Heavy oil,14
200501CW11637,Slight,2,1,9/11/2005,Wednesday,17:59,Single motorway,30,Crossroad,Traffic light,Traffic light,Lights lit,Fine,Dry,None,None,2,1,Driver,F,37,Slight,Not pedestrian,None,None,2,Bicycle,Going ahead,N,No,N,N,N,Unknown,F,37,NA,NA,NA
200501CW11639,Slight,1,1,9/11/2005,Wednesday,0:05,Slip road,30,Slip road,Traffic light,No physical crossing facility,Lights lit,Rain,Wet,None,None,1,1,Pedestrian,F,61,Slight,Elsewhere,None,None,1,Car,Waiting to/Turning left,N,No,N,N,N,Job,M,54,NA,NA,NA
200501CW11640,Slight,2,1,9/11/2005,Wednesday,15:13,Single motorway,30,T-junction,Give-way sign,No physical crossing facility,Daylight,Fine,Dry,None,None,2,1,Driver,M,27,Slight,Not pedestrian,None,None,1,Car,U-turn,N,No,N,N,N,Unknown,M,25,1364,Bi-fuel,NA
200501CW11640,Slight,2,1,9/11/2005,Wednesday,15:13,Single motorway,30,T-junction,Give-way sign,No physical crossing facility,Daylight,Fine,Dry,None,None,2,1,Driver,M,27,Slight,Not pedestrian,None,None,2,Motorcycle,Going ahead,N,No,N,N,N,Unknown,M,27,125,Petrol,3
200501CW11642,Slight,1,3,10/11/2005,Thursday,13:00,Single motorway,30,Crossroad,Traffic light,Traffic light,Daylight,Fine,Dry,None,None,1,1,Driver,M,41,Slight,Not pedestrian,None,None,1,Motorcycle,Overtaking,N,No,N,N,N,Unknown,M,41,124,Petrol,1
200501CW11642,Slight,1,3,10/11/2005,Thursday,13:00,Single motorway,30,Crossroad,Traffic light,Traffic light,Daylight,Fine,Dry,None,None,1,2,Pedestrian,F,58,Slight,Crossing within 50m of facility,None,None,1,Motorcycle,Overtaking,N,No,N,N,N,Unknown,M,41,124,Petrol,1
200501CW11642,Slight,1,3,10/11/2005,Thursday,13:00,Single motorway,30,Crossroad,Traffic light,Traffic light,Daylight,Fine,Dry,None,None,1,3,Pedestrian,M,-1,Slight,Crossing within 50m of facility,None,None,1,Motorcycle,Overtaking,N,No,N,N,N,Unknown,M,41,124,Petrol,1
200501CW11643,Slight,1,1,6/11/2005,Sunday,3:30,Single motorway,30,Not at junction,NA,No physical crossing facility,Lights lit,Fine,Dry,None,None,1,1,Pedestrian,F,19,Slight,Unknown,None,None,1,Car,Going ahead,N,No,N,N,N,Unknown,NA,-1,NA,NA,NA
200501CW11646,Slight,1,1,16/10/2005,Sunday,13:02,Single motorway,30,Not at junction,NA,No physical crossing facility,Daylight,Fine,Dry,None,None,1,1,Passenger,F,-1,Slight,Not pedestrian,None,Standing,1,Bus/Coach,Going ahead,N,No,N,N,N,Job,M,56,8268,Heavy oil,2
200501CW11647,Slight,1,1,14/11/2005,Monday,19:02,Single motorway,30,T-junction,Give-way sign,No physical crossing facility,Lights lit,Fine,Dry,None,None,1,1,Pedestrian,F,19,Slight,Elsewhere,None,None,1,Car,Going ahead,N,No,N,N,N,Unknown,NA,-1,NA,NA,NA
200501CW11648,Serious,1,1,8/11/2005,Tuesday,19:11,Single motorway,30,Crossroad,Traffic light,No physical crossing facility,Lights lit,Fine,Dry,None,None,1,1,Passenger,M,31,Serious,Not pedestrian,None,Boarding,1,Bus/Coach,Parking,N,No,N,N,N,Job,M,44,6370,Heavy oil,1
200501CW11649,Slight,2,1,18/10/2005,Tuesday,17:30,Dual motorway ,40,T-junction,Give-way sign,No physical crossing facility,Daylight,Fine,Dry,None,None,1,1,Driver,M,26,Slight,Not pedestrian,None,None,1,Bicycle,Overtaking,N,No,N,N,N,Unknown,M,26,NA,NA,NA
200501CW11649,Slight,2,1,18/10/2005,Tuesday,17:30,Dual motorway ,40,T-junction,Give-way sign,No physical crossing facility,Daylight,Fine,Dry,None,None,1,1,Driver,M,26,Slight,Not pedestrian,None,None,2,Car,Waiting to/Turning right,N,No,N,N,N,Job,M,-1,NA,NA,NA
200501CW11650,Slight,2,1,18/10/2005,Tuesday,19:15,Single motorway,30,Roundabout,Give-way sign,No physical crossing facility,Daylight,Fine,Dry,None,None,2,1,Driver,F,-1,Slight,Not pedestrian,None,None,1,Car,Going ahead,N,No,N,N,N,Unknown,M,-1,NA,NA,NA
200501CW11650,Slight,2,1,18/10/2005,Tuesday,19:15,Single motorway,30,Roundabout,Give-way sign,No physical crossing facility,Daylight,Fine,Dry,None,None,2,1,Driver,F,-1,Slight,Not pedestrian,None,None,2,Bicycle,Waiting,N,No,N,N,N,Unknown,F,-1,NA,NA,NA
200501CW11651,Slight,1,1,17/8/2005,Wednesday,14:35,One way street,30,T-junction,Traffic light,No physical crossing facility,Daylight,Fine,Dry,None,None,1,1,Pedestrian,F,44,Slight,Elsewhere,None,None,1,Bus/Coach,Going ahead,N,No,N,N,N,Job,M,37,7300,Heavy oil,1
200501CW11652,Serious,2,1,13/11/2005,Sunday,20:15,Single motorway,30,T-junction,Give-way sign,No physical crossing facility,Lights lit,Fine,Dry,None,None,2,1,Driver,M,39,Serious,Not pedestrian,None,None,1,Car,Waiting to/Turning right,N,No,N,N,N,Unknown,M,29,NA,NA,NA
200501CW11652,Serious,2,1,13/11/2005,Sunday,20:15,Single motorway,30,T-junction,Give-way sign,No physical crossing facility,Lights lit,Fine,Dry,None,None,2,1,Driver,M,39,Serious,Not pedestrian,None,None,2,Motorcycle,Going ahead,N,No,N,N,N,Unknown,M,39,NA,NA,NA
200501CW11653,Slight,1,1,17/11/2005,Thursday,3:01,Single motorway,30,Not at junction,NA,No physical crossing facility,Lights lit,Fine,Dry,None,None,1,1,Pedestrian,M,26,Slight,Elsewhere,None,None,1,Taxi/Grab,Going ahead,N,Skid,N,N,N,Job,M,58,2664,Heavy oil,8
200501CW11654,Slight,1,1,13/11/2005,Sunday,12:50,Single motorway,30,T-junction,Traffic controller,Crossing with island,Daylight,Fine,Dry,None,None,1,1,Pedestrian,M,-1,Slight,Sidewalk,None,None,1,Motorcycle,Halting,N,No,N,N,N,To/From Work,M,42,499,Petrol,NA
200501CW11655,Slight,2,1,18/11/2005,Friday,13:00,Single motorway,30,Crossroad,Traffic light,Traffic light,Daylight,Fine,Dry,None,None,1,1,Driver,M,34,Slight,Not pedestrian,None,None,1,Motorcycle,Overtaking,N,No,N,N,N,Job,M,34,124,Petrol,NA
200501CW11655,Slight,2,1,18/11/2005,Friday,13:00,Single motorway,30,Crossroad,Traffic light,Traffic light,Daylight,Fine,Dry,None,None,1,1,Driver,M,34,Slight,Not pedestrian,None,None,2,Taxi/Grab,U-turn,N,No,N,N,N,Job,M,40,2664,Heavy oil,4
200501CW11656,Serious,2,2,18/11/2005,Friday,19:30,One way street,30,Crossroad,Traffic light,Traffic light,Lights lit,Fine,Dry,None,None,1,1,Passenger,M,33,Slight,Not pedestrian,Front seat,None,1,Car,Going ahead,N,No,N,N,N,Unknown,M,54,NA,NA,NA
200501CW11656,Serious,2,2,18/11/2005,Friday,19:30,One way street,30,Crossroad,Traffic light,Traffic light,Lights lit,Fine,Dry,None,None,1,1,Passenger,M,33,Slight,Not pedestrian,Front seat,None,2,Car,Going ahead,N,No,N,N,N,Unknown,M,58,NA,NA,NA
200501CW11656,Serious,2,2,18/11/2005,Friday,19:30,One way street,30,Crossroad,Traffic light,Traffic light,Lights lit,Fine,Dry,None,None,2,2,Driver,M,58,Serious,Not pedestrian,None,None,1,Car,Going ahead,N,No,N,N,N,Unknown,M,54,NA,NA,NA
200501CW11656,Serious,2,2,18/11/2005,Friday,19:30,One way street,30,Crossroad,Traffic light,Traffic light,Lights lit,Fine,Dry,None,None,2,2,Driver,M,58,Serious,Not pedestrian,None,None,2,Car,Going ahead,N,No,N,N,N,Unknown,M,58,NA,NA,NA
200501CW11659,Serious,1,1,19/11/2005,Saturday,19:58,Single motorway,30,Crossroad,Traffic light,Traffic light,Daylight,Fine,Dry,None,None,1,1,Pedestrian,M,27,Serious,Crossing on facility,None,None,1,Bus/Coach,Going ahead,N,No,N,N,N,Job,M,46,NA,NA,NA
200501CW11660,Slight,2,1,22/10/2005,Saturday,15:35,Single motorway,30,Not at junction,NA,Traffic light,Daylight,Fine,Dry,None,None,1,1,Driver,M,24,Slight,Not pedestrian,None,None,1,Bicycle,Going ahead,N,No,N,N,N,Unknown,M,24,NA,NA,NA
200501CW11660,Slight,2,1,22/10/2005,Saturday,15:35,Single motorway,30,Not at junction,NA,Traffic light,Daylight,Fine,Dry,None,None,1,1,Driver,M,24,Slight,Not pedestrian,None,None,2,Taxi/Grab,U-turn,N,No,N,N,N,Job,F,-1,NA,NA,NA
200501CW11662,Slight,2,1,22/10/2005,Saturday,6:40,Roundabout,30,Roundabout,Give-way sign,No physical crossing facility,Lights lit,Fine,Dry,None,None,1,1,Passenger,F,-1,Slight,Not pedestrian,Rear seat,None,1,Car,Going ahead,N,No,N,N,N,Unknown,M,30,1895,Petrol,5
200501CW11662,Slight,2,1,22/10/2005,Saturday,6:40,Roundabout,30,Roundabout,Give-way sign,No physical crossing facility,Lights lit,Fine,Dry,None,None,1,1,Passenger,F,-1,Slight,Not pedestrian,Rear seat,None,2,Car,Halting,N,No,N,N,N,Unknown,F,-1,1998,Petrol,7
200501CW11664,Slight,2,1,4/11/2005,Friday,7:27,Single motorway,30,T-junction,Give-way sign,No physical crossing facility,Daylight,Fine,Dry,None,None,2,1,Driver,M,32,Slight,Not pedestrian,None,None,1,Car,Waiting to/Turning left,N,No,N,N,N,To/From Work,F,56,NA,NA,NA
200501CW11664,Slight,2,1,4/11/2005,Friday,7:27,Single motorway,30,T-junction,Give-way sign,No physical crossing facility,Daylight,Fine,Dry,None,None,2,1,Driver,M,32,Slight,Not pedestrian,None,None,2,Motorcycle,Going ahead,N,Skid,N,N,N,To/From Work,M,32,NA,NA,NA
200501CW11666,Slight,2,1,25/10/2005,Tuesday,8:40,Single motorway,30,T-junction,Give-way sign,No physical crossing facility,Daylight,Fine,Dry,None,None,1,1,Driver,M,44,Slight,Not pedestrian,None,None,1,Bicycle,Going ahead,N,No,N,N,N,Unknown,M,44,NA,NA,NA
200501CW11666,Slight,2,1,25/10/2005,Tuesday,8:40,Single motorway,30,T-junction,Give-way sign,No physical crossing facility,Daylight,Fine,Dry,None,None,1,1,Driver,M,44,Slight,Not pedestrian,None,None,2,Car,Waiting to/Turning left,N,No,N,N,N,Unknown,M,-1,1769,Heavy oil,13
200501CW11667,Slight,1,1,25/10/2005,Tuesday,19:40,Single motorway,30,T-junction,Give-way sign,No physical crossing facility,Daylight,Fine,Dry,None,None,1,1,Pedestrian,M,-1,Slight,Elsewhere,None,None,1,Taxi/Grab,Going ahead,N,No,N,N,N,Job,M,-1,2664,Heavy oil,5
200501CW11668,Slight,2,1,25/10/2005,Tuesday,12:30,Single motorway,30,Not at junction,NA,No physical crossing facility,Daylight,Fine,Dry,None,None,1,1,Passenger,F,38,Slight,Not pedestrian,None,Seated,1,Bus/Coach,Going ahead,Y,No,N,N,N,Unknown,M,-1,7300,Heavy oil,1
200501CW11668,Slight,2,1,25/10/2005,Tuesday,12:30,Single motorway,30,Not at junction,NA,No physical crossing facility,Daylight,Fine,Dry,None,None,1,1,Passenger,F,38,Slight,Not pedestrian,None,Seated,2,Car,Going ahead,Y,No,N,N,N,Unknown,NA,-1,NA,NA,NA
200501CW11669,Slight,2,1,26/10/2005,Wednesday,9:30,Single motorway,30,Not at junction,NA,No physical crossing facility,Daylight,Fine,Dry,None,None,1,1,Driver,M,28,Slight,Not pedestrian,None,None,1,Motorcycle,Changing lane,N,No,N,N,N,Unknown,M,28,599,Petrol,7
200501CW11669,Slight,2,1,26/10/2005,Wednesday,9:30,Single motorway,30,Not at junction,NA,No physical crossing facility,Daylight,Fine,Dry,None,None,1,1,Driver,M,28,Slight,Not pedestrian,None,None,2,Car,Going ahead,N,No,N,N,N,Unknown,F,-1,NA,NA,NA
200501CW11670,Slight,2,1,5/11/2005,Saturday,7:32,One way street,30,Crossroad,Traffic light,No physical crossing facility,Daylight,Fine,Dry,Traffic signal defective,None,1,1,Driver,M,47,Slight,Not pedestrian,None,None,1,Car,Going ahead,N,No,N,N,N,Unknown,M,47,1399,Heavy oil,1
200501CW11670,Slight,2,1,5/11/2005,Saturday,7:32,One way street,30,Crossroad,Traffic light,No physical crossing facility,Daylight,Fine,Dry,Traffic signal defective,None,1,1,Driver,M,47,Slight,Not pedestrian,None,None,2,Goods Van,Going ahead,N,No,N,N,N,Unknown,M,-1,NA,NA,NA
200501CW11671,Serious,1,1,5/11/2005,Saturday,21:47,One way street,30,Crossroad,Traffic light,Traffic light,Lights lit,Fine,Dry,None,None,1,1,Pedestrian,M,24,Serious,Crossing within 50m of facility,None,None,1,Car,Going ahead,N,No,N,N,N,Unknown,M,36,1762,Petrol,5
200501CW11672,Slight,1,1,24/10/2005,Monday,15:45,Single motorway,30,T-junction,Give-way sign,No physical crossing facility,Daylight,Fine,Dry,None,None,1,1,Pedestrian,M,36,Slight,Elsewhere,None,None,1,Motorcycle,Going ahead,N,No,N,N,N,Unknown,M,-1,NA,NA,NA
200501CW11673,Slight,2,1,1/11/2005,Tuesday,8:30,Single motorway,30,Not at junction,NA,No physical crossing facility,Daylight,Fine,Wet,None,None,2,1,Driver,F,27,Slight,Not pedestrian,None,None,1,Car,Changing lane,N,No,N,N,N,Unknown,M,61,2597,Petrol,2
200501CW11673,Slight,2,1,1/11/2005,Tuesday,8:30,Single motorway,30,Not at junction,NA,No physical crossing facility,Daylight,Fine,Wet,None,None,2,1,Driver,F,27,Slight,Not pedestrian,None,None,2,Motorcycle,Going ahead,N,No,N,N,N,Unknown,F,27,49,Petrol,1
200501CW11674,Slight,2,1,1/11/2005,Tuesday,16:50,One way street,30,Not at junction,NA,No physical crossing facility,Lights lit,Fine,Dry,None,None,1,1,Passenger,M,52,Slight,Not pedestrian,None,Standing,1,Bus/Coach,Going ahead,N,No,N,N,N,Job,F,22,7300,Heavy oil,NA
200501CW11674,Slight,2,1,1/11/2005,Tuesday,16:50,One way street,30,Not at junction,NA,No physical crossing facility,Lights lit,Fine,Dry,None,None,1,1,Passenger,M,52,Slight,Not pedestrian,None,Standing,2,Car,Changing lane,N,No,N,N,N,Unknown,M,37,NA,NA,NA
200501CW11675,Slight,1,1,1/11/2005,Tuesday,9:27,One way street,30,Not at junction,NA,No physical crossing facility,Daylight,Fine,Wet,None,None,1,1,Passenger,F,44,Slight,Not pedestrian,None,Standing,1,Bus/Coach,Moving off,N,No,N,N,N,Job,M,56,NA,NA,NA
200501CW11676,Slight,2,1,1/11/2005,Tuesday,18:38,Single motorway,30,T-junction,Give-way sign,No physical crossing facility,Lights lit,Fine,Dry,None,None,1,1,Driver,F,20,Slight,Not pedestrian,None,None,1,Bicycle,Going ahead,N,No,N,N,N,Unknown,F,20,NA,NA,NA
200501CW11676,Slight,2,1,1/11/2005,Tuesday,18:38,Single motorway,30,T-junction,Give-way sign,No physical crossing facility,Lights lit,Fine,Dry,None,None,1,1,Driver,F,20,Slight,Not pedestrian,None,None,2,Taxi/Grab,Halting,N,No,N,N,N,Unknown,M,63,NA,NA,NA
200501CW11677,Slight,2,1,2/11/2005,Wednesday,13:07,Single motorway,30,T-junction,Give-way sign,No physical crossing facility,Daylight,Fine,Dry,None,None,2,1,Driver,M,41,Slight,Not pedestrian,None,None,1,Car,Waiting to/Turning right,N,No,N,N,N,Unknown,M,70,NA,NA,NA
200501CW11677,Slight,2,1,2/11/2005,Wednesday,13:07,Single motorway,30,T-junction,Give-way sign,No physical crossing facility,Daylight,Fine,Dry,None,None,2,1,Driver,M,41,Slight,Not pedestrian,None,None,2,Motorcycle,Going ahead,N,No,N,N,N,Unknown,M,41,599,Petrol,6
200501CW11680,Slight,1,1,2/11/2005,Wednesday,15:50,Single motorway,30,Crossroad,Traffic light,Traffic light,Daylight,Unknown,Wet,None,None,1,1,Pedestrian,F,14,Slight,Crossing on facility,None,None,1,Goods Van,Halting,N,No,N,N,N,Job,M,45,6000,Heavy oil,16
200501CW11682,Slight,2,1,3/11/2005,Thursday,11:25,Single motorway,30,Not at junction,NA,No physical crossing facility,Daylight,Fine,Wet,None,None,2,1,Driver,M,40,Slight,Not pedestrian,None,None,1,Taxi/Grab,Waiting to/Turning right,N,No,N,N,N,Job,M,46,1900,Heavy oil,5
200501CW11682,Slight,2,1,3/11/2005,Thursday,11:25,Single motorway,30,Not at junction,NA,No physical crossing facility,Daylight,Fine,Wet,None,None,2,1,Driver,M,40,Slight,Not pedestrian,None,None,2,Motorcycle,Going ahead,N,No,N,N,N,Unknown,M,40,992,Petrol,1
200501CW11683,Slight,2,1,18/10/2005,Tuesday,15:30,Dual motorway ,30,Crossroad,Traffic light,Traffic light,Daylight,Fine,Dry,None,None,1,1,Driver,M,37,Slight,Not pedestrian,None,None,1,Car,Going ahead,N,No,N,N,N,Unknown,M,37,1796,Petrol,3
200501CW11683,Slight,2,1,18/10/2005,Tuesday,15:30,Dual motorway ,30,Crossroad,Traffic light,Traffic light,Daylight,Fine,Dry,None,None,1,1,Driver,M,37,Slight,Not pedestrian,None,None,2,Car,Waiting to/Turning right,N,No,N,N,N,Unknown,NA,-1,NA,NA,NA
200501CW11684,Slight,2,1,4/11/2005,Friday,18:10,Single motorway,30,T-junction,Give-way sign,No physical crossing facility,Lights lit,Fine,Dry,None,None,1,1,Driver,F,37,Slight,Not pedestrian,None,None,1,Bicycle,Going ahead,N,No,N,N,N,Unknown,F,37,NA,NA,NA
200501CW11684,Slight,2,1,4/11/2005,Friday,18:10,Single motorway,30,T-junction,Give-way sign,No physical crossing facility,Lights lit,Fine,Dry,None,None,1,1,Driver,F,37,Slight,Not pedestrian,None,None,2,Motorcycle,Waiting to/Turning left,N,No,N,N,N,Unknown,F,-1,NA,NA,NA
200501CW11687,Slight,1,2,3/10/2005,Monday,8:00,Single motorway,30,Crossroad,Give-way sign,No physical crossing facility,Daylight,Fine,Dry,None,None,1,1,Pedestrian,M,-1,Slight,Elsewhere,None,None,1,Motorcycle,Going ahead,N,No,N,N,N,Unknown,M,54,996,Petrol,1
200501CW11687,Slight,1,2,3/10/2005,Monday,8:00,Single motorway,30,Crossroad,Give-way sign,No physical crossing facility,Daylight,Fine,Dry,None,None,1,2,Driver,M,54,Slight,Not pedestrian,None,None,1,Motorcycle,Going ahead,N,No,N,N,N,Unknown,M,54,996,Petrol,1
200501CW11688,Slight,2,1,31/10/2005,Monday,13:00,Single motorway,30,T-junction,Give-way sign,No physical crossing facility,Daylight,Fine,Dry,None,None,1,1,Driver,M,41,Slight,Not pedestrian,None,None,1,Car,Changing lane,N,No,N,N,N,Unknown,M,41,1762,Petrol,5
200501CW11688,Slight,2,1,31/10/2005,Monday,13:00,Single motorway,30,T-junction,Give-way sign,No physical crossing facility,Daylight,Fine,Dry,None,None,1,1,Driver,M,41,Slight,Not pedestrian,None,None,2,Car,Parking,N,No,N,N,N,Unknown,M,-1,1984,Petrol,10
200501CW11690,Slight,1,1,19/10/2005,Wednesday,19:14,One way street,30,More than 4 sections,Give-way sign,Non-junction pedestrian light crossing,Lights lit,Rain,Wet,None,None,1,1,Passenger,F,61,Slight,Not pedestrian,None,Standing,1,Bus/Coach,Waiting,N,Skid,N,N,N,Job,M,56,7300,Heavy oil,4
200501CW11691,Slight,1,1,16/11/2005,Wednesday,10:50,Single motorway,30,Crossroad,Traffic light,No physical crossing facility,Daylight,Fine,Dry,None,None,1,1,Pedestrian,F,43,Slight,Elsewhere,None,None,1,Car,Waiting to/Turning right,N,No,N,N,N,Unknown,F,-1,973,Petrol,5
200501CW11693,Slight,1,2,16/11/2005,Wednesday,17:55,Single motorway,30,Crossroad,Traffic light,Traffic light,Lights lit,Fine,Dry,None,None,1,1,Pedestrian,F,23,Slight,Crossing on facility,None,None,1,Bus/Coach,Waiting to/Turning right,N,No,N,N,N,Job,M,-1,NA,NA,NA
200501CW11693,Slight,1,2,16/11/2005,Wednesday,17:55,Single motorway,30,Crossroad,Traffic light,Traffic light,Lights lit,Fine,Dry,None,None,1,2,Pedestrian,M,-1,Slight,Crossing on facility,None,None,1,Bus/Coach,Waiting to/Turning right,N,No,N,N,N,Job,M,-1,NA,NA,NA
200501CW11696,Slight,2,1,11/11/2005,Friday,1:25,Dual motorway ,30,Not at junction,NA,No physical crossing facility,Lights lit,Fine,Dry,None,None,1,1,Driver,M,26,Slight,Not pedestrian,None,None,1,Motorcycle,Going ahead,N,No,N,N,N,Unknown,M,26,124,Petrol,2
200501CW11696,Slight,2,1,11/11/2005,Friday,1:25,Dual motorway ,30,Not at junction,NA,No physical crossing facility,Lights lit,Fine,Dry,None,None,1,1,Driver,M,26,Slight,Not pedestrian,None,None,2,Car,Changing lane,N,No,N,N,N,Unknown,NA,-1,2997,Petrol,7
200501CW11697,Serious,1,1,20/7/2005,Wednesday,17:15,Dual motorway ,30,Not at junction,NA,No physical crossing facility,Daylight,Fine,Dry,None,None,1,1,Pedestrian,M,47,Serious,Unknown,None,None,1,Bus/Coach,Halting,N,No,N,N,N,Job,M,58,7300,Heavy oil,1
200501CW11698,Slight,2,1,27/10/2005,Thursday,18:15,Single motorway,30,Crossroad,Traffic light,Traffic light,Lights lit,Fine,Dry,None,None,1,1,Driver,F,43,Slight,Not pedestrian,None,None,1,Motorcycle,Changing lane,N,No,N,N,N,To/From Work,F,43,499,Petrol,NA
200501CW11698,Slight,2,1,27/10/2005,Thursday,18:15,Single motorway,30,Crossroad,Traffic light,Traffic light,Lights lit,Fine,Dry,None,None,1,1,Driver,F,43,Slight,Not pedestrian,None,None,2,Car,Going ahead,N,No,N,N,N,Unknown,F,-1,NA,NA,NA
200501CW11700,Serious,2,1,18/11/2005,Friday,19:00,Single motorway,30,Not at junction,NA,No physical crossing facility,Lights lit,Fine,Dry,None,None,1,1,Driver,M,26,Serious,Not pedestrian,None,None,1,Bicycle,Going ahead,N,No,Y,N,N,Unknown,M,26,NA,NA,NA
200501CW11700,Serious,2,1,18/11/2005,Friday,19:00,Single motorway,30,Not at junction,NA,No physical crossing facility,Lights lit,Fine,Dry,None,None,1,1,Driver,M,26,Serious,Not pedestrian,None,None,2,Car,Parking,N,No,N,N,N,Unknown,F,-1,NA,NA,NA
200501CW11701,Slight,2,1,18/11/2005,Friday,7:47,Single motorway,30,Not at junction,NA,No physical crossing facility,Daylight,Fine,Dry,None,None,1,1,Driver,M,38,Slight,Not pedestrian,None,None,1,Bicycle,Going ahead,N,No,N,N,N,Unknown,M,38,NA,NA,NA
200501CW11701,Slight,2,1,18/11/2005,Friday,7:47,Single motorway,30,Not at junction,NA,No physical crossing facility,Daylight,Fine,Dry,None,None,1,1,Driver,M,38,Slight,Not pedestrian,None,None,2,Car,U-turn,N,No,N,N,N,Unknown,NA,-1,1762,Petrol,7
200501CW11703,Slight,2,1,1/11/2005,Tuesday,8:50,Single motorway,30,T-junction,Traffic light,Traffic light,Daylight,Fine,Dry,None,None,2,1,Driver,M,38,Slight,Not pedestrian,None,None,1,Taxi/Grab,Waiting to/Turning left,N,No,N,N,N,Job,M,52,NA,NA,NA
200501CW11703,Slight,2,1,1/11/2005,Tuesday,8:50,Single motorway,30,T-junction,Traffic light,Traffic light,Daylight,Fine,Dry,None,None,2,1,Driver,M,38,Slight,Not pedestrian,None,None,2,Bicycle,Waiting to/Turning left,N,No,Y,Y,N,Unknown,M,38,NA,NA,NA