Accident_Index,Accident_Severity,Number_of_Vehicles,Number_of_Casualties,Date,Day_of_Week,Time,Road_Type,Speed_Limit,Junction_Detail,Junction_Control,Pedestrian_Crossing_Type,Light_Conditions,Weather_Conditions,Road_Surface_Conditions,Special_Conditions_at_Site,Road_Hazards,Vehicle_Reference.x,Casualty_Reference,Casualty_Class,Sex_of_Casualty,Age_of_Casualty,Casualty_Severity,Pedestrian_Location,Car_Passenger,Bus_or_Coach_Passenger,Vehicle_Reference.y,Vehicle_Type,Vehicle_Manoeuvre,Vehicle_in_Restricted_Lane,Skidding_and_Overturning,Hit_Object_on_Road,Vehicle_veer_off_Road,Hit_Object_off_Road,Journey_Purpose_of_Driver,Sex_of_Driver,Age_of_Driver,Engine_Capacity_CC,Engine_Type,Age_of_Vehicle
200501CW11929,Slight,2,1,27/12/2005,Tuesday,15:30,Single motorway,30,Not at junction,NA,No physical crossing facility,Daylight,Rain,Wet,None,None,1,1,Driver,M,-1,Slight,Not pedestrian,None,None,1,Car,Parking,N,No,N,N,N,Unknown,M,-1,1988,Petrol,10
200501CW11929,Slight,2,1,27/12/2005,Tuesday,15:30,Single motorway,30,Not at junction,NA,No physical crossing facility,Daylight,Rain,Wet,None,None,1,1,Driver,M,-1,Slight,Not pedestrian,None,None,2,Bus/Coach,Going ahead,N,No,N,N,N,Job,M,-1,7300,Heavy oil,NA
200501CW11933,Slight,1,1,24/11/2005,Thursday,22:00,Single motorway,30,Not at junction,NA,No physical crossing facility,Lights lit,Fine,Dry,None,None,1,1,Pedestrian,F,-1,Slight,Elsewhere,None,None,1,Bus/Coach,Going ahead,N,No,N,N,N,Job,M,26,7300,Heavy oil,2
200501CW11934,Slight,2,1,21/12/2005,Wednesday,17:45,Single motorway,30,T-junction,Give-way sign,No physical crossing facility,Lights lit,Fine,Dry,None,None,1,1,Driver,F,43,Slight,Not pedestrian,None,None,1,Bicycle,Waiting to/Turning right,N,No,N,N,N,Unknown,F,43,NA,NA,NA
200501CW11934,Slight,2,1,21/12/2005,Wednesday,17:45,Single motorway,30,T-junction,Give-way sign,No physical crossing facility,Lights lit,Fine,Dry,None,None,1,1,Driver,F,43,Slight,Not pedestrian,None,None,2,Car,Waiting to/Turning right,N,No,N,N,N,Unknown,M,-1,NA,NA,NA
200501CW11936,Serious,3,1,23/12/2005,Friday,16:15,Single motorway,30,T-junction,Give-way sign,No physical crossing facility,Lights lit,Fine,Dry,None,None,3,1,Driver,M,31,Serious,Not pedestrian,None,None,1,Goods Van,Halting,N,No,N,N,N,Unknown,M,44,2463,Heavy oil,1
200501CW11936,Serious,3,1,23/12/2005,Friday,16:15,Single motorway,30,T-junction,Give-way sign,No physical crossing facility,Lights lit,Fine,Dry,None,None,3,1,Driver,M,31,Serious,Not pedestrian,None,None,2,Taxi/Grab,Waiting to/Turning right,N,No,N,N,N,Unknown,M,63,2664,Heavy oil,13
200501CW11936,Serious,3,1,23/12/2005,Friday,16:15,Single motorway,30,T-junction,Give-way sign,No physical crossing facility,Lights lit,Fine,Dry,None,None,3,1,Driver,M,31,Serious,Not pedestrian,None,None,3,Motorcycle,Overtaking,N,No,N,N,N,Unknown,M,31,599,Petrol,6
200501CW11940,Slight,1,1,17/12/2005,Saturday,2:25,Single motorway,30,Not at junction,NA,No physical crossing facility,Lights lit,Fine,Dry,None,None,1,1,Pedestrian,M,36,Slight,Unknown,None,None,1,Car,Reversing,N,No,N,N,N,Unknown,M,24,NA,NA,NA
200501CW11946,Slight,2,1,1/11/2005,Tuesday,19:55,Single motorway,30,Crossroad,Traffic light,Traffic light,Lights lit,Fine,Dry,None,None,1,1,Driver,M,-1,Slight,Not pedestrian,None,None,1,Motorcycle,Going ahead,N,No,N,N,N,Unknown,M,-1,49,Petrol,2
200501CW11946,Slight,2,1,1/11/2005,Tuesday,19:55,Single motorway,30,Crossroad,Traffic light,Traffic light,Lights lit,Fine,Dry,None,None,1,1,Driver,M,-1,Slight,Not pedestrian,None,None,2,Car,Going ahead,N,No,N,N,N,Unknown,NA,-1,NA,NA,NA
200501CW11954,Slight,3,1,6/8/2005,Saturday,9:00,Single motorway,30,More than 4 sections,Traffic light,No physical crossing facility,Daylight,Fine,Dry,None,None,1,1,Driver,M,34,Slight,Not pedestrian,None,None,1,Car,Waiting to/Turning left,N,No,N,N,N,Unknown,M,34,2499,Heavy oil,8
200501CW11954,Slight,3,1,6/8/2005,Saturday,9:00,Single motorway,30,More than 4 sections,Traffic light,No physical crossing facility,Daylight,Fine,Dry,None,None,1,1,Driver,M,34,Slight,Not pedestrian,None,None,2,Car,Waiting to/Turning left,N,No,N,N,N,Unknown,M,-1,1753,Heavy oil,9
200501CW11954,Slight,3,1,6/8/2005,Saturday,9:00,Single motorway,30,More than 4 sections,Traffic light,No physical crossing facility,Daylight,Fine,Dry,None,None,1,1,Driver,M,34,Slight,Not pedestrian,None,None,3,Bus/Coach,Waiting to/Turning left,N,No,N,N,N,Unknown,M,-1,NA,NA,NA
200501CW11959,Slight,2,1,14/12/2005,Wednesday,17:30,Single motorway,30,Crossroad,Traffic light,Traffic light,Lights lit,Fine,Dry,None,None,2,1,Driver,M,32,Slight,Not pedestrian,None,None,1,Car,Waiting to/Turning right,N,No,N,N,N,Unknown,M,-1,1896,Heavy oil,3
200501CW11959,Slight,2,1,14/12/2005,Wednesday,17:30,Single motorway,30,Crossroad,Traffic light,Traffic light,Lights lit,Fine,Dry,None,None,2,1,Driver,M,32,Slight,Not pedestrian,None,None,2,Bicycle,Going ahead,N,No,N,N,N,Unknown,M,32,NA,NA,NA
200501CW11971,Slight,2,1,13/12/2005,Tuesday,21:00,Single motorway,30,T-junction,Give-way sign,No physical crossing facility,Lights lit,Fine,Dry,None,None,1,1,Driver,F,-1,Slight,Not pedestrian,None,None,1,Bicycle,Going ahead,N,No,N,N,N,Unknown,F,-1,NA,NA,NA
200501CW11971,Slight,2,1,13/12/2005,Tuesday,21:00,Single motorway,30,T-junction,Give-way sign,No physical crossing facility,Lights lit,Fine,Dry,None,None,1,1,Driver,F,-1,Slight,Not pedestrian,None,None,2,Car,Waiting to/Turning left,N,No,N,N,N,Unknown,M,-1,NA,NA,NA
200501CW11993,Serious,1,1,8/8/2005,Monday,8:15,Single motorway,30,T-junction,Give-way sign,No physical crossing facility,Daylight,Fine,Dry,None,None,1,1,Pedestrian,F,51,Serious,Elsewhere,None,None,1,Taxi/Grab,Waiting to/Turning right,N,No,N,N,N,Job,M,45,2151,Heavy oil,3
200501CW12015,Slight,2,1,16/12/2005,Friday,22:45,Single motorway,30,T-junction,Give-way sign,No physical crossing facility,Lights lit,Fine,Dry,None,None,1,1,Driver,M,43,Slight,Not pedestrian,None,None,1,Car,Going ahead,N,No,N,N,N,Unknown,M,43,1975,Heavy oil,7
200501CW12015,Slight,2,1,16/12/2005,Friday,22:45,Single motorway,30,T-junction,Give-way sign,No physical crossing facility,Lights lit,Fine,Dry,None,None,1,1,Driver,M,43,Slight,Not pedestrian,None,None,2,Car,Parking,N,No,N,N,N,Unknown,M,-1,NA,NA,NA
200501CW19016,Slight,2,1,1/10/2005,Saturday,17:00,Single motorway,30,Not at junction,NA,No physical crossing facility,Daylight,Fine,Dry,None,None,1,1,Driver,F,30,Slight,Not pedestrian,None,None,1,Car,Halting,N,No,N,N,N,Unknown,F,30,1149,Petrol,5
200501CW19016,Slight,2,1,1/10/2005,Saturday,17:00,Single motorway,30,Not at junction,NA,No physical crossing facility,Daylight,Fine,Dry,None,None,1,1,Driver,F,30,Slight,Not pedestrian,None,None,2,Goods Van,Halting,N,No,N,N,N,Unknown,M,-1,1870,Heavy oil,2
200501CW19023,Slight,3,1,18/11/2005,Friday,10:30,Single motorway,30,Not at junction,NA,No physical crossing facility,Daylight,Rain,Wet,None,None,1,1,Driver,F,35,Slight,Not pedestrian,None,None,1,Motorcycle,Going ahead,N,No,N,N,N,Unknown,F,35,599,Petrol,3
200501CW19023,Slight,3,1,18/11/2005,Friday,10:30,Single motorway,30,Not at junction,NA,No physical crossing facility,Daylight,Rain,Wet,None,None,1,1,Driver,F,35,Slight,Not pedestrian,None,None,2,Car,Going ahead,N,No,N,N,N,Unknown,M,-1,1999,Petrol,3
200501CW19023,Slight,3,1,18/11/2005,Friday,10:30,Single motorway,30,Not at junction,NA,No physical crossing facility,Daylight,Rain,Wet,None,None,1,1,Driver,F,35,Slight,Not pedestrian,None,None,3,Car,Changing lane,N,No,N,N,N,Unknown,M,-1,1794,Petrol,13
200501CW19133,Slight,2,1,10/11/2005,Thursday,18:30,Dual motorway ,50,Not at junction,NA,No physical crossing facility,Lights lit,Fine,Dry,None,None,2,1,Driver,M,42,Slight,Not pedestrian,None,None,1,Car,Changing lane,N,No,N,N,N,To/From Work,F,-1,1275,Petrol,6
200501CW19133,Slight,2,1,10/11/2005,Thursday,18:30,Dual motorway ,50,Not at junction,NA,No physical crossing facility,Lights lit,Fine,Dry,None,None,2,1,Driver,M,42,Slight,Not pedestrian,None,None,2,Motorcycle,Going ahead,N,No,N,N,N,To/From Work,M,42,499,Petrol,20
200501CW19181,Slight,2,1,14/11/2005,Monday,17:15,Dual motorway ,40,Not at junction,NA,No physical crossing facility,Lights lit,Fine,Dry,None,None,1,1,Driver,M,36,Slight,Not pedestrian,None,None,1,Motorcycle,Changing lane,N,Skid,N,N,N,To/From Work,M,36,599,Petrol,2
200501CW19181,Slight,2,1,14/11/2005,Monday,17:15,Dual motorway ,40,Not at junction,NA,No physical crossing facility,Lights lit,Fine,Dry,None,None,1,1,Driver,M,36,Slight,Not pedestrian,None,None,2,Car,Halting,N,No,N,N,N,To/From Work,M,45,1998,Petrol,6
200501CW19183,Slight,1,1,19/12/2005,Monday,8:35,One way street,30,Not at junction,NA,No physical crossing facility,Daylight,Fine,Dry,None,None,1,1,Passenger,F,-1,Slight,Not pedestrian,None,Standing,1,Bus/Coach,Halting,N,No,N,N,N,Job,M,49,NA,Heavy oil,39
200501CW19184,Slight,2,1,14/11/2005,Monday,5:30,Single motorway,30,Crossroad,Traffic light,No physical crossing facility,Lights lit,Fine,Dry,None,None,2,1,Driver,M,-1,Slight,Not pedestrian,None,None,1,Car,Changing lane,N,No,N,N,N,Unknown,M,50,1396,Petrol,10
200501CW19184,Slight,2,1,14/11/2005,Monday,5:30,Single motorway,30,Crossroad,Traffic light,No physical crossing facility,Lights lit,Fine,Dry,None,None,2,1,Driver,M,-1,Slight,Not pedestrian,None,None,2,Motorcycle,Going ahead,N,No,N,N,N,Unknown,M,-1,645,Petrol,NA
200501CW19188,Slight,2,1,7/12/2005,Wednesday,12:20,Single motorway,30,T-junction,Give-way sign,No physical crossing facility,Daylight,Fine,Dry,None,None,1,1,Driver,M,23,Slight,Not pedestrian,None,None,1,Bicycle,Going ahead,N,No,N,N,N,Unknown,M,23,NA,NA,NA
200501CW19188,Slight,2,1,7/12/2005,Wednesday,12:20,Single motorway,30,T-junction,Give-way sign,No physical crossing facility,Daylight,Fine,Dry,None,None,1,1,Driver,M,23,Slight,Not pedestrian,None,None,2,Goods Van,Waiting to/Turning right,N,No,N,N,N,Unknown,M,30,NA,NA,NA
200501CW19198,Slight,2,1,26/11/2005,Saturday,23:55,One way street,30,Not at junction,NA,No physical crossing facility,Lights lit,Fine,Dry,None,None,1,1,Driver,M,31,Slight,Not pedestrian,None,None,1,Car,Going ahead,N,No,N,N,N,Unknown,M,31,1781,Petrol,6
200501CW19198,Slight,2,1,26/11/2005,Saturday,23:55,One way street,30,Not at junction,NA,No physical crossing facility,Lights lit,Fine,Dry,None,None,1,1,Driver,M,31,Slight,Not pedestrian,None,None,2,Car,Going ahead,N,No,N,N,N,Unknown,M,-1,1973,Petrol,7
200501CW19200,Slight,2,1,4/11/2005,Friday,21:25,Single motorway,30,T-junction,Traffic light,Traffic light,Lights lit,Fine,Dry,None,None,1,1,Driver,M,49,Slight,Not pedestrian,None,None,1,Car,Going ahead,N,No,N,N,N,Unknown,M,49,4398,Petrol,1
200501CW19200,Slight,2,1,4/11/2005,Friday,21:25,Single motorway,30,T-junction,Traffic light,Traffic light,Lights lit,Fine,Dry,None,None,1,1,Driver,M,49,Slight,Not pedestrian,None,None,2,Car,Going ahead,N,No,N,N,N,Unknown,M,-1,2438,Petrol,6
200501CW19216,Slight,1,1,9/8/2005,Tuesday,18:10,Single motorway,30,Crossroad,Traffic light,Traffic light,Daylight,Fine,Dry,None,None,1,1,Passenger,F,71,Slight,Not pedestrian,None,Standing,1,Bus/Coach,Halting,N,No,N,N,N,Job,M,42,7300,Heavy oil,2
200501CW19219,Slight,1,1,21/8/2005,Sunday,14:06,Single motorway,30,Crossroad,Traffic light,Traffic light,Daylight,Fine,Dry,None,None,1,1,Passenger,F,50,Slight,Not pedestrian,None,Standing,1,Bus/Coach,Going ahead,N,No,N,N,N,Job,M,51,6370,Heavy oil,1
200501CW19242,Slight,1,1,8/10/2005,Saturday,0:15,Single motorway,30,T-junction,Give-way sign,Zebra crossing,Lights lit,Fine,Dry,None,None,1,1,Pedestrian,M,30,Slight,Crossing within 50m of facility,None,None,1,Taxi/Grab,Going ahead,N,No,N,N,N,Job,M,41,2664,Heavy oil,4
200501CW19243,Slight,1,1,19/11/2005,Saturday,18:15,Dual motorway ,30,T-junction,Give-way sign,No physical crossing facility,Daylight,Fine,Dry,None,None,1,1,Passenger,F,71,Slight,Not pedestrian,None,Standing,1,Bus/Coach,Halting,N,No,N,N,N,Unknown,M,52,7300,Heavy oil,1
200501CW19284,Slight,2,1,9/12/2005,Friday,9:50,Single motorway,30,Crossroad,Traffic light,No physical crossing facility,Daylight,Fine,Dry,None,None,2,1,Driver,M,-1,Slight,Not pedestrian,None,None,1,Goods Van,Waiting to/Turning left,N,No,N,N,N,Job,M,48,5880,Heavy oil,5
200501CW19284,Slight,2,1,9/12/2005,Friday,9:50,Single motorway,30,Crossroad,Traffic light,No physical crossing facility,Daylight,Fine,Dry,None,None,2,1,Driver,M,-1,Slight,Not pedestrian,None,None,2,Bicycle,Going ahead,N,No,N,N,N,Unknown,M,-1,NA,NA,NA
200501EK00181,Slight,1,2,15/2/2005,Tuesday,4:12,Slip road,30,T-junction,Traffic light,Traffic light,Lights lit,Fine,Dry,None,None,1,1,Driver,M,22,Slight,Not pedestrian,None,None,1,Car,Going ahead,N,No,Y,Y,Y,Unknown,M,22,NA,NA,NA
200501EK00181,Slight,1,2,15/2/2005,Tuesday,4:12,Slip road,30,T-junction,Traffic light,Traffic light,Lights lit,Fine,Dry,None,None,1,2,Passenger,M,19,Slight,Not pedestrian,Front seat,None,1,Car,Going ahead,N,No,Y,Y,Y,Unknown,M,22,NA,NA,NA
200501EK40029,Slight,2,1,3/2/2005,Thursday,8:36,Single motorway,30,Not at junction,NA,Traffic light,Daylight,Rain,Wet,None,None,2,1,Driver,M,31,Slight,Not pedestrian,None,None,1,Car,Waiting to/Turning left,N,No,N,N,N,Unknown,M,56,NA,NA,NA
200501EK40029,Slight,2,1,3/2/2005,Thursday,8:36,Single motorway,30,Not at junction,NA,Traffic light,Daylight,Rain,Wet,None,None,2,1,Driver,M,31,Slight,Not pedestrian,None,None,2,Bicycle,Going ahead,N,No,N,N,N,Unknown,M,31,NA,NA,NA
200501EK40044,Slight,1,1,15/2/2005,Tuesday,8:29,Dual motorway ,30,T-junction,Traffic light,Traffic light,Daylight,Fine,Dry,None,None,1,1,Pedestrian,F,60,Slight,Unknown,None,None,1,Motorcycle,Going ahead,N,No,N,N,N,Unknown,F,27,NA,NA,NA
200501EK40045,Slight,1,1,19/2/2005,Saturday,20:35,Single motorway,30,T-junction,Traffic light,No physical crossing facility,Lights lit,Fine,Dry,None,None,1,1,Pedestrian,M,19,Slight,Unknown,None,None,1,Bus/Coach,Going ahead,N,No,N,N,N,Unknown,M,36,11000,Heavy oil,6
200501EK40048,Slight,1,1,7/2/2005,Monday,14:18,One way street,30,More than 4 sections,Traffic light,Traffic light,Daylight,Fine,Dry,None,None,1,1,Passenger,F,29,Slight,Not pedestrian,None,Boarding,1,Bus/Coach,Going ahead,N,No,N,N,N,Job,M,44,7300,Heavy oil,1
200501EK40050,Slight,2,1,9/2/2005,Wednesday,13:10,Single motorway,30,Crossroad,Give-way sign,No physical crossing facility,Daylight,Fine,Dry,None,None,2,1,Driver,F,20,Slight,Not pedestrian,None,None,1,Taxi/Grab,Halting,N,No,N,N,N,Unknown,M,38,2664,Heavy oil,5
200501EK40050,Slight,2,1,9/2/2005,Wednesday,13:10,Single motorway,30,Crossroad,Give-way sign,No physical crossing facility,Daylight,Fine,Dry,None,None,2,1,Driver,F,20,Slight,Not pedestrian,None,None,2,Bicycle,Going ahead,N,No,N,N,N,Unknown,F,20,NA,NA,NA
200501EK40052,Slight,2,1,20/2/2005,Sunday,18:30,Single motorway,30,Not at junction,NA,No physical crossing facility,Lights lit,Fine,Dry,None,None,1,1,Driver,M,41,Slight,Not pedestrian,None,None,1,Car,U-turn,N,No,N,N,N,Unknown,M,41,NA,NA,NA
200501EK40052,Slight,2,1,20/2/2005,Sunday,18:30,Single motorway,30,Not at junction,NA,No physical crossing facility,Lights lit,Fine,Dry,None,None,1,1,Driver,M,41,Slight,Not pedestrian,None,None,2,Motorcycle,Going ahead,N,No,N,N,N,Unknown,M,20,85,Petrol,10
200501EK40055,Slight,1,1,17/2/2005,Thursday,18:55,Single motorway,30,Not at junction,NA,Non-junction pedestrian light crossing,Lights lit,Unknown,Wet,None,None,1,1,Pedestrian,M,45,Slight,Unknown,None,None,1,Car,Moving off,N,No,N,N,N,Unknown,M,-1,1596,Petrol,1
200501EK40058,Slight,2,1,19/2/2005,Saturday,18:00,Single motorway,30,Not at junction,NA,Crossing with island,Lights lit,Fine,Dry,None,None,2,1,Driver,M,36,Slight,Not pedestrian,None,None,1,Car,Overtaking,N,No,N,N,N,Unknown,M,49,NA,NA,NA
200501EK40058,Slight,2,1,19/2/2005,Saturday,18:00,Single motorway,30,Not at junction,NA,Crossing with island,Lights lit,Fine,Dry,None,None,2,1,Driver,M,36,Slight,Not pedestrian,None,None,2,Bicycle,Overtaking,N,No,N,N,N,Unknown,M,36,NA,NA,NA
200501EK40061,Serious,1,1,7/2/2005,Monday,19:40,Single motorway,30,T-junction,Give-way sign,No physical crossing facility,No lights,Fine,Dry,None,None,1,1,Pedestrian,F,57,Serious,Unknown,None,None,1,Car,Going ahead,N,No,N,N,N,Unknown,M,-1,NA,NA,NA
200501EK40065,Serious,1,1,8/2/2005,Tuesday,18:15,Single motorway,30,Crossroad,Traffic light,Traffic light,Daylight,Fine,Dry,None,None,1,1,Pedestrian,M,34,Serious,Unknown,None,None,1,Unknown,Going ahead,N,No,N,N,N,Unknown,M,-1,NA,NA,NA
200501EK40073,Slight,2,1,10/2/2005,Thursday,9:00,Single motorway,30,Unknown,Traffic light,Traffic light,Daylight,Rain,Wet,None,None,1,1,Driver,F,37,Slight,Not pedestrian,None,None,1,Car,Going ahead,N,No,N,N,N,Unknown,F,37,1299,Petrol,8
200501EK40073,Slight,2,1,10/2/2005,Thursday,9:00,Single motorway,30,Unknown,Traffic light,Traffic light,Daylight,Rain,Wet,None,None,1,1,Driver,F,37,Slight,Not pedestrian,None,None,2,Goods Van,Waiting to/Turning right,N,No,N,N,N,Unknown,M,30,1896,Heavy oil,3
200501EK40076,Slight,2,1,10/2/2005,Thursday,17:00,Single motorway,30,Crossroad,Give-way sign,Zebra crossing,Lights lit,Rain,Wet,None,None,2,1,Driver,M,42,Slight,Not pedestrian,None,None,1,Car,Waiting to/Turning left,N,No,N,N,N,Unknown,M,59,NA,NA,NA
200501EK40076,Slight,2,1,10/2/2005,Thursday,17:00,Single motorway,30,Crossroad,Give-way sign,Zebra crossing,Lights lit,Rain,Wet,None,None,2,1,Driver,M,42,Slight,Not pedestrian,None,None,2,Motorcycle,Waiting to/Turning left,N,No,Y,Y,N,Unknown,M,42,NA,NA,NA
200501EK40077,Slight,2,1,8/2/2005,Tuesday,22:40,One way street,30,Not at junction,NA,No physical crossing facility,Lights lit,Fine,Dry,None,None,1,1,Driver,M,40,Slight,Not pedestrian,None,None,1,Car,Waiting to/Turning right,N,No,N,N,N,Unknown,M,40,1796,Petrol,12
200501EK40077,Slight,2,1,8/2/2005,Tuesday,22:40,One way street,30,Not at junction,NA,No physical crossing facility,Lights lit,Fine,Dry,None,None,1,1,Driver,M,40,Slight,Not pedestrian,None,None,2,Car,Going ahead,N,No,N,N,N,Unknown,M,33,NA,NA,NA
200501EK40078,Slight,1,1,12/2/2005,Saturday,18:32,Single motorway,30,More than 4 sections,Give-way sign,Zebra crossing,Lights lit,Rain,Wet,None,None,1,1,Pedestrian,M,-1,Slight,Crossing on facility,None,None,1,Car,Waiting to/Turning left,N,No,N,N,N,Unknown,M,38,NA,NA,NA
200501EK40080,Slight,1,1,9/2/2005,Wednesday,20:45,Single motorway,30,T-junction,Give-way sign,Non-junction pedestrian light crossing,Lights lit,Fine,Wet,None,None,1,1,Driver,M,47,Slight,Not pedestrian,None,None,1,Car,Waiting to/Turning right,N,No,N,N,N,Unknown,M,47,NA,NA,NA
200501EK40083,Slight,1,1,17/2/2005,Thursday,23:52,Single motorway,30,Not at junction,NA,Non-junction pedestrian light crossing,Lights lit,Unknown,Wet,None,None,1,1,Pedestrian,M,24,Slight,Crossing on facility,None,None,1,Car,Going ahead,N,No,N,N,N,Unknown,F,30,1994,Petrol,14
200501EK40084,Slight,2,1,21/2/2005,Monday,9:30,Dual motorway ,40,Unknown,Give-way sign,Traffic light,Daylight,Fine,Dry,None,None,2,1,Driver,F,23,Slight,Not pedestrian,None,None,1,Car,Waiting to/Turning right,N,No,N,N,N,Unknown,M,39,1984,Petrol,2
200501EK40084,Slight,2,1,21/2/2005,Monday,9:30,Dual motorway ,40,Unknown,Give-way sign,Traffic light,Daylight,Fine,Dry,None,None,2,1,Driver,F,23,Slight,Not pedestrian,None,None,2,Bicycle,Overtaking,N,No,N,N,N,Unknown,F,23,NA,NA,NA
200501EK40088,Slight,2,1,23/2/2005,Wednesday,21:45,Single motorway,30,Unknown,Traffic light,Traffic light,Lights lit,Fine,Wet,None,None,2,1,Driver,F,24,Slight,Not pedestrian,None,None,1,Car,Going ahead,N,No,N,N,N,Unknown,M,40,1781,Petrol,9
200501EK40088,Slight,2,1,23/2/2005,Wednesday,21:45,Single motorway,30,Unknown,Traffic light,Traffic light,Lights lit,Fine,Wet,None,None,2,1,Driver,F,24,Slight,Not pedestrian,None,None,2,Bicycle,Going ahead,N,No,N,N,N,Unknown,F,24,NA,NA,NA
200501EK40094,Slight,1,1,22/2/2005,Tuesday,11:11,Single motorway,30,T-junction,Traffic light,No physical crossing facility,Daylight,Fine,Wet,None,None,1,1,Passenger,F,31,Slight,Not pedestrian,None,Boarding,1,Bus/Coach,Parking,N,No,N,N,N,Unknown,M,51,6370,Heavy oil,1
200501EK40101,Slight,2,1,25/2/2005,Friday,21:50,Single motorway,30,Unknown,Give-way sign,No physical crossing facility,Lights lit,Fine,Wet,None,None,1,1,Passenger,M,30,Slight,Not pedestrian,Front seat,None,1,Car,Going ahead,N,No,N,N,N,Unknown,M,37,NA,NA,NA
200501EK40101,Slight,2,1,25/2/2005,Friday,21:50,Single motorway,30,Unknown,Give-way sign,No physical crossing facility,Lights lit,Fine,Wet,None,None,1,1,Passenger,M,30,Slight,Not pedestrian,Front seat,None,2,Car,Waiting to/Turning left,N,No,N,N,N,Unknown,M,-1,1997,Petrol,9
200501EK40105,Slight,1,1,13/2/2005,Sunday,10:04,Single motorway,30,T-junction,Give-way sign,No physical crossing facility,Daylight,Fine,Dry,None,None,1,1,Pedestrian,M,93,Slight,Middle of road,None,None,1,Car,Going ahead,N,No,N,N,N,Unknown,M,32,1587,Petrol,8
200501EK40106,Slight,2,1,19/2/2005,Saturday,6:47,Single motorway,30,Not at junction,NA,No physical crossing facility,Daylight,Fine,Dry,None,None,1,1,Driver,M,26,Slight,Not pedestrian,None,None,1,Bicycle,Going ahead,N,No,N,N,N,Unknown,M,26,NA,NA,NA
200501EK40106,Slight,2,1,19/2/2005,Saturday,6:47,Single motorway,30,Not at junction,NA,No physical crossing facility,Daylight,Fine,Dry,None,None,1,1,Driver,M,26,Slight,Not pedestrian,None,None,2,Car,Going ahead,N,No,N,N,N,Unknown,F,-1,1199,Bi-fuel,1
200501EK40110,Slight,2,1,26/2/2005,Saturday,12:00,Single motorway,30,T-junction,Give-way sign,No physical crossing facility,Daylight,Fine,Wet,None,None,2,1,Driver,M,34,Slight,Not pedestrian,None,None,1,Car,Moving off,N,No,N,N,N,Unknown,F,41,1794,Petrol,11
200501EK40110,Slight,2,1,26/2/2005,Saturday,12:00,Single motorway,30,T-junction,Give-way sign,No physical crossing facility,Daylight,Fine,Wet,None,None,2,1,Driver,M,34,Slight,Not pedestrian,None,None,2,Bicycle,Going ahead,N,No,N,N,N,Unknown,M,34,NA,NA,NA
200501EK40116,Slight,2,1,25/2/2005,Friday,10:35,Dual motorway ,30,T-junction,Traffic light,No physical crossing facility,Daylight,Rain,Wet,None,None,1,1,Driver,M,39,Slight,Not pedestrian,None,None,1,Bicycle,Waiting to/Turning right,N,No,N,N,N,Unknown,M,39,NA,NA,NA
200501EK40116,Slight,2,1,25/2/2005,Friday,10:35,Dual motorway ,30,T-junction,Traffic light,No physical crossing facility,Daylight,Rain,Wet,None,None,1,1,Driver,M,39,Slight,Not pedestrian,None,None,2,Goods Van,Waiting to/Turning right,N,No,N,N,N,Unknown,M,41,NA,Heavy oil,4
200501EK40147,Slight,2,1,28/2/2005,Monday,19:41,One way street,30,Crossroad,Traffic light,No physical crossing facility,Lights lit,Snow,Wet,None,None,2,1,Driver,M,-1,Slight,Not pedestrian,None,None,1,Car,Parking,N,No,N,N,N,Unknown,M,38,NA,NA,NA
200501EK40147,Slight,2,1,28/2/2005,Monday,19:41,One way street,30,Crossroad,Traffic light,No physical crossing facility,Lights lit,Snow,Wet,None,None,2,1,Driver,M,-1,Slight,Not pedestrian,None,None,2,Motorcycle,Moving off,N,No,N,N,N,Unknown,M,-1,599,Petrol,9
200501EK40149,Serious,1,1,2/3/2005,Wednesday,9:30,Single motorway,30,T-junction,Traffic light,Traffic light,Daylight,Unknown,Wet,None,None,1,1,Pedestrian,M,11,Serious,Crossing on facility,None,None,1,Car,Going ahead,N,No,N,N,N,Unknown,F,48,4398,Petrol,2
200501EK40150,Serious,1,1,11/3/2005,Friday,20:40,Single motorway,30,Crossroad,Traffic light,No physical crossing facility,Lights lit,Rain,Wet,None,None,1,1,Pedestrian,M,26,Serious,Elsewhere,None,None,1,Car,Going ahead,N,No,N,N,N,Unknown,M,26,NA,NA,NA
200501EK40154,Slight,2,1,9/3/2005,Wednesday,11:50,One way street,30,T-junction,Give-way sign,No physical crossing facility,Daylight,Fine,Dry,None,None,1,1,Driver,M,24,Slight,Not pedestrian,None,None,1,Bicycle,Going ahead,N,No,N,N,N,Unknown,M,24,NA,NA,NA
200501EK40154,Slight,2,1,9/3/2005,Wednesday,11:50,One way street,30,T-junction,Give-way sign,No physical crossing facility,Daylight,Fine,Dry,None,None,1,1,Driver,M,24,Slight,Not pedestrian,None,None,2,Goods Van,Going ahead,N,No,N,N,N,Unknown,M,30,2151,Heavy oil,4
200501EO00001,Slight,2,1,1/1/2005,Saturday,16:10,Single motorway,30,T-junction,Give-way sign,Zebra crossing,Lights lit,Rain,Wet,None,None,1,1,Driver,M,30,Slight,Not pedestrian,None,None,1,Motorcycle,Waiting,N,No,N,N,N,Unknown,M,30,124,Petrol,1