Accident_Index,Accident_Severity,Number_of_Vehicles,Number_of_Casualties,Date,Day_of_Week,Time,Road_Type,Speed_Limit,Junction_Detail,Junction_Control,Pedestrian_Crossing_Type,Light_Conditions,Weather_Conditions,Road_Surface_Conditions,Special_Conditions_at_Site,Road_Hazards,Vehicle_Reference.x,Casualty_Reference,Casualty_Class,Sex_of_Casualty,Age_of_Casualty,Casualty_Severity,Pedestrian_Location,Car_Passenger,Bus_or_Coach_Passenger,Vehicle_Reference.y,Vehicle_Type,Vehicle_Manoeuvre,Vehicle_in_Restricted_Lane,Skidding_and_Overturning,Hit_Object_on_Road,Vehicle_veer_off_Road,Hit_Object_off_Road,Journey_Purpose_of_Driver,Sex_of_Driver,Age_of_Driver,Engine_Capacity_CC,Engine_Type,Age_of_Vehicle
200501EO40009,Slight,2,1,7/2/2005,Monday,8:39,Single motorway,30,T-junction,Give-way sign,No physical crossing facility,Daylight,Fine,Dry,None,None,2,1,Driver,F,29,Slight,Not pedestrian,None,None,2,Bicycle,Going ahead,Y,No,N,N,N,Unknown,F,29,NA,NA,NA
200501EO40010,Slight,2,1,10/2/2005,Thursday,18:00,Single motorway,30,Slip road,Give-way sign,No physical crossing facility,Lights lit,Fine,Wet,None,None,1,1,Driver,M,35,Slight,Not pedestrian,None,None,1,Bicycle,Going ahead,N,No,N,N,N,To/From Work,M,35,NA,NA,NA
200501EO40010,Slight,2,1,10/2/2005,Thursday,18:00,Single motorway,30,Slip road,Give-way sign,No physical crossing facility,Lights lit,Fine,Wet,None,None,1,1,Driver,M,35,Slight,Not pedestrian,None,None,2,Car,Waiting to/Turning right,N,No,N,N,N,Unknown,M,-1,1597,Petrol,6
200501EO40011,Slight,2,3,13/2/2005,Sunday,14:26,Single motorway,30,T-junction,Give-way sign,No physical crossing facility,Daylight,Fine,Dry,None,None,1,1,Passenger,F,8,Slight,Not pedestrian,Rear seat,None,1,Car,Going ahead,N,No,N,N,N,Unknown,F,40,NA,NA,NA
200501EO40011,Slight,2,3,13/2/2005,Sunday,14:26,Single motorway,30,T-junction,Give-way sign,No physical crossing facility,Daylight,Fine,Dry,None,None,1,1,Passenger,F,8,Slight,Not pedestrian,Rear seat,None,2,Car,Waiting to/Turning left,N,No,N,N,N,Unknown,M,-1,1905,Heavy oil,13
200501EO40011,Slight,2,3,13/2/2005,Sunday,14:26,Single motorway,30,T-junction,Give-way sign,No physical crossing facility,Daylight,Fine,Dry,None,None,1,2,Passenger,F,4,Slight,Not pedestrian,Rear seat,None,1,Car,Going ahead,N,No,N,N,N,Unknown,F,40,NA,NA,NA
200501EO40011,Slight,2,3,13/2/2005,Sunday,14:26,Single motorway,30,T-junction,Give-way sign,No physical crossing facility,Daylight,Fine,Dry,None,None,1,2,Passenger,F,4,Slight,Not pedestrian,Rear seat,None,2,Car,Waiting to/Turning left,N,No,N,N,N,Unknown,M,-1,1905,Heavy oil,13
200501EO40011,Slight,2,3,13/2/2005,Sunday,14:26,Single motorway,30,T-junction,Give-way sign,No physical crossing facility,Daylight,Fine,Dry,None,None,1,3,Passenger,F,-1,Slight,Not pedestrian,Front seat,None,1,Car,Going ahead,N,No,N,N,N,Unknown,F,40,NA,NA,NA
200501EO40011,Slight,2,3,13/2/2005,Sunday,14:26,Single motorway,30,T-junction,Give-way sign,No physical crossing facility,Daylight,Fine,Dry,None,None,1,3,Passenger,F,-1,Slight,Not pedestrian,Front seat,None,2,Car,Waiting to/Turning left,N,No,N,N,N,Unknown,M,-1,1905,Heavy oil,13
200501EO40012,Slight,1,1,11/2/2005,Friday,10:05,Single motorway,30,T-junction,Give-way sign,Zebra crossing,Daylight,Fine,Dry,None,None,1,1,Pedestrian,M,31,Slight,Crossing on facility,None,None,1,Motorcycle,Going ahead,N,No,N,N,N,Unknown,M,34,645,Petrol,6
200501EO40013,Slight,3,1,1/2/2005,Tuesday,14:50,Single motorway,30,T-junction,Give-way sign,Zebra crossing,Daylight,Fine,Dry,None,None,1,1,Driver,M,40,Slight,Not pedestrian,None,None,1,Car,Waiting,N,No,N,N,N,Unknown,M,40,NA,NA,NA
200501EO40013,Slight,3,1,1/2/2005,Tuesday,14:50,Single motorway,30,T-junction,Give-way sign,Zebra crossing,Daylight,Fine,Dry,None,None,1,1,Driver,M,40,Slight,Not pedestrian,None,None,2,Goods Van,Waiting,N,No,N,N,N,Job,M,-1,2494,Heavy oil,3
200501EO40013,Slight,3,1,1/2/2005,Tuesday,14:50,Single motorway,30,T-junction,Give-way sign,Zebra crossing,Daylight,Fine,Dry,None,None,1,1,Driver,M,40,Slight,Not pedestrian,None,None,3,Goods Van,Going ahead,N,No,N,N,N,Job,M,-1,2148,Heavy oil,1
200501EO40014,Slight,1,1,10/2/2005,Thursday,13:10,Single motorway,30,Crossroad,Traffic light,Traffic light,Daylight,Fine,Dry,None,None,1,1,Passenger,F,35,Slight,Not pedestrian,None,Standing,1,Bus/Coach,Halting,N,No,N,N,N,Unknown,M,29,NA,Heavy oil,6
200501EO40018,Slight,2,1,7/2/2005,Monday,11:10,Single motorway,30,T-junction,Give-way sign,No physical crossing facility,Daylight,Fine,Dry,None,None,2,1,Driver,M,36,Slight,Not pedestrian,None,None,1,Car,U-turn,N,No,N,N,N,Unknown,M,44,NA,NA,NA
200501EO40018,Slight,2,1,7/2/2005,Monday,11:10,Single motorway,30,T-junction,Give-way sign,No physical crossing facility,Daylight,Fine,Dry,None,None,2,1,Driver,M,36,Slight,Not pedestrian,None,None,2,Motorcycle,Going ahead,N,No,N,N,N,Unknown,M,36,NA,NA,NA
200501EO40019,Slight,2,1,4/2/2005,Friday,10:15,Single motorway,30,Crossroad,Traffic light,Traffic light,Daylight,Fine,Dry,None,None,1,1,Driver,F,61,Slight,Not pedestrian,None,None,1,Bicycle,Going ahead,N,No,N,N,N,To/From Work,F,61,NA,NA,NA
200501EO40019,Slight,2,1,4/2/2005,Friday,10:15,Single motorway,30,Crossroad,Traffic light,Traffic light,Daylight,Fine,Dry,None,None,1,1,Driver,F,61,Slight,Not pedestrian,None,None,2,Goods Van,Waiting to/Turning right,N,No,N,N,N,Job,M,-1,2151,Heavy oil,3
200501EO40020,Slight,1,1,1/2/2005,Tuesday,16:15,Single motorway,30,T-junction,Give-way sign,No physical crossing facility,Lights lit,Rain,Wet,None,None,1,1,Pedestrian,M,32,Slight,Elsewhere,None,None,1,Motorcycle,Going ahead,N,No,N,N,N,Unknown,M,28,85,Petrol,3
200501EO40022,Slight,1,1,4/2/2005,Friday,19:46,Single motorway,30,Crossroad,Traffic light,Traffic light,Lights lit,Fine,Dry,None,None,1,1,Pedestrian,M,48,Slight,Crossing on facility,None,None,1,Motorcycle,Waiting to/Turning left,N,No,N,N,N,Unknown,M,42,NA,NA,NA
200501EO40023,Slight,1,1,9/2/2005,Wednesday,8:50,Single motorway,30,Not at junction,NA,No physical crossing facility,Daylight,Unknown,Wet,None,None,1,1,Pedestrian,M,38,Slight,Elsewhere,None,None,1,Car,Going ahead,N,No,N,N,N,Unknown,NA,-1,NA,NA,NA
200501EO40025,Slight,3,1,13/2/2005,Sunday,14:09,Single motorway,30,More than 4 sections,Give-way sign,Non-junction pedestrian light crossing,Daylight,Fine,Dry,None,None,2,1,Driver,M,32,Slight,Not pedestrian,None,None,1,Car,Waiting to/Turning right,N,No,N,N,N,Unknown,NA,-1,NA,NA,NA
200501EO40025,Slight,3,1,13/2/2005,Sunday,14:09,Single motorway,30,More than 4 sections,Give-way sign,Non-junction pedestrian light crossing,Daylight,Fine,Dry,None,None,2,1,Driver,M,32,Slight,Not pedestrian,None,None,2,Motorcycle,Going ahead,N,No,N,N,N,Unknown,M,32,85,Petrol,8
200501EO40025,Slight,3,1,13/2/2005,Sunday,14:09,Single motorway,30,More than 4 sections,Give-way sign,Non-junction pedestrian light crossing,Daylight,Fine,Dry,None,None,2,1,Driver,M,32,Slight,Not pedestrian,None,None,3,Car,Waiting,N,No,N,N,N,Unknown,NA,-1,NA,NA,NA
200501EO40026,Slight,2,1,12/2/2005,Saturday,13:45,Single motorway,30,Crossroad,Traffic light,Traffic light,Daylight,Fine,Dry,None,None,2,1,Driver,M,26,Slight,Not pedestrian,None,None,1,Car,Waiting to/Turning right,N,No,N,N,N,Unknown,M,30,1493,Petrol,10
200501EO40026,Slight,2,1,12/2/2005,Saturday,13:45,Single motorway,30,Crossroad,Traffic light,Traffic light,Daylight,Fine,Dry,None,None,2,1,Driver,M,26,Slight,Not pedestrian,None,None,2,Motorcycle,Going ahead,N,No,N,N,N,Unknown,M,26,NA,NA,NA
200501EO40027,Slight,1,1,10/2/2005,Thursday,8:50,Single motorway,30,T-junction,Give-way sign,Non-junction pedestrian light crossing,Daylight,Unknown,Dry,None,None,1,1,Pedestrian,M,36,Slight,Crossing on facility,None,None,1,Bicycle,Going ahead,N,No,N,N,N,Unknown,NA,-1,NA,NA,NA
200501EO40028,Serious,1,1,1/2/2005,Tuesday,11:38,Single motorway,30,Not at junction,NA,No physical crossing facility,Daylight,Fine,Wet,None,None,1,1,Pedestrian,M,64,Serious,Elsewhere,None,None,1,Goods Van,Going ahead,N,No,N,N,N,Unknown,M,46,NA,NA,NA
200501EO40030,Slight,2,1,8/2/2005,Tuesday,8:53,Single motorway,30,T-junction,Give-way sign,No physical crossing facility,Daylight,Fine,Dry,None,None,1,1,Passenger,F,9,Slight,Not pedestrian,None,Standing,1,Bus/Coach,Going ahead,N,No,N,N,N,Job,M,36,NA,NA,NA
200501EO40030,Slight,2,1,8/2/2005,Tuesday,8:53,Single motorway,30,T-junction,Give-way sign,No physical crossing facility,Daylight,Fine,Dry,None,None,1,1,Passenger,F,9,Slight,Not pedestrian,None,Standing,2,Car,Waiting to/Turning left,N,No,N,N,N,Unknown,M,63,1996,Petrol,9
200501EO40031,Slight,2,1,8/2/2005,Tuesday,9:27,Single motorway,30,T-junction,Give-way sign,No physical crossing facility,Daylight,Fine,Dry,None,None,2,1,Driver,M,30,Slight,Not pedestrian,None,None,1,Goods Van,Waiting to/Turning right,N,No,N,N,N,Unknown,M,24,NA,NA,NA
200501EO40031,Slight,2,1,8/2/2005,Tuesday,9:27,Single motorway,30,T-junction,Give-way sign,No physical crossing facility,Daylight,Fine,Dry,None,None,2,1,Driver,M,30,Slight,Not pedestrian,None,None,2,Motorcycle,Going ahead,N,No,N,N,N,Unknown,M,30,49,Petrol,2
200501EO40032,Slight,2,1,1/2/2005,Tuesday,22:55,Single motorway,30,T-junction,Give-way sign,No physical crossing facility,Lights lit,Fine,Dry,None,None,1,1,Driver,M,26,Slight,Not pedestrian,None,None,1,Bicycle,Going ahead,N,No,N,N,N,Unknown,M,26,NA,NA,NA
200501EO40032,Slight,2,1,1/2/2005,Tuesday,22:55,Single motorway,30,T-junction,Give-way sign,No physical crossing facility,Lights lit,Fine,Dry,None,None,1,1,Driver,M,26,Slight,Not pedestrian,None,None,2,Motorcycle,Waiting to/Turning right,N,No,N,N,N,Unknown,NA,-1,NA,NA,NA
200501EO40033,Slight,2,1,3/2/2005,Thursday,15:55,Single motorway,30,T-junction,Give-way sign,Non-junction pedestrian light crossing,Daylight,Fine,Dry,None,None,2,1,Driver,M,30,Slight,Not pedestrian,None,None,1,Car,Waiting to/Turning right,N,No,N,N,N,Unknown,F,51,1997,Heavy oil,2
200501EO40033,Slight,2,1,3/2/2005,Thursday,15:55,Single motorway,30,T-junction,Give-way sign,Non-junction pedestrian light crossing,Daylight,Fine,Dry,None,None,2,1,Driver,M,30,Slight,Not pedestrian,None,None,2,Motorcycle,Overtaking,N,No,N,N,N,Unknown,M,30,125,Petrol,2
200501EO40035,Serious,1,1,15/2/2005,Tuesday,20:00,Single motorway,30,Not at junction,NA,No physical crossing facility,Lights lit,Fine,Dry,None,None,1,1,Pedestrian,F,-1,Serious,Elsewhere,None,None,1,Car,Reversing,N,No,N,N,N,Unknown,M,40,1995,Petrol,1
200501EO40036,Slight,2,1,16/2/2005,Wednesday,9:05,Single motorway,30,Roundabout,Give-way sign,No physical crossing facility,Daylight,Fine,Dry,None,None,2,1,Driver,M,-1,Slight,Not pedestrian,None,None,1,Car,Waiting to/Turning right,N,No,N,N,N,Unknown,M,50,1796,Petrol,3
200501EO40036,Slight,2,1,16/2/2005,Wednesday,9:05,Single motorway,30,Roundabout,Give-way sign,No physical crossing facility,Daylight,Fine,Dry,None,None,2,1,Driver,M,-1,Slight,Not pedestrian,None,None,2,Bicycle,Going ahead,N,No,N,N,N,Unknown,M,-1,NA,NA,NA
200501EO40037,Slight,2,1,7/2/2005,Monday,12:40,Single motorway,30,Not at junction,NA,No physical crossing facility,Daylight,Fine,Dry,None,None,1,1,Driver,M,44,Slight,Not pedestrian,None,None,1,Car,Going ahead,N,No,N,N,N,Unknown,M,44,1995,Heavy oil,5
200501EO40037,Slight,2,1,7/2/2005,Monday,12:40,Single motorway,30,Not at junction,NA,No physical crossing facility,Daylight,Fine,Dry,None,None,1,1,Driver,M,44,Slight,Not pedestrian,None,None,2,Car,Parking,N,No,N,N,N,Unknown,M,-1,NA,NA,NA
200501EO40038,Slight,1,1,15/2/2005,Tuesday,12:20,Dual motorway ,30,Not at junction,NA,No physical crossing facility,Daylight,Fine,Dry,None,None,1,1,Pedestrian,M,81,Slight,Elsewhere,None,None,1,Car,Reversing,N,No,N,N,N,Unknown,M,27,1596,Petrol,3
200501EO40040,Slight,1,1,14/2/2005,Monday,13:34,Single motorway,30,Not at junction,NA,No physical crossing facility,Daylight,Fine,Dry,None,None,1,1,Pedestrian,F,-1,Slight,Elsewhere,None,None,1,Car,Halting,N,No,N,N,N,Unknown,M,29,1997,Heavy oil,3
200501EO40041,Slight,1,1,15/2/2005,Tuesday,13:35,Single motorway,30,T-junction,Traffic light,No physical crossing facility,Daylight,Fine,Dry,None,None,1,1,Pedestrian,M,10,Slight,Elsewhere,None,None,1,Car,Going ahead,N,No,N,N,N,Unknown,F,49,NA,NA,NA
200501EO40042,Slight,2,1,17/2/2005,Thursday,10:00,Single motorway,30,T-junction,Give-way sign,No physical crossing facility,Daylight,Fine,Dry,Roadworks,None,1,1,Driver,M,56,Slight,Not pedestrian,None,None,1,Goods Van,Waiting,N,No,N,N,N,Unknown,M,56,2151,Heavy oil,2
200501EO40042,Slight,2,1,17/2/2005,Thursday,10:00,Single motorway,30,T-junction,Give-way sign,No physical crossing facility,Daylight,Fine,Dry,Roadworks,None,1,1,Driver,M,56,Slight,Not pedestrian,None,None,2,Car,Going ahead,N,No,N,N,N,Unknown,M,47,1812,Petrol,22
200501EO40043,Slight,1,1,15/2/2005,Tuesday,20:45,Single motorway,30,T-junction,Give-way sign,Zebra crossing,Lights lit,Fine,Dry,None,None,1,1,Pedestrian,M,30,Slight,Crossing on facility,None,None,1,Car,Moving off,N,No,N,N,N,Unknown,NA,-1,NA,NA,NA
200501EO40046,Slight,2,1,15/2/2005,Tuesday,16:00,Single motorway,30,Not at junction,NA,No physical crossing facility,Daylight,Fine,Dry,None,None,2,1,Driver,M,38,Slight,Not pedestrian,None,None,1,Car,U-turn,N,No,N,N,N,Unknown,F,-1,1242,Petrol,4
200501EO40046,Slight,2,1,15/2/2005,Tuesday,16:00,Single motorway,30,Not at junction,NA,No physical crossing facility,Daylight,Fine,Dry,None,None,2,1,Driver,M,38,Slight,Not pedestrian,None,None,2,Motorcycle,Going ahead,N,No,N,N,N,Unknown,M,38,125,Petrol,35
200501EO40047,Slight,1,1,16/2/2005,Wednesday,14:25,Single motorway,30,T-junction,Traffic light,No physical crossing facility,Daylight,Fine,Dry,None,None,1,1,Pedestrian,M,26,Slight,Unknown,None,None,1,Car,Going ahead,N,No,N,N,N,Unknown,M,43,NA,NA,NA
200501EO40049,Slight,2,1,16/2/2005,Wednesday,23:41,Single motorway,30,T-junction,Give-way sign,Crossing with island,Lights lit,Fine,Dry,None,None,2,1,Driver,M,33,Slight,Not pedestrian,None,None,1,Car,U-turn,N,No,N,N,N,Unknown,M,25,1598,Petrol,9
200501EO40049,Slight,2,1,16/2/2005,Wednesday,23:41,Single motorway,30,T-junction,Give-way sign,Crossing with island,Lights lit,Fine,Dry,None,None,2,1,Driver,M,33,Slight,Not pedestrian,None,None,2,Motorcycle,Going ahead,N,No,N,N,N,Unknown,M,33,553,Petrol,8
200501EO40053,Slight,2,1,21/2/2005,Monday,13:40,Single motorway,30,T-junction,Give-way sign,No physical crossing facility,Daylight,Snow,Wet,None,None,2,1,Driver,M,32,Slight,Not pedestrian,None,None,1,Taxi/Grab,Changing lane,N,No,N,N,N,Unknown,M,47,2402,Heavy oil,1
200501EO40053,Slight,2,1,21/2/2005,Monday,13:40,Single motorway,30,T-junction,Give-way sign,No physical crossing facility,Daylight,Snow,Wet,None,None,2,1,Driver,M,32,Slight,Not pedestrian,None,None,2,Motorcycle,Going ahead,N,No,N,N,N,Unknown,M,32,599,Petrol,1
200501EO40054,Slight,3,2,23/2/2005,Wednesday,11:06,Single motorway,30,T-junction,Give-way sign,No physical crossing facility,Daylight,Fine,Dry,None,None,2,1,Passenger,M,25,Slight,Not pedestrian,None,Seated,1,Goods Van,Changing lane,N,No,N,N,N,Job,M,-1,NA,NA,NA
200501EO40054,Slight,3,2,23/2/2005,Wednesday,11:06,Single motorway,30,T-junction,Give-way sign,No physical crossing facility,Daylight,Fine,Dry,None,None,2,1,Passenger,M,25,Slight,Not pedestrian,None,Seated,2,Bus/Coach,Going ahead,N,No,N,N,N,Job,M,31,NA,NA,NA
200501EO40054,Slight,3,2,23/2/2005,Wednesday,11:06,Single motorway,30,T-junction,Give-way sign,No physical crossing facility,Daylight,Fine,Dry,None,None,2,1,Passenger,M,25,Slight,Not pedestrian,None,Seated,3,Bus/Coach,Waiting,N,No,N,N,N,Job,M,26,7300,Heavy oil,2
200501EO40054,Slight,3,2,23/2/2005,Wednesday,11:06,Single motorway,30,T-junction,Give-way sign,No physical crossing facility,Daylight,Fine,Dry,None,None,2,2,Passenger,F,49,Slight,Not pedestrian,None,Seated,1,Goods Van,Changing lane,N,No,N,N,N,Job,M,-1,NA,NA,NA
200501EO40054,Slight,3,2,23/2/2005,Wednesday,11:06,Single motorway,30,T-junction,Give-way sign,No physical crossing facility,Daylight,Fine,Dry,None,None,2,2,Passenger,F,49,Slight,Not pedestrian,None,Seated,2,Bus/Coach,Going ahead,N,No,N,N,N,Job,M,31,NA,NA,NA
200501EO40054,Slight,3,2,23/2/2005,Wednesday,11:06,Single motorway,30,T-junction,Give-way sign,No physical crossing facility,Daylight,Fine,Dry,None,None,2,2,Passenger,F,49,Slight,Not pedestrian,None,Seated,3,Bus/Coach,Waiting,N,No,N,N,N,Job,M,26,7300,Heavy oil,2
200501EO40056,Slight,2,1,15/2/2005,Tuesday,9:20,Single motorway,30,Not at junction,NA,No physical crossing facility,Daylight,Fine,Dry,None,None,1,1,Driver,M,26,Slight,Not pedestrian,None,None,1,Bicycle,Overtaking,N,No,N,N,N,Unknown,M,26,NA,NA,NA
200501EO40056,Slight,2,1,15/2/2005,Tuesday,9:20,Single motorway,30,Not at junction,NA,No physical crossing facility,Daylight,Fine,Dry,None,None,1,1,Driver,M,26,Slight,Not pedestrian,None,None,2,Car,Overtaking,N,No,N,N,N,Unknown,M,-1,NA,NA,NA
200501EO40059,Slight,2,1,15/2/2005,Tuesday,18:24,Single motorway,30,More than 4 sections,Traffic light,Traffic light,Lights lit,Rain,Wet,None,None,2,1,Driver,M,27,Slight,Not pedestrian,None,None,1,Car,U-turn,N,No,N,N,N,Unknown,M,25,NA,NA,NA
200501EO40059,Slight,2,1,15/2/2005,Tuesday,18:24,Single motorway,30,More than 4 sections,Traffic light,Traffic light,Lights lit,Rain,Wet,None,None,2,1,Driver,M,27,Slight,Not pedestrian,None,None,2,Motorcycle,Going ahead,N,No,N,N,N,Unknown,M,27,487,Petrol,1
200501EO40060,Slight,1,1,19/2/2005,Saturday,15:00,Single motorway,30,T-junction,Give-way sign,No physical crossing facility,Daylight,Fine,Dry,None,None,1,1,Pedestrian,M,14,Slight,Elsewhere,None,None,1,Motorcycle,Going ahead,N,No,N,N,N,Unknown,NA,-1,NA,NA,NA
200501EO40063,Slight,1,1,1/2/2005,Tuesday,13:15,Single motorway,30,Roundabout,Give-way sign,Non-junction pedestrian light crossing,Daylight,Fine,Dry,None,None,1,1,Pedestrian,F,44,Slight,Crossing within 50m of facility,None,None,1,Motorcycle,Halting,N,No,N,N,N,Unknown,M,53,553,Petrol,12
200501EO40064,Slight,2,1,13/2/2005,Sunday,19:17,Single motorway,30,Not at junction,NA,No physical crossing facility,Lights lit,Rain,Wet,None,None,1,1,Driver,M,34,Slight,Not pedestrian,None,None,1,Motorcycle,Going ahead,N,No,N,N,N,Unknown,M,34,49,Petrol,1
200501EO40064,Slight,2,1,13/2/2005,Sunday,19:17,Single motorway,30,Not at junction,NA,No physical crossing facility,Lights lit,Rain,Wet,None,None,1,1,Driver,M,34,Slight,Not pedestrian,None,None,2,Car,U-turn,N,No,N,N,N,Unknown,M,30,998,Petrol,1
200501EO40066,Slight,2,1,11/2/2005,Friday,8:08,Single motorway,30,Crossroad,Give-way sign,No physical crossing facility,Daylight,Unknown,Wet,None,None,2,1,Driver,F,23,Slight,Not pedestrian,None,None,1,Car,Going ahead,N,No,N,N,N,Unknown,M,-1,NA,NA,NA
200501EO40066,Slight,2,1,11/2/2005,Friday,8:08,Single motorway,30,Crossroad,Give-way sign,No physical crossing facility,Daylight,Unknown,Wet,None,None,2,1,Driver,F,23,Slight,Not pedestrian,None,None,2,Bicycle,Going ahead,N,No,N,N,N,Unknown,F,23,NA,NA,NA
200501EO40068,Slight,2,1,7/2/2005,Monday,9:11,Single motorway,30,T-junction,Give-way sign,Zebra crossing,Daylight,Fine,Dry,None,None,2,1,Driver,M,38,Slight,Not pedestrian,None,None,1,Goods Van,Waiting to/Turning left,N,No,N,N,N,Unknown,M,43,NA,NA,NA
200501EO40068,Slight,2,1,7/2/2005,Monday,9:11,Single motorway,30,T-junction,Give-way sign,Zebra crossing,Daylight,Fine,Dry,None,None,2,1,Driver,M,38,Slight,Not pedestrian,None,None,2,Bicycle,Going ahead,N,No,N,N,N,Unknown,M,38,NA,NA,NA
200501EO40069,Slight,2,1,15/2/2005,Tuesday,9:50,Single motorway,30,T-junction,Give-way sign,No physical crossing facility,Daylight,Fine,Dry,None,None,2,1,Driver,F,21,Slight,Not pedestrian,None,None,1,Goods Van,Waiting to/Turning left,N,No,N,N,N,Job,M,41,2402,Heavy oil,2
200501EO40069,Slight,2,1,15/2/2005,Tuesday,9:50,Single motorway,30,T-junction,Give-way sign,No physical crossing facility,Daylight,Fine,Dry,None,None,2,1,Driver,F,21,Slight,Not pedestrian,None,None,2,Bicycle,Going ahead,N,No,N,N,N,Unknown,F,21,NA,NA,NA
200501EO40075,Slight,1,1,14/2/2005,Monday,19:09,Dual motorway ,30,Not at junction,NA,No physical crossing facility,Lights lit,Fine,Wet,None,None,1,1,Passenger,M,72,Slight,Not pedestrian,None,Boarding,1,Bus/Coach,Going ahead,N,No,N,N,N,Job,M,-1,NA,NA,NA
200501EO40082,Slight,2,1,13/2/2005,Sunday,0:05,Single motorway,30,T-junction,Give-way sign,Zebra crossing,Lights lit,Fine,Dry,None,None,1,1,Driver,M,21,Slight,Not pedestrian,None,None,1,Motorcycle,Going ahead,N,No,N,N,N,Unknown,M,21,124,Petrol,13
200501EO40082,Slight,2,1,13/2/2005,Sunday,0:05,Single motorway,30,T-junction,Give-way sign,Zebra crossing,Lights lit,Fine,Dry,None,None,1,1,Driver,M,21,Slight,Not pedestrian,None,None,2,Car,Waiting to/Turning right,N,No,N,N,N,Unknown,M,23,NA,NA,NA
200501EO40085,Slight,2,1,27/2/2005,Sunday,22:50,Single motorway,30,Crossroad,Traffic light,Traffic light,Lights lit,Fine,Dry,None,None,1,1,Driver,M,32,Slight,Not pedestrian,None,None,1,Motorcycle,Waiting to/Turning left,N,No,N,N,N,Unknown,M,32,49,Petrol,4
200501EO40085,Slight,2,1,27/2/2005,Sunday,22:50,Single motorway,30,Crossroad,Traffic light,Traffic light,Lights lit,Fine,Dry,None,None,1,1,Driver,M,32,Slight,Not pedestrian,None,None,2,Car,Going ahead,N,No,N,N,N,Unknown,M,-1,1686,Heavy oil,4
200501EO40086,Slight,2,1,21/2/2005,Monday,17:29,Single motorway,30,T-junction,Give-way sign,No physical crossing facility,Lights lit,Snow,Wet,None,None,1,1,Driver,M,19,Slight,Not pedestrian,None,None,1,Motorcycle,Going ahead,N,No,N,N,N,Unknown,M,19,49,Petrol,3
200501EO40086,Slight,2,1,21/2/2005,Monday,17:29,Single motorway,30,T-junction,Give-way sign,No physical crossing facility,Lights lit,Snow,Wet,None,None,1,1,Driver,M,19,Slight,Not pedestrian,None,None,2,Car,Waiting to/Turning right,N,No,N,N,N,Unknown,M,42,2200,Heavy oil,10
200501EO40087,Slight,2,1,21/2/2005,Monday,13:00,Single motorway,30,Crossroad,Traffic light,Traffic light,Daylight,Fine,Dry,None,None,1,1,Driver,M,30,Slight,Not pedestrian,None,None,1,Motorcycle,Going ahead,N,No,N,N,N,Unknown,M,30,599,Petrol,7
200501EO40087,Slight,2,1,21/2/2005,Monday,13:00,Single motorway,30,Crossroad,Traffic light,Traffic light,Daylight,Fine,Dry,None,None,1,1,Driver,M,30,Slight,Not pedestrian,None,None,2,Motorcycle,Waiting to/Turning right,N,No,N,N,N,Unknown,M,-1,NA,NA,NA
200501EO40089,Slight,2,1,22/2/2005,Tuesday,7:35,Single motorway,30,T-junction,Give-way sign,No physical crossing facility,Daylight,Fine,Wet,None,None,1,1,Driver,M,33,Slight,Not pedestrian,None,None,1,Car,Going ahead,N,No,N,N,N,Unknown,M,33,1761,Petrol,9
200501EO40089,Slight,2,1,22/2/2005,Tuesday,7:35,Single motorway,30,T-junction,Give-way sign,No physical crossing facility,Daylight,Fine,Wet,None,None,1,1,Driver,M,33,Slight,Not pedestrian,None,None,2,Car,Waiting to/Turning right,N,No,N,N,N,Unknown,M,-1,1781,Petrol,5
200501EO40095,Slight,2,1,8/2/2005,Tuesday,9:00,Single motorway,30,Crossroad,Traffic light,Traffic light,Daylight,Fine,Dry,None,None,2,1,Driver,F,29,Slight,Not pedestrian,None,None,1,Goods Van,Waiting to/Turning left,N,No,N,N,N,Unknown,M,57,NA,NA,NA
200501EO40095,Slight,2,1,8/2/2005,Tuesday,9:00,Single motorway,30,Crossroad,Traffic light,Traffic light,Daylight,Fine,Dry,None,None,2,1,Driver,F,29,Slight,Not pedestrian,None,None,2,Bicycle,Going ahead,N,No,N,N,N,Unknown,F,29,NA,NA,NA
200501EO40097,Slight,2,1,16/2/2005,Wednesday,19:30,Single motorway,30,T-junction,Traffic light,Traffic light,Lights lit,Fine,Dry,None,None,1,1,Driver,M,36,Slight,Not pedestrian,None,None,1,Motorcycle,Overtaking,N,No,N,N,N,Unknown,M,36,553,Petrol,16
200501EO40097,Slight,2,1,16/2/2005,Wednesday,19:30,Single motorway,30,T-junction,Traffic light,Traffic light,Lights lit,Fine,Dry,None,None,1,1,Driver,M,36,Slight,Not pedestrian,None,None,2,Car,Going ahead,N,No,N,N,N,Unknown,M,-1,NA,NA,NA
200501EO40099,Slight,1,1,10/2/2005,Thursday,13:45,Single motorway,30,Not at junction,NA,No physical crossing facility,Daylight,Fine,Dry,None,None,1,1,Passenger,F,70,Slight,Not pedestrian,None,Standing,1,Bus/Coach,Going ahead,N,No,N,N,N,Job,M,43,NA,Heavy oil,7