Accident_Index,Accident_Severity,Number_of_Vehicles,Number_of_Casualties,Date,Day_of_Week,Time,Road_Type,Speed_Limit,Junction_Detail,Junction_Control,Pedestrian_Crossing_Type,Light_Conditions,Weather_Conditions,Road_Surface_Conditions,Special_Conditions_at_Site,Road_Hazards,Vehicle_Reference.x,Casualty_Reference,Casualty_Class,Sex_of_Casualty,Age_of_Casualty,Casualty_Severity,Pedestrian_Location,Car_Passenger,Bus_or_Coach_Passenger,Vehicle_Reference.y,Vehicle_Type,Vehicle_Manoeuvre,Vehicle_in_Restricted_Lane,Skidding_and_Overturning,Hit_Object_on_Road,Vehicle_veer_off_Road,Hit_Object_off_Road,Journey_Purpose_of_Driver,Sex_of_Driver,Age_of_Driver,Engine_Capacity_CC,Engine_Type,Age_of_Vehicle
200501EO40345,Slight,2,1,22/4/2005,Friday,12:00,Single motorway,30,T-junction,Give-way sign,No physical crossing facility,Daylight,Fine,Dry,None,None,2,1,Driver,M,15,Slight,Not pedestrian,None,None,2,Bicycle,Changing lane,N,No,N,N,N,Unknown,M,15,NA,NA,NA
200501EO40346,Slight,1,1,10/4/2005,Sunday,17:28,Single motorway,30,T-junction,Give-way sign,No physical crossing facility,Daylight,Fine,Dry,None,None,1,1,Pedestrian,F,24,Slight,Sidewalk,None,None,1,Bus/Coach,Going ahead,N,No,N,N,N,Job,M,33,7300,Heavy oil,2
200501EO40347,Slight,2,1,18/4/2005,Monday,7:45,Single motorway,30,Not at junction,NA,Zebra crossing,Daylight,Rain,Wet,None,None,2,1,Driver,M,33,Slight,Not pedestrian,None,None,1,Car,Going ahead,N,No,N,N,N,Unknown,F,-1,1781,Petrol,5
200501EO40347,Slight,2,1,18/4/2005,Monday,7:45,Single motorway,30,Not at junction,NA,Zebra crossing,Daylight,Rain,Wet,None,None,2,1,Driver,M,33,Slight,Not pedestrian,None,None,2,Taxi/Grab,Going ahead,N,No,N,N,N,Job,M,33,NA,NA,NA
200501EO40348,Slight,1,1,10/5/2005,Tuesday,19:10,Single motorway,30,Not at junction,NA,No physical crossing facility,Daylight,Fine,Dry,None,None,1,1,Pedestrian,M,7,Slight,Elsewhere,None,None,1,Car,Going ahead,N,No,N,N,N,Unknown,M,48,NA,NA,NA
200501EO40349,Slight,1,1,13/5/2005,Friday,16:00,Single motorway,30,T-junction,Give-way sign,No physical crossing facility,Daylight,Fine,Dry,None,None,1,1,Pedestrian,M,12,Slight,Sidewalk,None,None,1,Bus/Coach,Going ahead,N,No,N,N,N,Unknown,M,45,8268,Heavy oil,2
200501EO40350,Slight,2,1,21/4/2005,Thursday,20:37,Single motorway,30,T-junction,Give-way sign,No physical crossing facility,Lights lit,Fine,Dry,None,None,2,1,Driver,M,29,Slight,Not pedestrian,None,None,1,Car,Parking,N,No,N,N,N,Unknown,M,44,1396,Petrol,16
200501EO40350,Slight,2,1,21/4/2005,Thursday,20:37,Single motorway,30,T-junction,Give-way sign,No physical crossing facility,Lights lit,Fine,Dry,None,None,2,1,Driver,M,29,Slight,Not pedestrian,None,None,2,Bicycle,Going ahead,N,No,N,N,N,Unknown,M,29,NA,NA,NA
200501EO40351,Serious,1,2,7/5/2005,Saturday,0:35,One way street,30,Not at junction,NA,No physical crossing facility,Lights lit,Rain,Wet,None,None,1,1,Passenger,M,23,Slight,Not pedestrian,Front seat,None,1,Car,Going ahead,N,No,Y,Y,Y,Unknown,M,22,1796,Petrol,12
200501EO40351,Serious,1,2,7/5/2005,Saturday,0:35,One way street,30,Not at junction,NA,No physical crossing facility,Lights lit,Rain,Wet,None,None,1,2,Driver,M,22,Serious,Not pedestrian,None,None,1,Car,Going ahead,N,No,Y,Y,Y,Unknown,M,22,1796,Petrol,12
200501EO40352,Slight,2,1,26/4/2005,Tuesday,15:30,Single motorway,30,Not at junction,NA,No physical crossing facility,Daylight,Fine,Dry,None,None,1,1,Driver,M,38,Slight,Not pedestrian,None,None,1,Motorcycle,Going ahead,N,No,N,N,N,Unknown,M,38,49,Petrol,2
200501EO40352,Slight,2,1,26/4/2005,Tuesday,15:30,Single motorway,30,Not at junction,NA,No physical crossing facility,Daylight,Fine,Dry,None,None,1,1,Driver,M,38,Slight,Not pedestrian,None,None,2,Car,U-turn,N,No,N,N,N,Unknown,M,-1,1796,Petrol,2
200501EO40353,Slight,2,2,27/4/2005,Wednesday,8:05,One way street,30,Not at junction,NA,Traffic light,Daylight,Fine,Dry,None,None,1,1,Driver,M,44,Slight,Not pedestrian,None,None,1,Motorcycle,Going ahead,N,No,N,N,N,Unknown,M,44,487,Petrol,2
200501EO40353,Slight,2,2,27/4/2005,Wednesday,8:05,One way street,30,Not at junction,NA,Traffic light,Daylight,Fine,Dry,None,None,1,1,Driver,M,44,Slight,Not pedestrian,None,None,2,Goods Van,Waiting,N,No,N,N,N,Unknown,M,-1,1998,Heavy oil,4
200501EO40353,Slight,2,2,27/4/2005,Wednesday,8:05,One way street,30,Not at junction,NA,Traffic light,Daylight,Fine,Dry,None,None,1,2,Pedestrian,M,-1,Slight,Crossing within 50m of facility,None,None,1,Motorcycle,Going ahead,N,No,N,N,N,Unknown,M,44,487,Petrol,2
200501EO40353,Slight,2,2,27/4/2005,Wednesday,8:05,One way street,30,Not at junction,NA,Traffic light,Daylight,Fine,Dry,None,None,1,2,Pedestrian,M,-1,Slight,Crossing within 50m of facility,None,None,2,Goods Van,Waiting,N,No,N,N,N,Unknown,M,-1,1998,Heavy oil,4
200501EO40354,Slight,2,1,27/4/2005,Wednesday,5:50,Single motorway,30,T-junction,Give-way sign,No physical crossing facility,Daylight,Fine,Wet,None,None,1,1,Driver,M,52,Slight,Not pedestrian,None,None,1,Car,Going ahead,N,No,N,N,N,Unknown,M,52,1796,Petrol,6
200501EO40354,Slight,2,1,27/4/2005,Wednesday,5:50,Single motorway,30,T-junction,Give-way sign,No physical crossing facility,Daylight,Fine,Wet,None,None,1,1,Driver,M,52,Slight,Not pedestrian,None,None,2,Car,Waiting to/Turning left,N,No,N,N,N,Unknown,M,-1,NA,NA,NA
200501EO40355,Slight,2,1,20/4/2005,Wednesday,19:45,Roundabout,30,Roundabout,Give-way sign,Zebra crossing,Daylight,Fine,Dry,None,None,1,1,Driver,M,40,Slight,Not pedestrian,None,None,1,Bicycle,Waiting,N,No,N,N,N,Unknown,M,40,NA,NA,NA
200501EO40355,Slight,2,1,20/4/2005,Wednesday,19:45,Roundabout,30,Roundabout,Give-way sign,Zebra crossing,Daylight,Fine,Dry,None,None,1,1,Driver,M,40,Slight,Not pedestrian,None,None,2,Car,Going ahead,N,No,N,N,N,Unknown,M,-1,1598,Petrol,15
200501EO40356,Slight,2,1,20/4/2005,Wednesday,10:45,One way street,30,Crossroad,Traffic light,Traffic light,Daylight,Fine,Dry,None,None,1,1,Driver,M,29,Slight,Not pedestrian,None,None,1,Motorcycle,Going ahead,N,No,N,N,N,Unknown,M,29,599,Petrol,7
200501EO40356,Slight,2,1,20/4/2005,Wednesday,10:45,One way street,30,Crossroad,Traffic light,Traffic light,Daylight,Fine,Dry,None,None,1,1,Driver,M,29,Slight,Not pedestrian,None,None,2,Car,Changing lane,N,No,N,N,N,Unknown,M,-1,NA,NA,NA
200501EO40358,Slight,1,1,17/5/2005,Tuesday,18:40,Single motorway,30,T-junction,Give-way sign,Zebra crossing,Daylight,Fine,Dry,None,None,1,1,Pedestrian,M,12,Slight,Crossing within 50m of facility,None,None,1,Car,Going ahead,N,No,N,N,N,Unknown,F,41,998,Petrol,3
200501EO40359,Slight,2,1,11/5/2005,Wednesday,8:20,Single motorway,30,Crossroad,Traffic light,Traffic light,Daylight,Fine,Dry,None,None,1,1,Driver,M,-1,Slight,Not pedestrian,None,None,1,Bicycle,Going ahead,N,No,N,N,N,Unknown,M,-1,NA,NA,NA
200501EO40359,Slight,2,1,11/5/2005,Wednesday,8:20,Single motorway,30,Crossroad,Traffic light,Traffic light,Daylight,Fine,Dry,None,None,1,1,Driver,M,-1,Slight,Not pedestrian,None,None,2,Bicycle,Going ahead,N,No,N,N,N,Unknown,M,-1,NA,NA,NA
200501EO40360,Slight,1,1,9/5/2005,Monday,9:30,Single motorway,30,Not at junction,NA,No physical crossing facility,Daylight,Fine,Dry,None,None,1,1,Pedestrian,M,43,Slight,Elsewhere,None,None,1,Car,Going ahead,N,No,N,N,N,Unknown,F,35,2171,Heavy oil,4
200501EO40361,Slight,2,1,3/5/2005,Tuesday,10:00,Single motorway,30,T-junction,Traffic light,Traffic light,Daylight,Fine,Dry,None,None,2,1,Driver,M,31,Slight,Not pedestrian,None,None,1,Car,Moving off,N,No,N,N,N,Unknown,M,-1,1995,Heavy oil,4
200501EO40361,Slight,2,1,3/5/2005,Tuesday,10:00,Single motorway,30,T-junction,Traffic light,Traffic light,Daylight,Fine,Dry,None,None,2,1,Driver,M,31,Slight,Not pedestrian,None,None,2,Car,Going ahead,N,No,N,N,N,Unknown,M,31,1998,Heavy oil,2
200501EO40362,Slight,2,1,4/5/2005,Wednesday,22:10,Single motorway,30,T-junction,Give-way sign,No physical crossing facility,Lights lit,Fine,Dry,None,None,1,1,Passenger,M,-1,Slight,Not pedestrian,Front seat,None,1,Car,Halting,N,No,N,N,N,Unknown,M,44,NA,NA,NA
200501EO40362,Slight,2,1,4/5/2005,Wednesday,22:10,Single motorway,30,T-junction,Give-way sign,No physical crossing facility,Lights lit,Fine,Dry,None,None,1,1,Passenger,M,-1,Slight,Not pedestrian,Front seat,None,2,Car,Waiting to/Turning right,N,No,N,N,N,Unknown,M,-1,NA,NA,NA
200501EO40363,Slight,2,1,10/4/2005,Sunday,14:32,Single motorway,30,Crossroad,Traffic light,Traffic light,Daylight,Fine,Dry,None,None,2,1,Driver,M,35,Slight,Not pedestrian,None,None,1,Car,Waiting to/Turning right,N,No,N,N,N,Unknown,M,57,2316,Petrol,18
200501EO40363,Slight,2,1,10/4/2005,Sunday,14:32,Single motorway,30,Crossroad,Traffic light,Traffic light,Daylight,Fine,Dry,None,None,2,1,Driver,M,35,Slight,Not pedestrian,None,None,2,Motorcycle,Going ahead,N,No,N,N,N,Unknown,M,35,124,Petrol,NA
200501EO40364,Slight,1,1,29/4/2005,Friday,18:30,Slip road,30,T-junction,Give-way sign,No physical crossing facility,Daylight,Fine,Dry,None,None,1,1,Pedestrian,M,49,Slight,Sidewalk,None,None,1,Bus/Coach,Going ahead,N,No,N,N,N,Unknown,M,50,9200,Heavy oil,NA
200501EO40365,Slight,1,1,18/3/2005,Friday,10:00,Single motorway,30,T-junction,Give-way sign,No physical crossing facility,Daylight,Fine,Dry,None,None,1,1,Passenger,F,33,Slight,Not pedestrian,None,Seated,1,Bus/Coach,Going ahead,N,No,N,N,N,Unknown,M,48,NA,Heavy oil,6
200501EO40366,Serious,1,1,7/5/2005,Saturday,23:45,Single motorway,30,Not at junction,NA,No physical crossing facility,Lights lit,Fine,Dry,None,None,1,1,Passenger,M,27,Serious,Not pedestrian,None,Standing,1,Bus/Coach,Moving off,N,No,N,N,N,Unknown,M,-1,NA,NA,NA
200501EO40367,Slight,1,1,9/5/2005,Monday,19:15,Dual motorway ,30,Crossroad,Traffic light,Traffic light,Daylight,Fine,Dry,None,None,1,1,Pedestrian,F,51,Slight,Crossing within 50m of facility,None,None,1,Motorcycle,Going ahead,N,No,N,N,N,Unknown,F,-1,NA,NA,NA
200501EO40368,Slight,1,1,14/5/2005,Saturday,6:30,Single motorway,30,Not at junction,NA,No physical crossing facility,Lights lit,Fine,Dry,None,None,1,1,Pedestrian,M,40,Slight,Unknown,None,None,1,Car,Reversing,N,No,N,N,N,Unknown,M,-1,NA,NA,NA
200501EO40369,Slight,1,1,9/5/2005,Monday,15:25,Dual motorway ,30,T-junction,Give-way sign,No physical crossing facility,Daylight,Fine,Dry,None,None,1,1,Pedestrian,M,29,Slight,Elsewhere,None,None,1,Car,Going ahead,N,No,N,N,N,Unknown,M,30,NA,NA,NA
200501EO40370,Slight,1,1,11/5/2005,Wednesday,9:35,Single motorway,30,Crossroad,Traffic light,Traffic light,Daylight,Fine,Dry,None,None,1,1,Pedestrian,M,26,Slight,Crossing within 50m of facility,None,None,1,Taxi/Grab,Going ahead,N,No,N,N,N,Unknown,M,68,2402,Heavy oil,1
200501EO40371,Slight,2,1,15/4/2005,Friday,19:38,Single motorway,30,Crossroad,Traffic light,Traffic light,Lights lit,Fine,Dry,None,None,2,1,Driver,F,44,Slight,Not pedestrian,None,None,1,Car,Changing lane,N,No,N,N,N,Unknown,F,34,NA,NA,NA
200501EO40371,Slight,2,1,15/4/2005,Friday,19:38,Single motorway,30,Crossroad,Traffic light,Traffic light,Lights lit,Fine,Dry,None,None,2,1,Driver,F,44,Slight,Not pedestrian,None,None,2,Car,Going ahead,N,No,N,N,N,Unknown,F,44,1124,Petrol,2
200501EO40372,Slight,2,1,15/4/2005,Friday,15:50,Single motorway,30,Crossroad,Give-way sign,No physical crossing facility,Daylight,Fine,Dry,None,None,1,1,Driver,F,54,Slight,Not pedestrian,None,None,1,Car,Going ahead,N,No,N,N,N,Unknown,F,54,999,Petrol,6
200501EO40372,Slight,2,1,15/4/2005,Friday,15:50,Single motorway,30,Crossroad,Give-way sign,No physical crossing facility,Daylight,Fine,Dry,None,None,1,1,Driver,F,54,Slight,Not pedestrian,None,None,2,Car,Parking,N,No,N,N,N,Unknown,NA,-1,NA,NA,NA
200501EO40373,Slight,2,1,15/4/2005,Friday,9:27,Single motorway,30,Not at junction,NA,No physical crossing facility,Daylight,Fine,Dry,None,None,1,1,Passenger,F,24,Slight,Not pedestrian,Rear seat,None,1,Car,Going ahead,N,No,N,N,N,Unknown,M,63,1240,Petrol,1
200501EO40373,Slight,2,1,15/4/2005,Friday,9:27,Single motorway,30,Not at junction,NA,No physical crossing facility,Daylight,Fine,Dry,None,None,1,1,Passenger,F,24,Slight,Not pedestrian,Rear seat,None,2,Car,Moving off,N,No,N,N,N,Unknown,M,45,1397,Petrol,18
200501EO40374,Slight,1,1,10/5/2005,Tuesday,10:10,Single motorway,30,Not at junction,NA,No physical crossing facility,Daylight,Fine,Dry,None,None,1,1,Pedestrian,M,20,Slight,Elsewhere,None,None,1,Bus/Coach,Halting,N,No,N,N,N,Unknown,M,-1,NA,Heavy oil,4
200501EO40375,Slight,2,1,7/5/2005,Saturday,11:40,Single motorway,30,Private entrance,Give-way sign,No physical crossing facility,Daylight,Fine,Dry,None,None,1,1,Driver,F,42,Slight,Not pedestrian,None,None,1,Car,Waiting to/Turning right,N,No,N,N,N,Unknown,F,42,1422,Heavy oil,3
200501EO40375,Slight,2,1,7/5/2005,Saturday,11:40,Single motorway,30,Private entrance,Give-way sign,No physical crossing facility,Daylight,Fine,Dry,None,None,1,1,Driver,F,42,Slight,Not pedestrian,None,None,2,Car,Going ahead,N,No,N,N,N,Unknown,M,-1,1984,Petrol,3
200501EO40376,Slight,2,2,27/4/2005,Wednesday,9:40,Single motorway,30,Crossroad,Traffic light,Traffic light,Daylight,Fine,Dry,None,None,2,1,Driver,M,18,Slight,Not pedestrian,None,None,1,Motorcycle,Going ahead,N,No,N,N,N,Unknown,M,31,198,Petrol,1
200501EO40376,Slight,2,2,27/4/2005,Wednesday,9:40,Single motorway,30,Crossroad,Traffic light,Traffic light,Daylight,Fine,Dry,None,None,2,1,Driver,M,18,Slight,Not pedestrian,None,None,2,Motorcycle,Overtaking,N,No,Y,Y,N,Unknown,M,18,124,Petrol,2
200501EO40376,Slight,2,2,27/4/2005,Wednesday,9:40,Single motorway,30,Crossroad,Traffic light,Traffic light,Daylight,Fine,Dry,None,None,2,2,Pedestrian,F,39,Slight,Footbridge,None,None,1,Motorcycle,Going ahead,N,No,N,N,N,Unknown,M,31,198,Petrol,1
200501EO40376,Slight,2,2,27/4/2005,Wednesday,9:40,Single motorway,30,Crossroad,Traffic light,Traffic light,Daylight,Fine,Dry,None,None,2,2,Pedestrian,F,39,Slight,Footbridge,None,None,2,Motorcycle,Overtaking,N,No,Y,Y,N,Unknown,M,18,124,Petrol,2
200501EO40378,Slight,2,1,7/3/2005,Monday,16:31,Dual motorway ,30,T-junction,Give-way sign,No physical crossing facility,Daylight,Fine,Dry,None,None,1,1,Driver,F,30,Slight,Not pedestrian,None,None,1,Car,Going ahead,N,No,N,N,N,Unknown,F,30,1995,Petrol,3
200501EO40378,Slight,2,1,7/3/2005,Monday,16:31,Dual motorway ,30,T-junction,Give-way sign,No physical crossing facility,Daylight,Fine,Dry,None,None,1,1,Driver,F,30,Slight,Not pedestrian,None,None,2,Goods Van,Going ahead,N,No,N,N,N,Unknown,M,37,NA,NA,NA
200501EO40379,Serious,2,1,21/4/2005,Thursday,16:15,Single motorway,30,Crossroad,Traffic light,Traffic light,Daylight,Fine,Dry,None,None,1,1,Driver,M,31,Serious,Not pedestrian,None,None,1,Bicycle,Going ahead,N,No,N,N,N,Unknown,M,31,NA,NA,NA
200501EO40379,Serious,2,1,21/4/2005,Thursday,16:15,Single motorway,30,Crossroad,Traffic light,Traffic light,Daylight,Fine,Dry,None,None,1,1,Driver,M,31,Serious,Not pedestrian,None,None,2,Car,Waiting to/Turning right,N,No,N,N,N,Unknown,M,-1,1753,Heavy oil,8
200501EO40380,Slight,2,1,6/3/2005,Sunday,22:10,Single motorway,30,T-junction,Traffic light,Traffic light,Lights lit,Fine,Dry,None,None,1,1,Driver,M,37,Slight,Not pedestrian,None,None,1,Car,Waiting to/Turning right,N,No,N,N,N,Unknown,M,37,1796,Petrol,5
200501EO40380,Slight,2,1,6/3/2005,Sunday,22:10,Single motorway,30,T-junction,Traffic light,Traffic light,Lights lit,Fine,Dry,None,None,1,1,Driver,M,37,Slight,Not pedestrian,None,None,2,Car,Going ahead,N,No,N,N,N,Unknown,M,-1,NA,NA,NA
200501EO40381,Slight,2,1,15/5/2005,Sunday,15:30,Single motorway,30,Not at junction,NA,No physical crossing facility,Daylight,Fine,Dry,None,None,1,1,Driver,M,43,Slight,Not pedestrian,None,None,1,Car,Going ahead,N,No,N,N,N,Unknown,M,43,1124,Petrol,6
200501EO40381,Slight,2,1,15/5/2005,Sunday,15:30,Single motorway,30,Not at junction,NA,No physical crossing facility,Daylight,Fine,Dry,None,None,1,1,Driver,M,43,Slight,Not pedestrian,None,None,2,Car,Going ahead,N,No,N,N,N,Unknown,M,-1,NA,NA,NA
200501EO40384,Slight,2,1,4/5/2005,Wednesday,6:50,Single motorway,30,T-junction,Give-way sign,No physical crossing facility,Daylight,Fine,Dry,None,None,1,1,Driver,M,24,Slight,Not pedestrian,None,None,1,Motorcycle,Waiting to/Turning left,N,No,N,N,N,Unknown,M,24,124,Petrol,4
200501EO40384,Slight,2,1,4/5/2005,Wednesday,6:50,Single motorway,30,T-junction,Give-way sign,No physical crossing facility,Daylight,Fine,Dry,None,None,1,1,Driver,M,24,Slight,Not pedestrian,None,None,2,Goods Van,Reversing,N,No,N,N,N,Unknown,M,40,2494,Heavy oil,5
200501EO40385,Slight,2,1,7/5/2005,Saturday,13:32,Single motorway,30,T-junction,Traffic light,Traffic light,Daylight,Fine,Dry,None,None,1,1,Passenger,F,23,Slight,Not pedestrian,None,Seated,1,Bus/Coach,Moving off,N,No,N,N,N,Job,M,60,7300,Heavy oil,3
200501EO40385,Slight,2,1,7/5/2005,Saturday,13:32,Single motorway,30,T-junction,Traffic light,Traffic light,Daylight,Fine,Dry,None,None,1,1,Passenger,F,23,Slight,Not pedestrian,None,Seated,2,Car,Overtaking,N,No,N,N,N,Unknown,M,-1,NA,NA,NA
200501EO40386,Slight,1,1,9/5/2005,Monday,17:17,Single motorway,30,T-junction,Give-way sign,No physical crossing facility,Daylight,Fine,Dry,None,None,1,1,Passenger,F,55,Slight,Not pedestrian,None,Seated,1,Bus/Coach,Halting,N,No,N,N,N,Job,M,42,7300,Heavy oil,4
200501EO40387,Slight,1,1,16/5/2005,Monday,15:27,Single motorway,30,T-junction,Traffic light,Traffic light,Daylight,Rain,Wet,Roadworks,None,1,1,Pedestrian,M,53,Slight,Crossing within 50m of facility,None,None,1,Taxi/Grab,Going ahead,N,No,N,N,N,Unknown,F,37,2664,Heavy oil,8
200501EO40388,Slight,1,1,10/5/2005,Tuesday,16:20,Single motorway,30,T-junction,Traffic light,Traffic light,Daylight,Fine,Dry,None,None,1,1,Pedestrian,F,40,Slight,Footbridge,None,None,1,Unknown,Going ahead,N,No,N,N,N,Unknown,M,-1,NA,NA,NA
200501EO40390,Slight,2,2,28/4/2005,Thursday,19:35,Single motorway,30,Not at junction,NA,No physical crossing facility,Daylight,Fine,Dry,None,None,1,1,Passenger,F,22,Slight,Not pedestrian,None,Seated,1,Bus/Coach,Halting,N,No,N,N,N,Job,M,-1,7300,Heavy oil,2
200501EO40390,Slight,2,2,28/4/2005,Thursday,19:35,Single motorway,30,Not at junction,NA,No physical crossing facility,Daylight,Fine,Dry,None,None,1,1,Passenger,F,22,Slight,Not pedestrian,None,Seated,2,Goods Van,Changing lane,N,No,N,N,N,Unknown,NA,-1,NA,NA,NA
200501EO40390,Slight,2,2,28/4/2005,Thursday,19:35,Single motorway,30,Not at junction,NA,No physical crossing facility,Daylight,Fine,Dry,None,None,1,2,Passenger,M,56,Slight,Not pedestrian,None,Standing,1,Bus/Coach,Halting,N,No,N,N,N,Job,M,-1,7300,Heavy oil,2
200501EO40390,Slight,2,2,28/4/2005,Thursday,19:35,Single motorway,30,Not at junction,NA,No physical crossing facility,Daylight,Fine,Dry,None,None,1,2,Passenger,M,56,Slight,Not pedestrian,None,Standing,2,Goods Van,Changing lane,N,No,N,N,N,Unknown,NA,-1,NA,NA,NA
200501EO40391,Serious,2,1,27/5/2005,Friday,11:20,Single motorway,30,Crossroad,Traffic light,Traffic light,Daylight,Fine,Dry,None,None,2,1,Pedestrian,M,40,Serious,Footbridge,None,None,1,Taxi/Grab,Going ahead,N,No,N,N,N,Unknown,M,48,2664,Heavy oil,6
200501EO40391,Serious,2,1,27/5/2005,Friday,11:20,Single motorway,30,Crossroad,Traffic light,Traffic light,Daylight,Fine,Dry,None,None,2,1,Pedestrian,M,40,Serious,Footbridge,None,None,2,Motorcycle,Going ahead,N,No,Y,Y,Y,Unknown,M,49,176,Petrol,3
200501EO40392,Slight,2,1,24/5/2005,Tuesday,13:50,Single motorway,30,T-junction,Traffic light,Traffic light,Daylight,Fine,Dry,None,None,2,1,Driver,F,31,Slight,Not pedestrian,None,None,1,Car,Parking,N,No,N,N,N,Unknown,M,44,1391,Petrol,10
200501EO40392,Slight,2,1,24/5/2005,Tuesday,13:50,Single motorway,30,T-junction,Traffic light,Traffic light,Daylight,Fine,Dry,None,None,2,1,Driver,F,31,Slight,Not pedestrian,None,None,2,Bicycle,Going ahead,N,No,N,N,N,Unknown,F,31,NA,NA,NA
200501EO40393,Slight,2,1,26/2/2005,Saturday,2:43,Single motorway,30,Not at junction,NA,No physical crossing facility,Lights lit,Snow,Wet,None,None,1,1,Driver,M,17,Slight,Not pedestrian,None,None,1,Motorcycle,Going ahead,N,No,N,N,N,Unknown,M,17,49,Petrol,6
200501EO40393,Slight,2,1,26/2/2005,Saturday,2:43,Single motorway,30,Not at junction,NA,No physical crossing facility,Lights lit,Snow,Wet,None,None,1,1,Driver,M,17,Slight,Not pedestrian,None,None,2,Car,Going ahead,N,No,N,N,N,Unknown,F,-1,NA,NA,NA
200501EO40395,Slight,2,1,17/5/2005,Tuesday,8:34,Single motorway,30,T-junction,Give-way sign,No physical crossing facility,Daylight,Fine,Dry,None,None,1,1,Driver,F,19,Slight,Not pedestrian,None,None,1,Motorcycle,Going ahead,N,No,N,N,N,Unknown,F,19,100,Petrol,1
200501EO40395,Slight,2,1,17/5/2005,Tuesday,8:34,Single motorway,30,T-junction,Give-way sign,No physical crossing facility,Daylight,Fine,Dry,None,None,1,1,Driver,F,19,Slight,Not pedestrian,None,None,2,Car,Waiting to/Turning right,N,No,N,N,N,Unknown,M,43,1597,Petrol,5
200501EO40396,Slight,2,1,13/5/2005,Friday,11:11,One way street,30,More than 4 sections,Traffic light,Traffic light,Daylight,Fine,Dry,None,None,1,1,Driver,M,22,Slight,Not pedestrian,None,None,1,Motorcycle,Going ahead,N,No,N,N,N,Unknown,M,22,49,Petrol,1
200501EO40396,Slight,2,1,13/5/2005,Friday,11:11,One way street,30,More than 4 sections,Traffic light,Traffic light,Daylight,Fine,Dry,None,None,1,1,Driver,M,22,Slight,Not pedestrian,None,None,2,Goods Van,Changing lane,N,No,N,N,N,Unknown,NA,-1,NA,NA,NA
200501EO40397,Slight,2,1,17/4/2005,Sunday,15:35,Single motorway,30,More than 4 sections,Traffic light,Traffic light,Daylight,Fine,Dry,None,None,2,1,Driver,M,37,Slight,Not pedestrian,None,None,1,Car,Waiting to/Turning right,N,No,N,N,N,Unknown,M,38,1896,Heavy oil,6
200501EO40397,Slight,2,1,17/4/2005,Sunday,15:35,Single motorway,30,More than 4 sections,Traffic light,Traffic light,Daylight,Fine,Dry,None,None,2,1,Driver,M,37,Slight,Not pedestrian,None,None,2,Bicycle,Going ahead,N,No,N,N,N,Unknown,M,37,NA,NA,NA
200501EO40398,Slight,2,1,27/4/2005,Wednesday,21:45,Single motorway,30,Crossroad,Traffic light,Traffic light,Lights lit,Fine,Dry,None,None,2,1,Driver,M,30,Slight,Not pedestrian,None,None,1,Car,Halting,N,No,N,N,N,Job,M,47,NA,NA,NA
200501EO40398,Slight,2,1,27/4/2005,Wednesday,21:45,Single motorway,30,Crossroad,Traffic light,Traffic light,Lights lit,Fine,Dry,None,None,2,1,Driver,M,30,Slight,Not pedestrian,None,None,2,Car,Going ahead,N,No,N,N,N,Job,M,30,NA,NA,NA
200501EO40399,Slight,1,1,29/4/2005,Friday,15:25,Single motorway,30,T-junction,Traffic light,No physical crossing facility,Daylight,Fine,Dry,None,None,1,1,Pedestrian,F,30,Slight,Unknown,None,None,1,Motorcycle,Going ahead,N,No,N,N,N,Unknown,F,40,124,Petrol,3
200501EO40400,Slight,2,1,12/5/2005,Thursday,16:36,Single motorway,30,Crossroad,Traffic light,Traffic light,Daylight,Fine,Dry,None,None,2,1,Driver,F,37,Slight,Not pedestrian,None,None,1,Car,Overtaking,N,No,N,N,N,Unknown,M,-1,1799,Petrol,NA
200501EO40400,Slight,2,1,12/5/2005,Thursday,16:36,Single motorway,30,Crossroad,Traffic light,Traffic light,Daylight,Fine,Dry,None,None,2,1,Driver,F,37,Slight,Not pedestrian,None,None,2,Bicycle,Going ahead,N,No,N,N,N,Unknown,F,37,NA,NA,NA
200501EO40401,Slight,2,1,23/4/2005,Saturday,18:35,Single motorway,30,T-junction,Give-way sign,No physical crossing facility,Daylight,Fine,Dry,None,None,1,1,Driver,F,27,Slight,Not pedestrian,None,None,1,Car,Halting,N,No,N,N,N,Unknown,F,27,954,Petrol,10
200501EO40401,Slight,2,1,23/4/2005,Saturday,18:35,Single motorway,30,T-junction,Give-way sign,No physical crossing facility,Daylight,Fine,Dry,None,None,1,1,Driver,F,27,Slight,Not pedestrian,None,None,2,Motorcycle,Halting,N,No,N,N,N,Unknown,M,30,85,Petrol,9
200501EO40402,Slight,2,1,12/5/2005,Thursday,17:45,Single motorway,30,Not at junction,NA,No physical crossing facility,Daylight,Fine,Dry,None,None,2,1,Driver,M,14,Slight,Not pedestrian,None,None,1,Car,Going ahead,N,No,N,N,N,Unknown,F,35,1598,Petrol,5
200501EO40402,Slight,2,1,12/5/2005,Thursday,17:45,Single motorway,30,Not at junction,NA,No physical crossing facility,Daylight,Fine,Dry,None,None,2,1,Driver,M,14,Slight,Not pedestrian,None,None,2,Bicycle,Going ahead,N,No,N,N,N,Unknown,M,14,NA,NA,NA
200501EO40403,Serious,1,1,12/5/2005,Thursday,22:25,One way street,30,Crossroad,Traffic light,Traffic light,Lights lit,Fine,Dry,None,None,1,1,Pedestrian,M,31,Serious,Crossing within 50m of facility,None,None,1,Taxi/Grab,Going ahead,N,No,N,N,N,Unknown,M,32,2664,Heavy oil,4