Accident_Index,Accident_Severity,Number_of_Vehicles,Number_of_Casualties,Date,Day_of_Week,Time,Road_Type,Speed_Limit,Junction_Detail,Junction_Control,Pedestrian_Crossing_Type,Light_Conditions,Weather_Conditions,Road_Surface_Conditions,Special_Conditions_at_Site,Road_Hazards,Vehicle_Reference.x,Casualty_Reference,Casualty_Class,Sex_of_Casualty,Age_of_Casualty,Casualty_Severity,Pedestrian_Location,Car_Passenger,Bus_or_Coach_Passenger,Vehicle_Reference.y,Vehicle_Type,Vehicle_Manoeuvre,Vehicle_in_Restricted_Lane,Skidding_and_Overturning,Hit_Object_on_Road,Vehicle_veer_off_Road,Hit_Object_off_Road,Journey_Purpose_of_Driver,Sex_of_Driver,Age_of_Driver,Engine_Capacity_CC,Engine_Type,Age_of_Vehicle
200501EO40404,Serious,2,1,2/5/2005,Monday,19:21,Single motorway,30,T-junction,Give-way sign,No physical crossing facility,Daylight,Fine,Dry,None,None,2,1,Driver,M,18,Serious,Not pedestrian,None,None,1,Car,Waiting to/Turning right,N,No,N,N,N,Unknown,F,45,1597,Petrol,7
200501EO40404,Serious,2,1,2/5/2005,Monday,19:21,Single motorway,30,T-junction,Give-way sign,No physical crossing facility,Daylight,Fine,Dry,None,None,2,1,Driver,M,18,Serious,Not pedestrian,None,None,2,Motorcycle,Going ahead,N,No,N,N,N,Unknown,M,18,NA,NA,NA
200501EO40405,Slight,2,1,13/5/2005,Friday,16:45,Single motorway,30,Not at junction,NA,No physical crossing facility,Daylight,Fine,Dry,None,None,1,1,Driver,M,34,Slight,Not pedestrian,None,None,1,Motorcycle,Overtaking,N,No,N,N,N,Unknown,M,34,NA,NA,NA
200501EO40405,Slight,2,1,13/5/2005,Friday,16:45,Single motorway,30,Not at junction,NA,No physical crossing facility,Daylight,Fine,Dry,None,None,1,1,Driver,M,34,Slight,Not pedestrian,None,None,2,Car,U-turn,N,No,N,N,N,Unknown,M,35,NA,NA,NA
200501EO40406,Slight,3,1,13/5/2005,Friday,17:38,Single motorway,30,T-junction,Give-way sign,No physical crossing facility,Daylight,Fine,Dry,None,None,1,1,Driver,F,39,Slight,Not pedestrian,None,None,1,Motorcycle,Overtaking,N,No,N,N,N,Unknown,F,39,176,Petrol,4
200501EO40406,Slight,3,1,13/5/2005,Friday,17:38,Single motorway,30,T-junction,Give-way sign,No physical crossing facility,Daylight,Fine,Dry,None,None,1,1,Driver,F,39,Slight,Not pedestrian,None,None,2,Car,Going ahead,N,No,N,N,N,Unknown,M,-1,NA,NA,NA
200501EO40406,Slight,3,1,13/5/2005,Friday,17:38,Single motorway,30,T-junction,Give-way sign,No physical crossing facility,Daylight,Fine,Dry,None,None,1,1,Driver,F,39,Slight,Not pedestrian,None,None,3,Car,Going ahead,N,No,N,N,N,Unknown,M,-1,1761,Petrol,11
200501EO40407,Slight,2,1,12/5/2005,Thursday,9:15,Single motorway,30,T-junction,Give-way sign,No physical crossing facility,Daylight,Fine,Dry,None,None,1,1,Driver,M,36,Slight,Not pedestrian,None,None,1,Bicycle,Overtaking,N,No,N,N,N,Unknown,M,36,NA,NA,NA
200501EO40407,Slight,2,1,12/5/2005,Thursday,9:15,Single motorway,30,T-junction,Give-way sign,No physical crossing facility,Daylight,Fine,Dry,None,None,1,1,Driver,M,36,Slight,Not pedestrian,None,None,2,Goods Van,Waiting to/Turning right,N,No,N,N,N,Unknown,M,40,1753,Heavy oil,5
200501EO40408,Slight,2,1,13/5/2005,Friday,22:52,Single motorway,30,T-junction,Give-way sign,No physical crossing facility,Lights lit,Fine,Dry,None,None,1,1,Driver,M,26,Slight,Not pedestrian,None,None,1,Motorcycle,Going ahead,N,No,N,N,N,Unknown,M,26,553,Petrol,12
200501EO40408,Slight,2,1,13/5/2005,Friday,22:52,Single motorway,30,T-junction,Give-way sign,No physical crossing facility,Lights lit,Fine,Dry,None,None,1,1,Driver,M,26,Slight,Not pedestrian,None,None,2,Car,Going ahead,N,No,N,N,N,Unknown,M,37,2290,Petrol,9
200501EO40409,Slight,2,1,15/5/2005,Sunday,14:49,Single motorway,30,Not at junction,NA,No physical crossing facility,Daylight,Fine,Dry,None,None,2,1,Passenger,M,17,Slight,Not pedestrian,Rear seat,None,1,Goods Van,Going ahead,N,No,N,N,N,Unknown,M,40,1870,Heavy oil,1
200501EO40409,Slight,2,1,15/5/2005,Sunday,14:49,Single motorway,30,Not at junction,NA,No physical crossing facility,Daylight,Fine,Dry,None,None,2,1,Passenger,M,17,Slight,Not pedestrian,Rear seat,None,2,Car,Halting,N,No,N,N,N,Unknown,F,44,1781,Petrol,2
200501EO40410,Slight,2,1,15/5/2005,Sunday,5:54,Single motorway,30,T-junction,Give-way sign,No physical crossing facility,Daylight,Fine,Dry,None,None,1,1,Driver,F,22,Slight,Not pedestrian,None,None,1,Car,Going ahead,N,No,N,N,N,Unknown,F,22,1796,Petrol,1
200501EO40410,Slight,2,1,15/5/2005,Sunday,5:54,Single motorway,30,T-junction,Give-way sign,No physical crossing facility,Daylight,Fine,Dry,None,None,1,1,Driver,F,22,Slight,Not pedestrian,None,None,2,Car,U-turn,N,No,N,N,N,Unknown,M,32,1995,Petrol,3
200501EO40413,Slight,1,1,18/5/2005,Wednesday,18:10,Single motorway,30,Not at junction,NA,Crossing with island,Daylight,Fine,Dry,None,None,1,1,Pedestrian,M,23,Slight,Elsewhere,None,None,1,Motorcycle,Going ahead,N,No,N,N,N,Unknown,M,39,125,Petrol,7
200501EO40414,Serious,2,2,19/5/2005,Thursday,14:35,Single motorway,30,T-junction,Give-way sign,No physical crossing facility,Daylight,Rain,Wet,None,None,2,1,Driver,M,31,Slight,Not pedestrian,None,None,1,Car,Waiting to/Turning left,N,No,N,N,N,Unknown,M,70,2088,Heavy oil,8
200501EO40414,Serious,2,2,19/5/2005,Thursday,14:35,Single motorway,30,T-junction,Give-way sign,No physical crossing facility,Daylight,Rain,Wet,None,None,2,1,Driver,M,31,Slight,Not pedestrian,None,None,2,Motorcycle,Going ahead,N,No,N,N,N,Unknown,M,31,883,Petrol,1
200501EO40414,Serious,2,2,19/5/2005,Thursday,14:35,Single motorway,30,T-junction,Give-way sign,No physical crossing facility,Daylight,Rain,Wet,None,None,2,2,Passenger,F,27,Serious,Not pedestrian,None,None,1,Car,Waiting to/Turning left,N,No,N,N,N,Unknown,M,70,2088,Heavy oil,8
200501EO40414,Serious,2,2,19/5/2005,Thursday,14:35,Single motorway,30,T-junction,Give-way sign,No physical crossing facility,Daylight,Rain,Wet,None,None,2,2,Passenger,F,27,Serious,Not pedestrian,None,None,2,Motorcycle,Going ahead,N,No,N,N,N,Unknown,M,31,883,Petrol,1
200501EO40417,Slight,2,1,24/5/2005,Tuesday,11:55,One way street,30,T-junction,Give-way sign,No physical crossing facility,Daylight,Rain,Wet,None,None,2,1,Driver,F,30,Slight,Not pedestrian,None,None,1,Motorcycle,Waiting to/Turning left,N,No,N,N,N,Unknown,M,28,124,Petrol,NA
200501EO40417,Slight,2,1,24/5/2005,Tuesday,11:55,One way street,30,T-junction,Give-way sign,No physical crossing facility,Daylight,Rain,Wet,None,None,2,1,Driver,F,30,Slight,Not pedestrian,None,None,2,Bicycle,Going ahead,N,No,N,N,N,Unknown,F,30,NA,NA,NA
200501EO40418,Slight,2,1,24/5/2005,Tuesday,17:17,Single motorway,30,T-junction,Give-way sign,No physical crossing facility,Daylight,Fine,Dry,None,None,1,1,Driver,F,34,Slight,Not pedestrian,None,None,1,Motorcycle,Overtaking,N,No,N,N,N,Unknown,F,34,124,Petrol,5
200501EO40418,Slight,2,1,24/5/2005,Tuesday,17:17,Single motorway,30,T-junction,Give-way sign,No physical crossing facility,Daylight,Fine,Dry,None,None,1,1,Driver,F,34,Slight,Not pedestrian,None,None,2,Car,Waiting to/Turning right,N,No,N,N,N,Unknown,M,29,1598,Petrol,4
200501EO40420,Serious,2,1,24/5/2005,Tuesday,17:25,Single motorway,30,T-junction,Traffic light,Traffic light,Daylight,Fine,Dry,None,None,1,1,Driver,M,34,Serious,Not pedestrian,None,None,1,Bicycle,Going ahead,N,No,N,N,N,Unknown,M,34,NA,NA,NA
200501EO40420,Serious,2,1,24/5/2005,Tuesday,17:25,Single motorway,30,T-junction,Traffic light,Traffic light,Daylight,Fine,Dry,None,None,1,1,Driver,M,34,Serious,Not pedestrian,None,None,2,Car,Going ahead,N,No,N,N,N,Unknown,M,44,NA,NA,NA
200501EO40421,Slight,2,1,6/5/2005,Friday,8:55,Single motorway,30,T-junction,Give-way sign,No physical crossing facility,Daylight,Fine,Dry,None,None,1,1,Driver,M,24,Slight,Not pedestrian,None,None,1,Bicycle,Going ahead,N,No,N,N,N,Unknown,M,24,NA,NA,NA
200501EO40421,Slight,2,1,6/5/2005,Friday,8:55,Single motorway,30,T-junction,Give-way sign,No physical crossing facility,Daylight,Fine,Dry,None,None,1,1,Driver,M,24,Slight,Not pedestrian,None,None,2,Goods Van,Waiting to/Turning left,N,No,N,N,N,Unknown,M,34,9200,Heavy oil,2
200501EO40422,Slight,1,1,24/5/2005,Tuesday,11:47,Single motorway,30,Crossroad,Traffic light,Traffic light,Daylight,Fine,Dry,None,None,1,1,Pedestrian,M,49,Slight,Crossing on facility,None,None,1,Taxi/Grab,Going ahead,N,No,N,N,N,Unknown,M,56,2664,Heavy oil,8
200501EO40423,Slight,2,2,11/5/2005,Wednesday,23:20,Single motorway,30,T-junction,Give-way sign,No physical crossing facility,Lights lit,Fine,Dry,None,None,1,1,Passenger,M,39,Slight,Not pedestrian,Front seat,None,1,Car,Waiting to/Turning right,N,No,N,N,N,Unknown,M,41,973,Petrol,4
200501EO40423,Slight,2,2,11/5/2005,Wednesday,23:20,Single motorway,30,T-junction,Give-way sign,No physical crossing facility,Lights lit,Fine,Dry,None,None,1,1,Passenger,M,39,Slight,Not pedestrian,Front seat,None,2,Car,Going ahead,N,No,N,N,N,Unknown,M,-1,NA,NA,NA
200501EO40423,Slight,2,2,11/5/2005,Wednesday,23:20,Single motorway,30,T-junction,Give-way sign,No physical crossing facility,Lights lit,Fine,Dry,None,None,1,2,Driver,M,41,Slight,Not pedestrian,None,None,1,Car,Waiting to/Turning right,N,No,N,N,N,Unknown,M,41,973,Petrol,4
200501EO40423,Slight,2,2,11/5/2005,Wednesday,23:20,Single motorway,30,T-junction,Give-way sign,No physical crossing facility,Lights lit,Fine,Dry,None,None,1,2,Driver,M,41,Slight,Not pedestrian,None,None,2,Car,Going ahead,N,No,N,N,N,Unknown,M,-1,NA,NA,NA
200501EO40424,Slight,1,1,23/4/2005,Saturday,3:40,Single motorway,30,More than 4 sections,Traffic light,Traffic light,Lights lit,Fine,Dry,None,None,1,1,Passenger,F,24,Slight,Not pedestrian,None,Standing,1,Bus/Coach,Halting,N,No,N,N,N,Unknown,M,49,7300,Heavy oil,3
200501EO40425,Slight,2,1,25/5/2005,Wednesday,9:40,Single motorway,30,Not at junction,NA,No physical crossing facility,Daylight,Fine,Dry,None,None,1,1,Driver,F,25,Slight,Not pedestrian,None,None,1,Car,Going ahead,N,No,N,N,N,Unknown,F,25,1242,Petrol,4
200501EO40425,Slight,2,1,25/5/2005,Wednesday,9:40,Single motorway,30,Not at junction,NA,No physical crossing facility,Daylight,Fine,Dry,None,None,1,1,Driver,F,25,Slight,Not pedestrian,None,None,2,Car,Parking,N,No,N,N,N,Unknown,M,-1,2979,Petrol,2
200501EO40427,Slight,2,1,25/5/2005,Wednesday,17:40,Single motorway,30,T-junction,Give-way sign,No physical crossing facility,Daylight,Fine,Dry,None,None,1,1,Driver,M,20,Slight,Not pedestrian,None,None,1,Motorcycle,Going ahead,N,No,N,N,N,Unknown,M,20,800,Petrol,13
200501EO40427,Slight,2,1,25/5/2005,Wednesday,17:40,Single motorway,30,T-junction,Give-way sign,No physical crossing facility,Daylight,Fine,Dry,None,None,1,1,Driver,M,20,Slight,Not pedestrian,None,None,2,Minibus,Waiting to/Turning right,N,No,N,N,N,Unknown,M,59,2402,Heavy oil,1
200501EO40428,Slight,2,1,27/5/2005,Friday,9:34,Single motorway,30,T-junction,Give-way sign,No physical crossing facility,Daylight,Fine,Dry,None,None,2,1,Driver,F,34,Slight,Not pedestrian,None,None,1,Car,Waiting to/Turning left,N,No,N,N,N,Unknown,F,32,2494,Petrol,6
200501EO40428,Slight,2,1,27/5/2005,Friday,9:34,Single motorway,30,T-junction,Give-way sign,No physical crossing facility,Daylight,Fine,Dry,None,None,2,1,Driver,F,34,Slight,Not pedestrian,None,None,2,Bicycle,Going ahead,N,No,N,N,N,Unknown,F,34,NA,NA,NA
200501EO40429,Slight,2,1,5/5/2005,Thursday,12:10,Single motorway,30,Crossroad,Give-way sign,No physical crossing facility,Daylight,Fine,Dry,None,None,2,1,Driver,M,-1,Slight,Not pedestrian,None,None,1,Car,Going ahead,N,No,N,N,N,Unknown,M,41,1900,Heavy oil,6
200501EO40429,Slight,2,1,5/5/2005,Thursday,12:10,Single motorway,30,Crossroad,Give-way sign,No physical crossing facility,Daylight,Fine,Dry,None,None,2,1,Driver,M,-1,Slight,Not pedestrian,None,None,2,Bicycle,Going ahead,N,No,N,N,N,Unknown,M,-1,NA,NA,NA
200501EO40431,Slight,3,1,23/4/2005,Saturday,17:54,Single motorway,30,More than 4 sections,Traffic light,Traffic light,Daylight,Fine,Dry,None,None,1,1,Driver,F,34,Slight,Not pedestrian,None,None,1,Car,Going ahead,N,No,Y,N,N,Unknown,F,34,1796,Petrol,1
200501EO40431,Slight,3,1,23/4/2005,Saturday,17:54,Single motorway,30,More than 4 sections,Traffic light,Traffic light,Daylight,Fine,Dry,None,None,1,1,Driver,F,34,Slight,Not pedestrian,None,None,2,Car,Waiting,N,No,N,N,N,Unknown,F,28,1597,Petrol,10
200501EO40431,Slight,3,1,23/4/2005,Saturday,17:54,Single motorway,30,More than 4 sections,Traffic light,Traffic light,Daylight,Fine,Dry,None,None,1,1,Driver,F,34,Slight,Not pedestrian,None,None,3,Car,Going ahead,N,No,N,N,N,Unknown,M,39,NA,NA,NA
200501EO40432,Slight,3,1,26/5/2005,Thursday,13:40,Single motorway,30,Not at junction,NA,No physical crossing facility,Daylight,Fine,Dry,None,None,2,1,Driver,M,38,Slight,Not pedestrian,None,None,1,Car,Halting,N,No,N,N,N,Unknown,M,56,1997,Petrol,11
200501EO40432,Slight,3,1,26/5/2005,Thursday,13:40,Single motorway,30,Not at junction,NA,No physical crossing facility,Daylight,Fine,Dry,None,None,2,1,Driver,M,38,Slight,Not pedestrian,None,None,2,Car,Halting,N,No,N,N,N,Unknown,M,38,1781,Petrol,9
200501EO40432,Slight,3,1,26/5/2005,Thursday,13:40,Single motorway,30,Not at junction,NA,No physical crossing facility,Daylight,Fine,Dry,None,None,2,1,Driver,M,38,Slight,Not pedestrian,None,None,3,Car,Going ahead,N,No,N,N,N,Unknown,F,39,1600,Petrol,5
200501EO40433,Slight,1,1,27/5/2005,Friday,8:40,Single motorway,30,T-junction,Give-way sign,No physical crossing facility,Daylight,Fine,Dry,None,None,1,1,Pedestrian,M,68,Slight,Elsewhere,None,None,1,Car,Going ahead,N,No,N,N,N,Unknown,F,45,2435,Petrol,5
200501EO40434,Slight,2,1,30/5/2005,Monday,14:24,Single motorway,30,Crossroad,Traffic light,Traffic light,Daylight,Fine,Dry,None,None,1,1,Driver,M,28,Slight,Not pedestrian,None,None,1,Car,Going ahead,N,No,N,N,N,Unknown,M,28,NA,NA,NA
200501EO40434,Slight,2,1,30/5/2005,Monday,14:24,Single motorway,30,Crossroad,Traffic light,Traffic light,Daylight,Fine,Dry,None,None,1,1,Driver,M,28,Slight,Not pedestrian,None,None,2,Car,Going ahead,N,No,N,N,N,Unknown,M,37,1997,Heavy oil,6
200501EO40436,Slight,2,1,14/5/2005,Saturday,11:30,Single motorway,30,T-junction,Traffic light,Traffic light,Daylight,Fine,Dry,None,None,2,1,Passenger,M,41,Slight,Not pedestrian,None,Standing,1,Car,Halting,N,No,N,N,N,Unknown,M,32,2398,Petrol,6
200501EO40436,Slight,2,1,14/5/2005,Saturday,11:30,Single motorway,30,T-junction,Traffic light,Traffic light,Daylight,Fine,Dry,None,None,2,1,Passenger,M,41,Slight,Not pedestrian,None,Standing,2,Bus/Coach,Halting,N,No,N,N,N,Unknown,M,30,NA,NA,NA
200501EO40437,Slight,2,1,13/5/2005,Friday,16:55,Single motorway,30,Crossroad,Give-way sign,Zebra crossing,Daylight,Fine,Dry,None,None,1,1,Passenger,F,22,Slight,Not pedestrian,Front seat,None,1,Car,Waiting to/Turning right,N,No,N,N,N,Unknown,M,26,1598,Petrol,NA
200501EO40437,Slight,2,1,13/5/2005,Friday,16:55,Single motorway,30,Crossroad,Give-way sign,Zebra crossing,Daylight,Fine,Dry,None,None,1,1,Passenger,F,22,Slight,Not pedestrian,Front seat,None,2,Car,Going ahead,N,No,N,N,N,Unknown,M,43,1392,Petrol,6
200501EO40438,Slight,2,2,30/5/2005,Monday,10:52,Single motorway,30,More than 4 sections,Traffic light,Traffic light,Daylight,Rain,Wet,None,None,1,1,Driver,M,-1,Slight,Not pedestrian,None,None,1,Motorcycle,Going ahead,N,Skid,N,N,N,Unknown,M,-1,1199,Petrol,3
200501EO40438,Slight,2,2,30/5/2005,Monday,10:52,Single motorway,30,More than 4 sections,Traffic light,Traffic light,Daylight,Rain,Wet,None,None,1,1,Driver,M,-1,Slight,Not pedestrian,None,None,2,Car,Going ahead,N,No,N,N,N,Unknown,F,34,1119,Petrol,10
200501EO40438,Slight,2,2,30/5/2005,Monday,10:52,Single motorway,30,More than 4 sections,Traffic light,Traffic light,Daylight,Rain,Wet,None,None,1,2,Passenger,F,-1,Slight,Not pedestrian,None,None,1,Motorcycle,Going ahead,N,Skid,N,N,N,Unknown,M,-1,1199,Petrol,3
200501EO40438,Slight,2,2,30/5/2005,Monday,10:52,Single motorway,30,More than 4 sections,Traffic light,Traffic light,Daylight,Rain,Wet,None,None,1,2,Passenger,F,-1,Slight,Not pedestrian,None,None,2,Car,Going ahead,N,No,N,N,N,Unknown,F,34,1119,Petrol,10
200501EO40439,Slight,2,1,30/5/2005,Monday,20:00,Single motorway,30,T-junction,Give-way sign,Non-junction pedestrian light crossing,Lights lit,Fine,Dry,None,None,2,1,Driver,F,64,Slight,Not pedestrian,None,None,1,Car,Going ahead,N,No,N,N,N,Unknown,F,55,1390,Petrol,9
200501EO40439,Slight,2,1,30/5/2005,Monday,20:00,Single motorway,30,T-junction,Give-way sign,Non-junction pedestrian light crossing,Lights lit,Fine,Dry,None,None,2,1,Driver,F,64,Slight,Not pedestrian,None,None,2,Car,Waiting,N,No,N,N,N,Unknown,F,64,1390,Petrol,7
200501EO40440,Slight,2,1,19/5/2005,Thursday,15:30,Single motorway,30,T-junction,Give-way sign,No physical crossing facility,Daylight,Rain,Wet,None,None,1,1,Driver,M,18,Slight,Not pedestrian,None,None,1,Car,Going ahead,N,No,N,N,N,Unknown,M,18,1199,Petrol,5
200501EO40440,Slight,2,1,19/5/2005,Thursday,15:30,Single motorway,30,T-junction,Give-way sign,No physical crossing facility,Daylight,Rain,Wet,None,None,1,1,Driver,M,18,Slight,Not pedestrian,None,None,2,Car,Waiting,N,No,N,N,N,Unknown,F,41,NA,NA,NA
200501EO40441,Slight,2,1,15/4/2005,Friday,12:39,Single motorway,30,T-junction,Give-way sign,No physical crossing facility,Daylight,Fine,Wet,None,None,1,1,Driver,M,20,Slight,Not pedestrian,None,None,1,Motorcycle,Going ahead,N,No,Y,N,N,Unknown,M,20,124,Petrol,4
200501EO40441,Slight,2,1,15/4/2005,Friday,12:39,Single motorway,30,T-junction,Give-way sign,No physical crossing facility,Daylight,Fine,Wet,None,None,1,1,Driver,M,20,Slight,Not pedestrian,None,None,2,Car,Halting,N,No,N,N,N,Unknown,M,58,1984,Petrol,12
200501EO40442,Slight,1,1,27/5/2005,Friday,10:45,Single motorway,30,Not at junction,NA,No physical crossing facility,Daylight,Fine,Dry,None,None,1,1,Pedestrian,M,66,Slight,Footbridge,None,None,1,Car,Reversing,N,No,N,N,N,Unknown,F,49,NA,NA,NA
200501EO40443,Slight,2,1,30/4/2005,Saturday,13:40,Single motorway,30,Not at junction,NA,No physical crossing facility,Daylight,Fine,Dry,None,None,2,1,Driver,F,28,Slight,Not pedestrian,None,None,1,Car,Waiting to/Turning right,N,No,N,N,N,Unknown,F,56,2685,Heavy oil,4
200501EO40443,Slight,2,1,30/4/2005,Saturday,13:40,Single motorway,30,Not at junction,NA,No physical crossing facility,Daylight,Fine,Dry,None,None,2,1,Driver,F,28,Slight,Not pedestrian,None,None,2,Motorcycle,Overtaking,N,No,N,N,N,Unknown,F,28,499,Petrol,1
200501EO40444,Slight,2,1,17/5/2005,Tuesday,11:10,One way street,30,Not at junction,NA,No physical crossing facility,Daylight,Fine,Dry,None,None,2,1,Driver,F,25,Slight,Not pedestrian,None,None,1,Goods Van,Going ahead,N,No,N,N,N,Unknown,M,25,1149,Petrol,2
200501EO40444,Slight,2,1,17/5/2005,Tuesday,11:10,One way street,30,Not at junction,NA,No physical crossing facility,Daylight,Fine,Dry,None,None,2,1,Driver,F,25,Slight,Not pedestrian,None,None,2,Car,Halting,N,No,N,N,N,Unknown,F,25,1995,Heavy oil,4
200501EO40445,Slight,1,1,29/5/2005,Sunday,3:05,Single motorway,30,T-junction,Give-way sign,No physical crossing facility,Lights lit,Fine,Dry,None,None,1,1,Passenger,F,24,Slight,Not pedestrian,Rear seat,None,1,Taxi/Grab,Going ahead,N,No,N,N,N,Job,M,-1,NA,NA,NA
200501EO40446,Slight,2,2,10/5/2005,Tuesday,13:35,Single motorway,30,T-junction,Give-way sign,Zebra crossing,Daylight,Fine,Dry,None,None,1,1,Driver,M,31,Slight,Not pedestrian,None,None,1,Car,Going ahead,N,No,N,N,N,Unknown,M,31,1798,Petrol,1
200501EO40446,Slight,2,2,10/5/2005,Tuesday,13:35,Single motorway,30,T-junction,Give-way sign,Zebra crossing,Daylight,Fine,Dry,None,None,1,1,Driver,M,31,Slight,Not pedestrian,None,None,2,Car,Waiting to/Turning right,N,No,N,N,N,Unknown,M,35,1597,Petrol,11
200501EO40446,Slight,2,2,10/5/2005,Tuesday,13:35,Single motorway,30,T-junction,Give-way sign,Zebra crossing,Daylight,Fine,Dry,None,None,2,2,Driver,M,35,Slight,Not pedestrian,None,None,1,Car,Going ahead,N,No,N,N,N,Unknown,M,31,1798,Petrol,1
200501EO40446,Slight,2,2,10/5/2005,Tuesday,13:35,Single motorway,30,T-junction,Give-way sign,Zebra crossing,Daylight,Fine,Dry,None,None,2,2,Driver,M,35,Slight,Not pedestrian,None,None,2,Car,Waiting to/Turning right,N,No,N,N,N,Unknown,M,35,1597,Petrol,11
200501EO40447,Slight,2,1,27/5/2005,Friday,13:15,Single motorway,30,Crossroad,Traffic light,Traffic light,Daylight,Fine,Dry,None,None,2,1,Passenger,F,61,Slight,Not pedestrian,Front seat,None,1,Car,Going ahead,N,No,N,N,N,Unknown,M,32,1590,Petrol,7
200501EO40447,Slight,2,1,27/5/2005,Friday,13:15,Single motorway,30,Crossroad,Traffic light,Traffic light,Daylight,Fine,Dry,None,None,2,1,Passenger,F,61,Slight,Not pedestrian,Front seat,None,2,Car,Going ahead,N,No,N,N,N,Unknown,M,62,2959,Petrol,13
200501EO40448,Slight,2,2,2/5/2005,Monday,23:36,Dual motorway ,30,Crossroad,Traffic light,Traffic light,Lights lit,Fine,Dry,None,None,2,1,Driver,M,30,Slight,Not pedestrian,None,None,1,Motorcycle,Going ahead,N,No,N,N,N,Unknown,M,17,NA,NA,NA
200501EO40448,Slight,2,2,2/5/2005,Monday,23:36,Dual motorway ,30,Crossroad,Traffic light,Traffic light,Lights lit,Fine,Dry,None,None,2,1,Driver,M,30,Slight,Not pedestrian,None,None,2,Car,Going ahead,N,No,N,N,N,Unknown,M,30,2979,Petrol,NA
200501EO40448,Slight,2,2,2/5/2005,Monday,23:36,Dual motorway ,30,Crossroad,Traffic light,Traffic light,Lights lit,Fine,Dry,None,None,2,2,Passenger,F,26,Slight,Not pedestrian,Front seat,None,1,Motorcycle,Going ahead,N,No,N,N,N,Unknown,M,17,NA,NA,NA
200501EO40448,Slight,2,2,2/5/2005,Monday,23:36,Dual motorway ,30,Crossroad,Traffic light,Traffic light,Lights lit,Fine,Dry,None,None,2,2,Passenger,F,26,Slight,Not pedestrian,Front seat,None,2,Car,Going ahead,N,No,N,N,N,Unknown,M,30,2979,Petrol,NA
200501EO40449,Slight,2,1,20/5/2005,Friday,8:20,Single motorway,30,T-junction,Traffic light,No physical crossing facility,Daylight,Rain,Wet,None,None,2,1,Driver,M,29,Slight,Not pedestrian,None,None,1,Goods Van,Going ahead,N,No,N,N,N,Unknown,M,-1,2400,Heavy oil,3
200501EO40449,Slight,2,1,20/5/2005,Friday,8:20,Single motorway,30,T-junction,Traffic light,No physical crossing facility,Daylight,Rain,Wet,None,None,2,1,Driver,M,29,Slight,Not pedestrian,None,None,2,Bicycle,Going ahead,N,No,N,N,N,Unknown,M,29,NA,NA,NA
200501EO40450,Slight,2,1,17/5/2005,Tuesday,13:53,One way street,30,More than 4 sections,Traffic light,Traffic light,Daylight,Fine,Dry,None,None,1,1,Driver,M,25,Slight,Not pedestrian,None,None,1,Bicycle,Going ahead,N,No,N,N,N,Unknown,M,25,NA,NA,NA
200501EO40450,Slight,2,1,17/5/2005,Tuesday,13:53,One way street,30,More than 4 sections,Traffic light,Traffic light,Daylight,Fine,Dry,None,None,1,1,Driver,M,25,Slight,Not pedestrian,None,None,2,Goods Van,Going ahead,N,No,N,N,N,Unknown,M,28,NA,NA,NA
200501EO40451,Slight,2,1,6/6/2005,Monday,12:46,Single motorway,30,Crossroad,Give-way sign,No physical crossing facility,Daylight,Fine,Dry,None,None,2,1,Driver,M,17,Slight,Not pedestrian,None,None,1,Car,Going ahead,N,No,N,N,N,Unknown,F,53,1299,Petrol,7
200501EO40451,Slight,2,1,6/6/2005,Monday,12:46,Single motorway,30,Crossroad,Give-way sign,No physical crossing facility,Daylight,Fine,Dry,None,None,2,1,Driver,M,17,Slight,Not pedestrian,None,None,2,Bicycle,Going ahead,N,No,N,N,N,Unknown,M,17,NA,NA,NA
200501EO40452,Slight,1,1,27/5/2005,Friday,13:20,Single motorway,30,Crossroad,Give-way sign,No physical crossing facility,Daylight,Fine,Dry,None,None,1,1,Pedestrian,M,75,Slight,Elsewhere,None,None,1,Goods Van,Waiting to/Turning left,N,No,N,N,N,Unknown,M,-1,NA,NA,NA
200501EO40453,Slight,1,1,25/4/2005,Monday,22:30,Dual motorway ,30,Roundabout,Give-way sign,No physical crossing facility,Lights lit,Fine,Dry,None,None,1,1,Pedestrian,M,40,Slight,Elsewhere,None,None,1,Car,Going ahead,N,No,N,N,N,Unknown,M,41,NA,NA,NA
200501EO40454,Slight,1,1,7/5/2005,Saturday,16:35,Single motorway,30,Not at junction,NA,No physical crossing facility,Daylight,Fine,Dry,None,None,1,1,Pedestrian,M,54,Slight,Sidewalk,None,None,1,Bus/Coach,Halting,N,No,N,N,N,Unknown,F,25,7300,Heavy oil,2