Accident_Index,Accident_Severity,Number_of_Vehicles,Number_of_Casualties,Date,Day_of_Week,Time,Road_Type,Speed_Limit,Junction_Detail,Junction_Control,Pedestrian_Crossing_Type,Light_Conditions,Weather_Conditions,Road_Surface_Conditions,Special_Conditions_at_Site,Road_Hazards,Vehicle_Reference.x,Casualty_Reference,Casualty_Class,Sex_of_Casualty,Age_of_Casualty,Casualty_Severity,Pedestrian_Location,Car_Passenger,Bus_or_Coach_Passenger,Vehicle_Reference.y,Vehicle_Type,Vehicle_Manoeuvre,Vehicle_in_Restricted_Lane,Skidding_and_Overturning,Hit_Object_on_Road,Vehicle_veer_off_Road,Hit_Object_off_Road,Journey_Purpose_of_Driver,Sex_of_Driver,Age_of_Driver,Engine_Capacity_CC,Engine_Type,Age_of_Vehicle
200501EO40569,Slight,2,1,20/6/2005,Monday,7:25,Single motorway,30,T-junction,Give-way sign,Traffic light,Daylight,Fine,Dry,None,None,1,1,Driver,M,46,Slight,Not pedestrian,None,None,2,Car,Waiting to/Turning left,Y,No,N,N,N,Unknown,F,49,2435,Petrol,11
200501EO40570,Slight,2,1,24/6/2005,Friday,7:00,Single motorway,30,Not at junction,NA,No physical crossing facility,Daylight,Fine,Dry,None,None,1,1,Driver,M,36,Slight,Not pedestrian,None,None,1,Car,Parking,N,No,N,N,N,Unknown,M,36,1896,Heavy oil,10
200501EO40570,Slight,2,1,24/6/2005,Friday,7:00,Single motorway,30,Not at junction,NA,No physical crossing facility,Daylight,Fine,Dry,None,None,1,1,Driver,M,36,Slight,Not pedestrian,None,None,2,Bicycle,Waiting to/Turning right,N,No,N,N,N,Unknown,M,26,NA,NA,NA
200501EO40571,Slight,2,1,28/5/2005,Saturday,2:00,Single motorway,30,Crossroad,Give-way sign,No physical crossing facility,Lights lit,Fine,Dry,None,None,2,1,Passenger,F,27,Slight,Not pedestrian,None,None,1,Car,Going ahead,N,No,N,N,N,Unknown,M,24,2495,Heavy oil,12
200501EO40571,Slight,2,1,28/5/2005,Saturday,2:00,Single motorway,30,Crossroad,Give-way sign,No physical crossing facility,Lights lit,Fine,Dry,None,None,2,1,Passenger,F,27,Slight,Not pedestrian,None,None,2,Goods Van,Going ahead,N,No,N,N,N,Unknown,M,-1,NA,NA,NA
200501EO40572,Slight,1,1,24/6/2005,Friday,22:00,Single motorway,30,Crossroad,Traffic light,Traffic light,Lights lit,Fine,Wet,None,None,1,1,Pedestrian,M,17,Slight,Unknown,None,None,1,Car,Waiting to/Turning right,N,No,N,N,N,Unknown,M,-1,NA,NA,NA
200501EO40573,Serious,2,1,24/6/2005,Friday,21:00,Single motorway,30,Not at junction,NA,No physical crossing facility,Lights lit,Rain,Wet,None,None,2,1,Driver,M,11,Serious,Not pedestrian,None,None,1,Bicycle,Waiting to/Turning left,N,No,N,N,N,Unknown,M,48,NA,NA,NA
200501EO40573,Serious,2,1,24/6/2005,Friday,21:00,Single motorway,30,Not at junction,NA,No physical crossing facility,Lights lit,Rain,Wet,None,None,2,1,Driver,M,11,Serious,Not pedestrian,None,None,2,Bicycle,Going ahead,N,No,N,N,N,Unknown,M,11,NA,NA,NA
200501EO40574,Slight,2,1,15/6/2005,Wednesday,9:15,Single motorway,30,Private entrance,Give-way sign,No physical crossing facility,Daylight,Rain,Wet,None,None,2,1,Driver,M,35,Slight,Not pedestrian,None,None,1,Car,Waiting to/Turning right,N,No,N,N,N,Unknown,F,52,1596,Petrol,3
200501EO40574,Slight,2,1,15/6/2005,Wednesday,9:15,Single motorway,30,Private entrance,Give-way sign,No physical crossing facility,Daylight,Rain,Wet,None,None,2,1,Driver,M,35,Slight,Not pedestrian,None,None,2,Bicycle,Going ahead,N,No,N,N,N,Unknown,M,35,NA,NA,NA
200501EO40576,Slight,1,1,26/6/2005,Sunday,19:40,Single motorway,30,T-junction,Give-way sign,No physical crossing facility,Daylight,Fine,Dry,None,None,1,1,Pedestrian,M,14,Slight,Unknown,None,None,1,Car,Waiting to/Turning left,N,No,N,N,N,Unknown,M,-1,NA,NA,NA
200501EO40577,Serious,1,1,26/6/2005,Sunday,23:56,Single motorway,30,Not at junction,NA,No physical crossing facility,Lights lit,Fine,Dry,None,None,1,1,Pedestrian,M,14,Serious,Elsewhere,None,None,1,Car,Going ahead,N,No,N,N,N,Unknown,M,32,1360,Petrol,NA
200501EO40578,Slight,2,1,16/6/2005,Thursday,18:40,Single motorway,30,T-junction,Give-way sign,No physical crossing facility,Daylight,Fine,Dry,None,None,2,1,Driver,F,-1,Slight,Not pedestrian,None,None,1,Car,Parking,N,No,N,N,N,Unknown,M,58,NA,NA,NA
200501EO40578,Slight,2,1,16/6/2005,Thursday,18:40,Single motorway,30,T-junction,Give-way sign,No physical crossing facility,Daylight,Fine,Dry,None,None,2,1,Driver,F,-1,Slight,Not pedestrian,None,None,2,Bicycle,Going ahead,N,No,N,N,N,Unknown,F,-1,NA,NA,NA
200501EO40579,Slight,1,1,25/6/2005,Saturday,22:40,One way street,30,T-junction,Traffic light,Traffic light,Lights lit,Fine,Dry,None,None,1,1,Pedestrian,F,23,Slight,Crossing on facility,None,None,1,Car,Waiting to/Turning right,N,No,N,N,N,Unknown,M,19,NA,NA,NA
200501EO40581,Slight,1,1,30/5/2005,Monday,23:10,Single motorway,30,T-junction,Give-way sign,Traffic light,Lights lit,Fine,Dry,None,None,1,1,Pedestrian,M,25,Slight,Crossing within 50m of facility,None,None,1,Taxi/Grab,Going ahead,N,No,N,N,N,Unknown,M,55,2664,Heavy oil,6
200501EO40583,Slight,2,1,10/6/2005,Friday,10:45,Single motorway,30,T-junction,Give-way sign,No physical crossing facility,Daylight,Fine,Dry,None,None,1,1,Driver,M,23,Slight,Not pedestrian,None,None,1,Motorcycle,Overtaking,N,No,N,N,N,Unknown,M,23,NA,NA,NA
200501EO40583,Slight,2,1,10/6/2005,Friday,10:45,Single motorway,30,T-junction,Give-way sign,No physical crossing facility,Daylight,Fine,Dry,None,None,1,1,Driver,M,23,Slight,Not pedestrian,None,None,2,Bus/Coach,Going ahead,N,No,N,N,N,Unknown,M,39,7300,Heavy oil,NA
200501EO40584,Slight,2,1,14/6/2005,Tuesday,16:40,Single motorway,30,Crossroad,Traffic light,Traffic light,Daylight,Fine,Dry,None,None,2,1,Driver,M,26,Slight,Not pedestrian,None,None,1,Car,Waiting to/Turning right,N,No,N,N,N,Unknown,F,29,1370,Petrol,9
200501EO40584,Slight,2,1,14/6/2005,Tuesday,16:40,Single motorway,30,Crossroad,Traffic light,Traffic light,Daylight,Fine,Dry,None,None,2,1,Driver,M,26,Slight,Not pedestrian,None,None,2,Motorcycle,Going ahead,N,No,N,N,N,Unknown,M,26,499,Petrol,8
200501EO40585,Slight,2,1,21/6/2005,Tuesday,7:20,Single motorway,30,T-junction,Give-way sign,No physical crossing facility,Daylight,Fine,Dry,None,None,2,1,Driver,M,-1,Slight,Not pedestrian,None,None,1,Car,Waiting to/Turning right,N,No,N,N,N,Unknown,M,30,NA,NA,NA
200501EO40585,Slight,2,1,21/6/2005,Tuesday,7:20,Single motorway,30,T-junction,Give-way sign,No physical crossing facility,Daylight,Fine,Dry,None,None,2,1,Driver,M,-1,Slight,Not pedestrian,None,None,2,Bicycle,Going ahead,N,No,N,N,N,Unknown,M,-1,NA,NA,NA
200501EO40586,Slight,2,1,27/6/2005,Monday,15:20,Single motorway,30,T-junction,Give-way sign,No physical crossing facility,Daylight,Fine,Dry,None,None,1,1,Driver,M,73,Slight,Not pedestrian,None,None,1,Bicycle,Going ahead,N,No,N,N,N,Unknown,M,73,NA,NA,NA
200501EO40586,Slight,2,1,27/6/2005,Monday,15:20,Single motorway,30,T-junction,Give-way sign,No physical crossing facility,Daylight,Fine,Dry,None,None,1,1,Driver,M,73,Slight,Not pedestrian,None,None,2,Goods Van,Reversing,N,No,N,N,N,Unknown,M,-1,NA,NA,NA
200501EO40587,Slight,2,1,20/6/2005,Monday,7:30,Single motorway,30,Not at junction,NA,No physical crossing facility,Daylight,Fine,Dry,None,None,1,1,Driver,M,33,Slight,Not pedestrian,None,None,1,Bicycle,Going ahead,N,No,N,N,N,Unknown,M,33,NA,NA,NA
200501EO40587,Slight,2,1,20/6/2005,Monday,7:30,Single motorway,30,Not at junction,NA,No physical crossing facility,Daylight,Fine,Dry,None,None,1,1,Driver,M,33,Slight,Not pedestrian,None,None,2,Car,Parking,N,No,N,N,N,Unknown,M,-1,NA,NA,NA
200501EO40588,Slight,1,1,14/6/2005,Tuesday,23:53,Single motorway,30,T-junction,Give-way sign,No physical crossing facility,Lights lit,Fine,Dry,None,None,1,1,Driver,M,27,Slight,Not pedestrian,None,None,1,Car,Going ahead,N,No,N,N,N,Unknown,M,27,1994,Petrol,7
200501EO40589,Slight,1,1,26/6/2005,Sunday,2:33,Single motorway,30,Crossroad,Traffic light,Traffic light,Unknown,Fine,Dry,None,None,1,1,Pedestrian,M,20,Slight,Crossing on facility,None,None,1,Car,Going ahead,N,No,N,N,N,Unknown,M,-1,NA,NA,NA
200501EO40590,Slight,2,2,7/6/2005,Tuesday,17:48,Dual motorway ,30,Crossroad,Traffic light,Traffic light,Daylight,Fine,Dry,None,None,1,1,Passenger,F,11,Slight,Not pedestrian,None,Seated,1,Bus/Coach,Going ahead,N,No,N,N,N,Unknown,M,51,8268,Heavy oil,3
200501EO40590,Slight,2,2,7/6/2005,Tuesday,17:48,Dual motorway ,30,Crossroad,Traffic light,Traffic light,Daylight,Fine,Dry,None,None,1,1,Passenger,F,11,Slight,Not pedestrian,None,Seated,2,Car,Waiting to/Turning left,N,No,N,N,N,Unknown,M,37,NA,NA,NA
200501EO40590,Slight,2,2,7/6/2005,Tuesday,17:48,Dual motorway ,30,Crossroad,Traffic light,Traffic light,Daylight,Fine,Dry,None,None,1,2,Passenger,F,8,Slight,Not pedestrian,None,Seated,1,Bus/Coach,Going ahead,N,No,N,N,N,Unknown,M,51,8268,Heavy oil,3
200501EO40590,Slight,2,2,7/6/2005,Tuesday,17:48,Dual motorway ,30,Crossroad,Traffic light,Traffic light,Daylight,Fine,Dry,None,None,1,2,Passenger,F,8,Slight,Not pedestrian,None,Seated,2,Car,Waiting to/Turning left,N,No,N,N,N,Unknown,M,37,NA,NA,NA
200501EO40591,Slight,2,1,14/6/2005,Tuesday,8:10,Single motorway,30,T-junction,Give-way sign,No physical crossing facility,Daylight,Fine,Dry,None,None,2,1,Driver,M,50,Slight,Not pedestrian,None,None,1,Car,Waiting to/Turning right,N,No,N,N,N,Unknown,M,19,NA,NA,NA
200501EO40591,Slight,2,1,14/6/2005,Tuesday,8:10,Single motorway,30,T-junction,Give-way sign,No physical crossing facility,Daylight,Fine,Dry,None,None,2,1,Driver,M,50,Slight,Not pedestrian,None,None,2,Bicycle,Going ahead,N,No,N,N,N,Unknown,M,50,NA,NA,NA
200501EO40592,Slight,2,1,11/6/2005,Saturday,11:42,Single motorway,30,T-junction,Give-way sign,Zebra crossing,Daylight,Fine,Dry,None,None,1,1,Passenger,F,54,Slight,Not pedestrian,None,None,1,Goods Van,Reversing,N,No,N,N,N,Unknown,M,26,NA,NA,NA
200501EO40592,Slight,2,1,11/6/2005,Saturday,11:42,Single motorway,30,T-junction,Give-way sign,Zebra crossing,Daylight,Fine,Dry,None,None,1,1,Passenger,F,54,Slight,Not pedestrian,None,None,2,Car,Overtaking,N,No,N,N,N,Unknown,M,55,1974,Petrol,16
200501EO40593,Slight,2,1,20/6/2005,Monday,10:30,Single motorway,30,Private entrance,Give-way sign,No physical crossing facility,Daylight,Fine,Dry,None,None,1,1,Driver,M,41,Slight,Not pedestrian,None,None,1,Motorcycle,Overtaking,N,No,N,N,N,Unknown,M,41,125,Petrol,NA
200501EO40593,Slight,2,1,20/6/2005,Monday,10:30,Single motorway,30,Private entrance,Give-way sign,No physical crossing facility,Daylight,Fine,Dry,None,None,1,1,Driver,M,41,Slight,Not pedestrian,None,None,2,Car,Waiting to/Turning right,N,No,N,N,N,Unknown,M,41,2494,Petrol,4
200501EO40594,Slight,2,1,22/6/2005,Wednesday,7:38,Single motorway,30,Crossroad,Give-way sign,No physical crossing facility,Daylight,Fine,Dry,None,None,1,1,Driver,M,41,Slight,Not pedestrian,None,None,1,Bicycle,Going ahead,N,No,N,N,N,Unknown,M,41,NA,NA,NA
200501EO40594,Slight,2,1,22/6/2005,Wednesday,7:38,Single motorway,30,Crossroad,Give-way sign,No physical crossing facility,Daylight,Fine,Dry,None,None,1,1,Driver,M,41,Slight,Not pedestrian,None,None,2,Bus/Coach,Going ahead,N,No,N,N,N,Job,M,-1,NA,NA,NA
200501EO40595,Slight,1,1,28/6/2005,Tuesday,19:50,Single motorway,30,T-junction,Give-way sign,No physical crossing facility,Daylight,Fine,Dry,None,None,1,1,Driver,M,30,Slight,Not pedestrian,None,None,1,Bicycle,Going ahead,N,No,N,N,N,Unknown,M,30,NA,NA,NA
200501EO40596,Slight,2,1,7/6/2005,Tuesday,15:05,Single motorway,30,T-junction,Give-way sign,No physical crossing facility,Daylight,Fine,Dry,None,None,1,1,Driver,F,28,Slight,Not pedestrian,None,None,1,Car,Waiting to/Turning right,N,No,N,N,N,Unknown,F,28,1400,Petrol,5
200501EO40596,Slight,2,1,7/6/2005,Tuesday,15:05,Single motorway,30,T-junction,Give-way sign,No physical crossing facility,Daylight,Fine,Dry,None,None,1,1,Driver,F,28,Slight,Not pedestrian,None,None,2,Car,Going ahead,N,Skid and Overturn,N,N,N,Unknown,M,29,1896,Heavy oil,2
200501EO40597,Slight,2,1,1/6/2005,Wednesday,18:28,Single motorway,30,Crossroad,Give-way sign,No physical crossing facility,Daylight,Rain,Wet,None,None,2,1,Driver,F,33,Slight,Not pedestrian,None,None,1,Car,Going ahead,N,No,N,N,N,Unknown,M,-1,NA,NA,NA
200501EO40597,Slight,2,1,1/6/2005,Wednesday,18:28,Single motorway,30,Crossroad,Give-way sign,No physical crossing facility,Daylight,Rain,Wet,None,None,2,1,Driver,F,33,Slight,Not pedestrian,None,None,2,Car,Going ahead,N,No,N,N,N,Unknown,F,33,998,Petrol,10
200501EO40598,Slight,1,1,8/6/2005,Wednesday,10:11,One way street,30,Crossroad,Traffic light,Traffic light,Daylight,Fine,Dry,None,None,1,1,Passenger,F,60,Slight,Not pedestrian,None,Standing,1,Bus/Coach,Halting,N,No,N,N,N,Unknown,M,53,6370,Heavy oil,1
200501EO40599,Slight,2,1,6/6/2005,Monday,7:42,Single motorway,30,T-junction,Give-way sign,No physical crossing facility,Daylight,Fine,Dry,None,None,1,1,Driver,M,49,Slight,Not pedestrian,None,None,1,Motorcycle,Going ahead,N,No,N,N,N,Unknown,M,49,996,Petrol,6
200501EO40599,Slight,2,1,6/6/2005,Monday,7:42,Single motorway,30,T-junction,Give-way sign,No physical crossing facility,Daylight,Fine,Dry,None,None,1,1,Driver,M,49,Slight,Not pedestrian,None,None,2,Car,Waiting to/Turning right,N,No,N,N,N,Unknown,M,32,1700,Heavy oil,6
200501EO40600,Slight,2,1,14/4/2005,Thursday,12:50,One way street,30,T-junction,Traffic light,Traffic light,Daylight,Fine,Dry,None,None,1,1,Driver,M,32,Slight,Not pedestrian,None,None,1,Motorcycle,Going ahead,N,No,N,N,N,Unknown,M,32,125,Petrol,2
200501EO40600,Slight,2,1,14/4/2005,Thursday,12:50,One way street,30,T-junction,Traffic light,Traffic light,Daylight,Fine,Dry,None,None,1,1,Driver,M,32,Slight,Not pedestrian,None,None,2,Car,Changing lane,N,No,N,N,N,Unknown,M,18,1240,Petrol,NA
200501EO40602,Slight,2,1,20/6/2005,Monday,11:15,Dual motorway ,30,Crossroad,Traffic light,Traffic light,Daylight,Fine,Dry,None,None,2,1,Driver,M,46,Slight,Not pedestrian,None,None,1,Car,Going ahead,N,No,N,N,N,Unknown,M,48,NA,NA,NA
200501EO40602,Slight,2,1,20/6/2005,Monday,11:15,Dual motorway ,30,Crossroad,Traffic light,Traffic light,Daylight,Fine,Dry,None,None,2,1,Driver,M,46,Slight,Not pedestrian,None,None,2,Motorcycle,Going ahead,N,No,N,N,N,Unknown,M,46,1298,Petrol,5
200501EO40603,Slight,2,1,22/6/2005,Wednesday,15:25,Single motorway,30,Not at junction,NA,Traffic light,Daylight,Fine,Dry,None,None,2,1,Driver,M,29,Slight,Not pedestrian,None,None,1,Goods Van,Parking,N,No,N,N,N,Job,M,35,2151,Heavy oil,1
200501EO40603,Slight,2,1,22/6/2005,Wednesday,15:25,Single motorway,30,Not at junction,NA,Traffic light,Daylight,Fine,Dry,None,None,2,1,Driver,M,29,Slight,Not pedestrian,None,None,2,Bicycle,Going ahead,N,No,N,N,N,Unknown,M,29,NA,NA,NA
200501EO40604,Serious,1,1,28/6/2005,Tuesday,10:28,Single motorway,30,Not at junction,NA,No physical crossing facility,Daylight,Fine,Dry,None,None,1,1,Driver,M,64,Serious,Not pedestrian,None,None,1,Goods Van,Going ahead,N,No,N,N,N,Unknown,M,64,5880,Heavy oil,3
200501EO40606,Serious,2,1,30/6/2005,Thursday,16:30,Single motorway,30,Crossroad,Give-way sign,No physical crossing facility,Daylight,Rain,Wet,None,None,1,1,Driver,M,31,Serious,Not pedestrian,None,None,1,Motorcycle,Overtaking,N,No,N,N,N,Unknown,M,31,500,Petrol,5
200501EO40606,Serious,2,1,30/6/2005,Thursday,16:30,Single motorway,30,Crossroad,Give-way sign,No physical crossing facility,Daylight,Rain,Wet,None,None,1,1,Driver,M,31,Serious,Not pedestrian,None,None,2,Goods Van,U-turn,N,No,N,N,N,Unknown,M,56,1598,Bi-fuel,2
200501EO40608,Slight,2,1,12/6/2005,Sunday,10:40,Single motorway,30,Crossroad,Traffic light,Traffic light,Daylight,Fine,Dry,None,None,1,1,Driver,F,20,Slight,Not pedestrian,None,None,1,Motorcycle,Halting,N,No,N,N,N,Unknown,F,20,85,Petrol,6
200501EO40608,Slight,2,1,12/6/2005,Sunday,10:40,Single motorway,30,Crossroad,Traffic light,Traffic light,Daylight,Fine,Dry,None,None,1,1,Driver,F,20,Slight,Not pedestrian,None,None,2,Taxi/Grab,Going ahead,N,No,N,N,N,Unknown,M,37,2402,Heavy oil,1
200501EO40609,Slight,2,1,30/6/2005,Thursday,7:37,Single motorway,30,T-junction,Give-way sign,No physical crossing facility,Daylight,Rain,Wet,None,None,1,1,Driver,F,35,Slight,Not pedestrian,None,None,1,Motorcycle,Going ahead,N,No,N,N,N,Unknown,F,35,NA,NA,NA
200501EO40609,Slight,2,1,30/6/2005,Thursday,7:37,Single motorway,30,T-junction,Give-way sign,No physical crossing facility,Daylight,Rain,Wet,None,None,1,1,Driver,F,35,Slight,Not pedestrian,None,None,2,Car,Waiting to/Turning right,N,No,N,N,N,Unknown,M,59,NA,NA,NA
200501EO40610,Slight,1,1,24/5/2005,Tuesday,16:00,Single motorway,30,T-junction,Give-way sign,No physical crossing facility,Daylight,Fine,Dry,None,None,1,1,Pedestrian,F,35,Slight,Unknown,None,None,1,Taxi/Grab,Reversing,N,No,N,N,N,Unknown,M,-1,2664,Heavy oil,6
200501EO40611,Slight,2,1,16/6/2005,Thursday,17:15,Single motorway,30,Crossroad,Traffic light,Traffic light,Daylight,Fine,Dry,None,None,1,1,Driver,M,30,Slight,Not pedestrian,None,None,1,Motorcycle,Going ahead,N,No,N,N,N,Unknown,M,30,NA,NA,NA
200501EO40611,Slight,2,1,16/6/2005,Thursday,17:15,Single motorway,30,Crossroad,Traffic light,Traffic light,Daylight,Fine,Dry,None,None,1,1,Driver,M,30,Slight,Not pedestrian,None,None,2,Car,Going ahead,N,No,N,N,N,Unknown,M,-1,NA,NA,NA
200501EO40612,Slight,2,1,3/6/2005,Friday,10:35,Single motorway,30,Crossroad,Traffic light,Traffic light,Daylight,Fine,Dry,None,None,2,1,Driver,M,32,Slight,Not pedestrian,None,None,1,Bus/Coach,Going ahead,N,No,N,N,N,Job,M,66,9200,Heavy oil,NA
200501EO40612,Slight,2,1,3/6/2005,Friday,10:35,Single motorway,30,Crossroad,Traffic light,Traffic light,Daylight,Fine,Dry,None,None,2,1,Driver,M,32,Slight,Not pedestrian,None,None,2,Bicycle,Changing lane,N,No,N,N,N,Unknown,M,32,NA,NA,NA
200501EO40613,Slight,2,1,12/6/2005,Sunday,12:20,Single motorway,30,T-junction,Give-way sign,No physical crossing facility,Daylight,Fine,Dry,None,None,1,1,Driver,M,34,Slight,Not pedestrian,None,None,1,Car,Waiting,N,No,N,N,N,Unknown,M,34,NA,NA,NA
200501EO40613,Slight,2,1,12/6/2005,Sunday,12:20,Single motorway,30,T-junction,Give-way sign,No physical crossing facility,Daylight,Fine,Dry,None,None,1,1,Driver,M,34,Slight,Not pedestrian,None,None,2,Goods Van,Going ahead,N,No,N,N,N,Unknown,NA,-1,NA,NA,NA
200501EO40614,Slight,3,1,7/6/2005,Tuesday,18:40,Single motorway,30,T-junction,Traffic light,Traffic light,Daylight,Fine,Dry,None,None,1,1,Driver,M,39,Slight,Not pedestrian,None,None,1,Taxi/Grab,Halting,N,No,N,N,N,Unknown,M,39,2664,Heavy oil,6
200501EO40614,Slight,3,1,7/6/2005,Tuesday,18:40,Single motorway,30,T-junction,Traffic light,Traffic light,Daylight,Fine,Dry,None,None,1,1,Driver,M,39,Slight,Not pedestrian,None,None,2,Car,Going ahead,N,No,N,N,N,Unknown,M,-1,1296,Petrol,10
200501EO40614,Slight,3,1,7/6/2005,Tuesday,18:40,Single motorway,30,T-junction,Traffic light,Traffic light,Daylight,Fine,Dry,None,None,1,1,Driver,M,39,Slight,Not pedestrian,None,None,3,Bus/Coach,Going ahead,N,No,N,N,N,Job,NA,-1,NA,NA,NA
200501EO40616,Slight,2,1,22/6/2005,Wednesday,22:00,Single motorway,30,More than 4 sections,Give-way sign,Traffic light,Lights lit,Fine,Dry,None,None,1,1,Driver,F,29,Slight,Not pedestrian,None,None,1,Car,Moving off,N,No,N,N,N,Unknown,F,29,1242,Petrol,7
200501EO40616,Slight,2,1,22/6/2005,Wednesday,22:00,Single motorway,30,More than 4 sections,Give-way sign,Traffic light,Lights lit,Fine,Dry,None,None,1,1,Driver,F,29,Slight,Not pedestrian,None,None,2,Goods Van,Changing lane,N,No,N,N,N,Unknown,M,48,11967,Heavy oil,1
200501EO40617,Serious,1,1,11/6/2005,Saturday,16:28,Single motorway,30,Not at junction,NA,Non-junction pedestrian light crossing,Daylight,Fine,Dry,None,None,1,1,Passenger,F,88,Serious,Not pedestrian,None,Boarding,1,Bus/Coach,Parking,Y,No,N,N,N,Unknown,M,35,NA,NA,NA
200501EO40618,Slight,2,1,7/6/2005,Tuesday,8:45,Single motorway,30,Crossroad,Traffic light,No physical crossing facility,Daylight,Fine,Dry,None,None,1,1,Driver,M,35,Slight,Not pedestrian,None,None,1,Motorcycle,Overtaking,N,No,N,N,N,Unknown,M,35,553,Petrol,16
200501EO40618,Slight,2,1,7/6/2005,Tuesday,8:45,Single motorway,30,Crossroad,Traffic light,No physical crossing facility,Daylight,Fine,Dry,None,None,1,1,Driver,M,35,Slight,Not pedestrian,None,None,2,Car,Waiting to/Turning right,N,No,N,N,N,Unknown,M,58,2172,Heavy oil,2
200501EO40619,Slight,2,1,10/6/2005,Friday,10:50,Single motorway,30,Not at junction,NA,Zebra crossing,Daylight,Fine,Dry,None,None,1,1,Driver,M,41,Slight,Not pedestrian,None,None,1,Motorcycle,Overtaking,N,No,N,N,N,Unknown,M,41,599,Petrol,7
200501EO40619,Slight,2,1,10/6/2005,Friday,10:50,Single motorway,30,Not at junction,NA,Zebra crossing,Daylight,Fine,Dry,None,None,1,1,Driver,M,41,Slight,Not pedestrian,None,None,2,Car,Overtaking,N,No,N,N,N,Unknown,M,42,1700,Heavy oil,6
200501EO40620,Serious,2,1,29/6/2005,Wednesday,16:30,Single motorway,30,T-junction,Give-way sign,Non-junction pedestrian light crossing,Daylight,Fine,Dry,None,None,1,1,Driver,M,43,Serious,Not pedestrian,None,None,1,Motorcycle,Going ahead,N,No,N,N,N,Unknown,M,43,599,Petrol,8
200501EO40620,Serious,2,1,29/6/2005,Wednesday,16:30,Single motorway,30,T-junction,Give-way sign,Non-junction pedestrian light crossing,Daylight,Fine,Dry,None,None,1,1,Driver,M,43,Serious,Not pedestrian,None,None,2,Car,Waiting to/Turning right,N,No,N,N,N,Unknown,M,26,1149,Petrol,2
200501EO40621,Slight,2,2,16/6/2005,Thursday,7:05,One way street,30,More than 4 sections,Traffic light,Traffic light,Daylight,Fine,Dry,None,None,1,1,Driver,M,53,Slight,Not pedestrian,None,None,1,Car,Going ahead,N,No,N,N,N,Unknown,M,53,3700,Petrol,2
200501EO40621,Slight,2,2,16/6/2005,Thursday,7:05,One way street,30,More than 4 sections,Traffic light,Traffic light,Daylight,Fine,Dry,None,None,1,1,Driver,M,53,Slight,Not pedestrian,None,None,2,Car,Waiting,N,No,N,N,N,Unknown,M,26,2688,Heavy oil,1
200501EO40621,Slight,2,2,16/6/2005,Thursday,7:05,One way street,30,More than 4 sections,Traffic light,Traffic light,Daylight,Fine,Dry,None,None,2,2,Driver,M,26,Slight,Not pedestrian,None,None,1,Car,Going ahead,N,No,N,N,N,Unknown,M,53,3700,Petrol,2
200501EO40621,Slight,2,2,16/6/2005,Thursday,7:05,One way street,30,More than 4 sections,Traffic light,Traffic light,Daylight,Fine,Dry,None,None,2,2,Driver,M,26,Slight,Not pedestrian,None,None,2,Car,Waiting,N,No,N,N,N,Unknown,M,26,2688,Heavy oil,1
200501EO40623,Slight,2,1,21/6/2005,Tuesday,14:05,One way street,30,T-junction,Give-way sign,No physical crossing facility,Daylight,Fine,Dry,None,None,1,1,Driver,M,33,Slight,Not pedestrian,None,None,1,Motorcycle,Waiting to/Turning right,N,No,N,N,N,Unknown,M,33,NA,NA,NA
200501EO40623,Slight,2,1,21/6/2005,Tuesday,14:05,One way street,30,T-junction,Give-way sign,No physical crossing facility,Daylight,Fine,Dry,None,None,1,1,Driver,M,33,Slight,Not pedestrian,None,None,2,Taxi/Grab,Going ahead,N,No,N,N,N,Unknown,M,79,2664,Heavy oil,9
200501EO40624,Slight,2,1,13/6/2005,Monday,16:45,Single motorway,30,T-junction,Traffic light,Traffic light,Daylight,Fine,Dry,None,None,2,1,Driver,M,31,Slight,Not pedestrian,None,None,1,Car,Waiting,N,No,N,N,N,Unknown,F,29,1998,Petrol,2
200501EO40624,Slight,2,1,13/6/2005,Monday,16:45,Single motorway,30,T-junction,Traffic light,Traffic light,Daylight,Fine,Dry,None,None,2,1,Driver,M,31,Slight,Not pedestrian,None,None,2,Bicycle,Going ahead,N,No,N,N,N,Unknown,M,31,NA,NA,NA
200501EO40625,Slight,1,1,20/6/2005,Monday,16:44,Single motorway,30,Private entrance,Give-way sign,No physical crossing facility,Daylight,Fine,Dry,None,None,1,1,Pedestrian,M,10,Slight,Unknown,None,None,1,Car,Going ahead,N,No,N,N,N,Unknown,M,-1,NA,NA,NA
200501EO40626,Slight,2,1,17/6/2005,Friday,8:03,Single motorway,30,Crossroad,Traffic light,Traffic light,Daylight,Fine,Dry,None,None,1,1,Driver,M,23,Slight,Not pedestrian,None,None,1,Motorcycle,Waiting to/Turning right,N,No,N,N,N,Unknown,M,23,124,Petrol,2
200501EO40626,Slight,2,1,17/6/2005,Friday,8:03,Single motorway,30,Crossroad,Traffic light,Traffic light,Daylight,Fine,Dry,None,None,1,1,Driver,M,23,Slight,Not pedestrian,None,None,2,Car,Waiting to/Turning right,N,No,N,N,N,Unknown,M,40,1900,Heavy oil,4