Accident_Index,Accident_Severity,Number_of_Vehicles,Number_of_Casualties,Date,Day_of_Week,Time,Road_Type,Speed_Limit,Junction_Detail,Junction_Control,Pedestrian_Crossing_Type,Light_Conditions,Weather_Conditions,Road_Surface_Conditions,Special_Conditions_at_Site,Road_Hazards,Vehicle_Reference.x,Casualty_Reference,Casualty_Class,Sex_of_Casualty,Age_of_Casualty,Casualty_Severity,Pedestrian_Location,Car_Passenger,Bus_or_Coach_Passenger,Vehicle_Reference.y,Vehicle_Type,Vehicle_Manoeuvre,Vehicle_in_Restricted_Lane,Skidding_and_Overturning,Hit_Object_on_Road,Vehicle_veer_off_Road,Hit_Object_off_Road,Journey_Purpose_of_Driver,Sex_of_Driver,Age_of_Driver,Engine_Capacity_CC,Engine_Type,Age_of_Vehicle
200501EO40627,Slight,2,1,29/6/2005,Wednesday,9:15,Single motorway,30,Crossroad,Give-way sign,No physical crossing facility,Daylight,Fine,Dry,None,None,2,1,Driver,M,42,Slight,Not pedestrian,None,None,1,Car,Waiting to/Turning right,N,No,N,N,N,Unknown,M,20,1592,Petrol,12
200501EO40627,Slight,2,1,29/6/2005,Wednesday,9:15,Single motorway,30,Crossroad,Give-way sign,No physical crossing facility,Daylight,Fine,Dry,None,None,2,1,Driver,M,42,Slight,Not pedestrian,None,None,2,Motorcycle,Overtaking,N,No,N,N,N,Unknown,M,42,NA,NA,NA
200501EO40628,Slight,2,1,21/6/2005,Tuesday,12:00,Single motorway,30,T-junction,Give-way sign,No physical crossing facility,Daylight,Fine,Dry,None,None,1,1,Passenger,F,22,Slight,Not pedestrian,None,Standing,1,Bus/Coach,Halting,N,No,N,N,N,Job,M,40,NA,Heavy oil,5
200501EO40628,Slight,2,1,21/6/2005,Tuesday,12:00,Single motorway,30,T-junction,Give-way sign,No physical crossing facility,Daylight,Fine,Dry,None,None,1,1,Passenger,F,22,Slight,Not pedestrian,None,Standing,2,Car,Halting,N,No,N,N,N,Unknown,NA,-1,NA,NA,NA
200501EO40629,Slight,2,1,2/7/2005,Saturday,12:00,Single motorway,30,Crossroad,Traffic light,Traffic light,Daylight,Fine,Dry,None,None,1,1,Driver,M,31,Slight,Not pedestrian,None,None,1,Bicycle,Going ahead,N,No,N,N,N,Unknown,M,31,NA,NA,NA
200501EO40629,Slight,2,1,2/7/2005,Saturday,12:00,Single motorway,30,Crossroad,Traffic light,Traffic light,Daylight,Fine,Dry,None,None,1,1,Driver,M,31,Slight,Not pedestrian,None,None,2,Car,Going ahead,N,No,N,N,N,Unknown,M,-1,1999,Petrol,NA
200501EO40630,Slight,2,1,18/6/2005,Saturday,14:25,Single motorway,30,T-junction,Give-way sign,No physical crossing facility,Daylight,Fine,Dry,None,None,1,1,Driver,M,27,Slight,Not pedestrian,None,None,1,Motorcycle,U-turn,N,No,N,N,N,Unknown,M,27,NA,NA,NA
200501EO40630,Slight,2,1,18/6/2005,Saturday,14:25,Single motorway,30,T-junction,Give-way sign,No physical crossing facility,Daylight,Fine,Dry,None,None,1,1,Driver,M,27,Slight,Not pedestrian,None,None,2,Car,Going ahead,N,No,N,N,N,Unknown,M,41,1994,Petrol,10
200501EO40632,Slight,2,1,24/6/2005,Friday,9:10,Single motorway,30,T-junction,Give-way sign,Zebra crossing,Daylight,Fine,Dry,None,None,1,1,Driver,M,84,Slight,Not pedestrian,None,None,1,Car,Going ahead,N,No,N,N,N,Unknown,M,84,NA,NA,NA
200501EO40632,Slight,2,1,24/6/2005,Friday,9:10,Single motorway,30,T-junction,Give-way sign,Zebra crossing,Daylight,Fine,Dry,None,None,1,1,Driver,M,84,Slight,Not pedestrian,None,None,2,Goods Van,Parking,N,No,N,N,N,Unknown,M,-1,1753,Heavy oil,7
200501EO40633,Slight,3,1,26/6/2005,Sunday,2:26,Single motorway,30,T-junction,Give-way sign,No physical crossing facility,Lights lit,Fine,Dry,None,None,1,1,Driver,M,65,Slight,Not pedestrian,None,None,1,Car,Going ahead,N,No,N,N,N,Unknown,M,65,988,Petrol,16
200501EO40633,Slight,3,1,26/6/2005,Sunday,2:26,Single motorway,30,T-junction,Give-way sign,No physical crossing facility,Lights lit,Fine,Dry,None,None,1,1,Driver,M,65,Slight,Not pedestrian,None,None,2,Car,Parking,N,No,N,N,N,Unknown,M,-1,1598,Petrol,6
200501EO40633,Slight,3,1,26/6/2005,Sunday,2:26,Single motorway,30,T-junction,Give-way sign,No physical crossing facility,Lights lit,Fine,Dry,None,None,1,1,Driver,M,65,Slight,Not pedestrian,None,None,3,Car,Parking,N,No,N,N,N,Unknown,M,-1,NA,NA,NA
200501EO40634,Slight,3,2,9/6/2005,Thursday,15:15,Single motorway,30,Not at junction,NA,No physical crossing facility,Daylight,Fine,Dry,None,None,1,1,Driver,M,61,Slight,Not pedestrian,None,None,1,Car,Waiting,N,No,N,N,N,Unknown,M,61,1896,Heavy oil,6
200501EO40634,Slight,3,2,9/6/2005,Thursday,15:15,Single motorway,30,Not at junction,NA,No physical crossing facility,Daylight,Fine,Dry,None,None,1,1,Driver,M,61,Slight,Not pedestrian,None,None,2,Car,Waiting,N,No,N,N,N,Unknown,M,25,1598,Petrol,2
200501EO40634,Slight,3,2,9/6/2005,Thursday,15:15,Single motorway,30,Not at junction,NA,No physical crossing facility,Daylight,Fine,Dry,None,None,1,1,Driver,M,61,Slight,Not pedestrian,None,None,3,Car,Going ahead,N,No,N,N,N,Unknown,M,18,NA,NA,NA
200501EO40634,Slight,3,2,9/6/2005,Thursday,15:15,Single motorway,30,Not at junction,NA,No physical crossing facility,Daylight,Fine,Dry,None,None,1,2,Passenger,M,23,Slight,Not pedestrian,Front seat,None,1,Car,Waiting,N,No,N,N,N,Unknown,M,61,1896,Heavy oil,6
200501EO40634,Slight,3,2,9/6/2005,Thursday,15:15,Single motorway,30,Not at junction,NA,No physical crossing facility,Daylight,Fine,Dry,None,None,1,2,Passenger,M,23,Slight,Not pedestrian,Front seat,None,2,Car,Waiting,N,No,N,N,N,Unknown,M,25,1598,Petrol,2
200501EO40634,Slight,3,2,9/6/2005,Thursday,15:15,Single motorway,30,Not at junction,NA,No physical crossing facility,Daylight,Fine,Dry,None,None,1,2,Passenger,M,23,Slight,Not pedestrian,Front seat,None,3,Car,Going ahead,N,No,N,N,N,Unknown,M,18,NA,NA,NA
200501EO40635,Slight,1,1,28/6/2005,Tuesday,8:39,One way street,30,T-junction,Give-way sign,No physical crossing facility,Daylight,Fine,Dry,None,None,1,1,Pedestrian,M,34,Slight,Elsewhere,None,None,1,Taxi/Grab,Overtaking,N,No,N,N,N,Job,M,55,2664,Heavy oil,6
200501EO40636,Slight,3,1,4/6/2005,Saturday,11:39,One way street,30,T-junction,Give-way sign,Non-junction pedestrian light crossing,Daylight,Fine,Dry,None,None,2,1,Driver,M,30,Slight,Not pedestrian,None,None,1,Goods Van,Going ahead,N,No,N,N,N,Job,M,59,3900,Heavy oil,2
200501EO40636,Slight,3,1,4/6/2005,Saturday,11:39,One way street,30,T-junction,Give-way sign,Non-junction pedestrian light crossing,Daylight,Fine,Dry,None,None,2,1,Driver,M,30,Slight,Not pedestrian,None,None,2,Car,Waiting,N,No,N,N,N,Unknown,M,30,2494,Petrol,15
200501EO40636,Slight,3,1,4/6/2005,Saturday,11:39,One way street,30,T-junction,Give-way sign,Non-junction pedestrian light crossing,Daylight,Fine,Dry,None,None,2,1,Driver,M,30,Slight,Not pedestrian,None,None,3,Car,Waiting,N,No,N,N,N,Unknown,M,58,2319,Petrol,8
200501EO40637,Serious,2,1,27/6/2005,Monday,8:11,Single motorway,30,T-junction,Give-way sign,No physical crossing facility,Daylight,Fine,Dry,None,None,1,1,Driver,M,33,Serious,Not pedestrian,None,None,1,Motorcycle,Going ahead,N,No,N,N,N,Unknown,M,33,85,Petrol,7
200501EO40637,Serious,2,1,27/6/2005,Monday,8:11,Single motorway,30,T-junction,Give-way sign,No physical crossing facility,Daylight,Fine,Dry,None,None,1,1,Driver,M,33,Serious,Not pedestrian,None,None,2,Goods Van,Waiting to/Turning right,N,No,N,N,N,Job,F,-1,2500,Heavy oil,4
200501EO40638,Slight,1,1,25/6/2005,Saturday,13:13,Single motorway,30,Crossroad,Traffic light,Traffic light,Daylight,Fine,Dry,None,None,1,1,Passenger,M,42,Slight,Not pedestrian,None,Boarding,1,Bus/Coach,Halting,N,No,N,N,N,Job,M,36,NA,NA,NA
200501EO40639,Slight,2,1,30/6/2005,Thursday,12:45,Single motorway,30,T-junction,Traffic light,Traffic light,Daylight,Fine,Dry,None,None,1,1,Driver,M,41,Slight,Not pedestrian,None,None,1,Motorcycle,Going ahead,N,No,Y,Y,Y,Unknown,M,41,647,Petrol,7
200501EO40639,Slight,2,1,30/6/2005,Thursday,12:45,Single motorway,30,T-junction,Traffic light,Traffic light,Daylight,Fine,Dry,None,None,1,1,Driver,M,41,Slight,Not pedestrian,None,None,2,Goods Van,Changing lane,N,No,N,N,N,Unknown,M,33,2295,Bi-fuel,2
200501EO40640,Slight,2,1,9/6/2005,Thursday,13:11,Single motorway,30,T-junction,Traffic light,Traffic light,Daylight,Fine,Dry,None,None,2,1,Driver,M,28,Slight,Not pedestrian,None,None,1,Bus/Coach,Going ahead,N,No,N,N,N,Job,M,29,7300,Heavy oil,NA
200501EO40640,Slight,2,1,9/6/2005,Thursday,13:11,Single motorway,30,T-junction,Traffic light,Traffic light,Daylight,Fine,Dry,None,None,2,1,Driver,M,28,Slight,Not pedestrian,None,None,2,Bicycle,Going ahead,N,No,N,N,N,Unknown,M,28,NA,NA,NA
200501EO40641,Slight,2,1,9/5/2005,Monday,13:12,Dual motorway ,30,T-junction,Give-way sign,No physical crossing facility,Daylight,Fine,Dry,None,None,2,1,Driver,F,37,Slight,Not pedestrian,None,None,1,Car,Waiting to/Turning right,N,No,N,N,N,Unknown,M,53,2259,Petrol,10
200501EO40641,Slight,2,1,9/5/2005,Monday,13:12,Dual motorway ,30,T-junction,Give-way sign,No physical crossing facility,Daylight,Fine,Dry,None,None,2,1,Driver,F,37,Slight,Not pedestrian,None,None,2,Motorcycle,Going ahead,N,Skid,N,N,N,Unknown,F,37,599,Petrol,13
200501EO40642,Slight,1,1,7/7/2005,Thursday,17:08,Single motorway,30,Not at junction,NA,No physical crossing facility,Daylight,Fine,Dry,None,None,1,1,Pedestrian,F,29,Slight,Middle of road,None,None,1,Bus/Coach,Going ahead,N,No,N,N,N,Unknown,F,29,7300,Heavy oil,2
200501EO40643,Slight,2,1,2/7/2005,Saturday,0:35,Single motorway,30,T-junction,Traffic light,Traffic light,Lights lit,Fine,Dry,None,None,1,1,Driver,M,39,Slight,Not pedestrian,None,None,1,Car,Waiting to/Turning right,N,No,N,N,N,Unknown,M,39,1970,Petrol,4
200501EO40643,Slight,2,1,2/7/2005,Saturday,0:35,Single motorway,30,T-junction,Traffic light,Traffic light,Lights lit,Fine,Dry,None,None,1,1,Driver,M,39,Slight,Not pedestrian,None,None,2,Car,Waiting to/Turning right,N,No,N,N,N,Unknown,M,41,1762,Petrol,6
200501EO40644,Slight,2,1,7/6/2005,Tuesday,21:35,Single motorway,30,T-junction,Give-way sign,Zebra crossing,Lights lit,Fine,Dry,None,None,1,1,Driver,M,25,Slight,Not pedestrian,None,None,1,Motorcycle,Going ahead,N,No,N,N,N,Unknown,M,25,85,Petrol,9
200501EO40644,Slight,2,1,7/6/2005,Tuesday,21:35,Single motorway,30,T-junction,Give-way sign,Zebra crossing,Lights lit,Fine,Dry,None,None,1,1,Driver,M,25,Slight,Not pedestrian,None,None,2,Car,Waiting to/Turning right,N,No,N,N,N,Unknown,M,-1,NA,NA,NA
200501EO40645,Slight,2,1,14/6/2005,Tuesday,19:45,Single motorway,30,T-junction,Give-way sign,No physical crossing facility,Daylight,Fine,Dry,None,None,1,1,Driver,M,27,Slight,Not pedestrian,None,None,1,Car,Waiting to/Turning right,N,No,N,N,N,Unknown,M,27,1598,Petrol,9
200501EO40645,Slight,2,1,14/6/2005,Tuesday,19:45,Single motorway,30,T-junction,Give-way sign,No physical crossing facility,Daylight,Fine,Dry,None,None,1,1,Driver,M,27,Slight,Not pedestrian,None,None,2,Car,Going ahead,N,No,N,N,N,Unknown,M,-1,1196,Petrol,8
200501EO40646,Slight,1,1,4/7/2005,Monday,17:45,Single motorway,30,Not at junction,NA,No physical crossing facility,Daylight,Fine,Dry,None,None,1,1,Pedestrian,M,7,Slight,Elsewhere,None,None,1,Car,Going ahead,N,No,N,N,N,Unknown,M,32,1849,Petrol,9
200501EO40647,Slight,2,1,23/6/2005,Thursday,1:15,Single motorway,30,Crossroad,Traffic light,Traffic light,Lights lit,Fine,Dry,None,None,2,1,Driver,M,22,Slight,Not pedestrian,None,None,1,Taxi/Grab,Going ahead,N,No,N,N,N,Unknown,M,61,2664,Heavy oil,7
200501EO40647,Slight,2,1,23/6/2005,Thursday,1:15,Single motorway,30,Crossroad,Traffic light,Traffic light,Lights lit,Fine,Dry,None,None,2,1,Driver,M,22,Slight,Not pedestrian,None,None,2,Car,Going ahead,N,No,N,N,N,Unknown,M,22,1108,Petrol,10
200501EO40648,Slight,2,1,8/6/2005,Wednesday,17:10,Single motorway,30,Slip road,Give-way sign,No physical crossing facility,Daylight,Fine,Dry,None,None,1,1,Driver,M,47,Slight,Not pedestrian,None,None,1,Motorcycle,Going ahead,N,No,N,N,N,Unknown,M,47,49,Petrol,2
200501EO40648,Slight,2,1,8/6/2005,Wednesday,17:10,Single motorway,30,Slip road,Give-way sign,No physical crossing facility,Daylight,Fine,Dry,None,None,1,1,Driver,M,47,Slight,Not pedestrian,None,None,2,Goods Van,Waiting to/Turning right,N,No,N,N,N,Unknown,M,20,1870,Heavy oil,3
200501EO40649,Slight,1,2,25/6/2005,Saturday,13:01,Single motorway,30,T-junction,Give-way sign,Zebra crossing,Daylight,Fine,Dry,None,None,1,1,Passenger,F,20,Slight,Not pedestrian,None,Seated,1,Bus/Coach,Halting,N,No,N,N,N,Job,M,54,8268,Heavy oil,3
200501EO40649,Slight,1,2,25/6/2005,Saturday,13:01,Single motorway,30,T-junction,Give-way sign,Zebra crossing,Daylight,Fine,Dry,None,None,1,2,Passenger,F,67,Slight,Not pedestrian,None,Seated,1,Bus/Coach,Halting,N,No,N,N,N,Job,M,54,8268,Heavy oil,3
200501EO40650,Slight,1,1,2/7/2005,Saturday,20:00,Single motorway,30,Not at junction,NA,No physical crossing facility,Daylight,Fine,Dry,None,None,1,1,Pedestrian,F,50,Slight,Unknown,None,None,1,Car,Going ahead,N,No,N,N,N,Unknown,M,-1,NA,NA,NA
200501EO40651,Slight,1,1,23/6/2005,Thursday,8:22,Single motorway,30,T-junction,Give-way sign,No physical crossing facility,Daylight,Fine,Dry,None,None,1,1,Pedestrian,F,24,Slight,Elsewhere,None,None,1,Motorcycle,Going ahead,N,No,N,N,N,Unknown,M,45,NA,NA,NA
200501EO40652,Slight,2,1,25/6/2005,Saturday,13:01,Single motorway,30,T-junction,Give-way sign,No physical crossing facility,Daylight,Fine,Dry,None,None,2,1,Driver,M,22,Slight,Not pedestrian,None,None,1,Car,Halting,N,No,N,N,N,Unknown,M,40,NA,NA,NA
200501EO40652,Slight,2,1,25/6/2005,Saturday,13:01,Single motorway,30,T-junction,Give-way sign,No physical crossing facility,Daylight,Fine,Dry,None,None,2,1,Driver,M,22,Slight,Not pedestrian,None,None,2,Motorcycle,Going ahead,N,Skid,N,N,N,Unknown,M,22,599,Petrol,2
200501EO40653,Slight,2,1,12/6/2005,Sunday,21:35,Dual motorway ,30,Crossroad,Traffic light,Traffic light,Lights lit,Fine,Dry,None,None,2,1,Passenger,M,17,Slight,Not pedestrian,Rear seat,None,1,Car,Going ahead,N,No,N,N,N,Unknown,F,48,NA,NA,NA
200501EO40653,Slight,2,1,12/6/2005,Sunday,21:35,Dual motorway ,30,Crossroad,Traffic light,Traffic light,Lights lit,Fine,Dry,None,None,2,1,Passenger,M,17,Slight,Not pedestrian,Rear seat,None,2,Car,Going ahead,N,No,N,N,N,Unknown,NA,-1,NA,NA,NA
200501EO40654,Slight,2,1,28/6/2005,Tuesday,17:40,Single motorway,30,Crossroad,Traffic light,Traffic light,Daylight,Rain,Wet,None,None,2,1,Driver,M,49,Slight,Not pedestrian,None,None,1,Car,Going ahead,N,No,N,N,N,Unknown,M,36,1599,Petrol,9
200501EO40654,Slight,2,1,28/6/2005,Tuesday,17:40,Single motorway,30,Crossroad,Traffic light,Traffic light,Daylight,Rain,Wet,None,None,2,1,Driver,M,49,Slight,Not pedestrian,None,None,2,Bicycle,Going ahead,N,No,N,N,N,Unknown,M,49,NA,NA,NA
200501EO40655,Slight,1,1,2/7/2005,Saturday,20:22,Single motorway,30,Not at junction,NA,No physical crossing facility,Daylight,Fine,Dry,None,None,1,1,Passenger,M,45,Slight,Not pedestrian,None,Standing,1,Bus/Coach,Halting,N,No,N,N,N,Unknown,M,39,8268,Heavy oil,2
200501EO40656,Serious,1,1,4/7/2005,Monday,16:29,Single motorway,30,T-junction,Traffic light,Traffic light,Daylight,Fine,Dry,None,None,1,1,Pedestrian,M,36,Serious,Unknown,None,None,1,Bus/Coach,Going ahead,N,No,N,N,N,Job,M,29,7300,Heavy oil,3
200501EO40657,Slight,2,1,21/6/2005,Tuesday,16:25,Single motorway,30,Private entrance,Give-way sign,No physical crossing facility,Daylight,Fine,Dry,Roadworks,None,2,1,Driver,M,30,Slight,Not pedestrian,None,None,1,Car,Waiting to/Turning left,N,No,N,N,N,Unknown,M,26,1149,Petrol,5
200501EO40657,Slight,2,1,21/6/2005,Tuesday,16:25,Single motorway,30,Private entrance,Give-way sign,No physical crossing facility,Daylight,Fine,Dry,Roadworks,None,2,1,Driver,M,30,Slight,Not pedestrian,None,None,2,Motorcycle,Overtaking,N,No,N,N,N,Unknown,M,30,100,Petrol,2
200501EO40658,Slight,2,1,1/7/2005,Friday,20:29,Single motorway,30,T-junction,Traffic light,Traffic light,Daylight,Fine,Dry,None,None,1,1,Driver,M,38,Slight,Not pedestrian,None,None,1,Car,Moving off,N,No,N,N,N,Unknown,M,38,1124,Petrol,14
200501EO40658,Slight,2,1,1/7/2005,Friday,20:29,Single motorway,30,T-junction,Traffic light,Traffic light,Daylight,Fine,Dry,None,None,1,1,Driver,M,38,Slight,Not pedestrian,None,None,2,Car,Going ahead,N,No,N,N,N,Unknown,M,50,1799,Petrol,7
200501EO40659,Slight,2,1,15/6/2005,Wednesday,15:03,Roundabout,30,Roundabout,Traffic light,Traffic light,Daylight,Fine,Dry,None,None,1,1,Passenger,F,63,Slight,Not pedestrian,None,Standing,1,Bus/Coach,Halting,N,No,N,N,N,Job,M,26,8500,Heavy oil,7
200501EO40659,Slight,2,1,15/6/2005,Wednesday,15:03,Roundabout,30,Roundabout,Traffic light,Traffic light,Daylight,Fine,Dry,None,None,1,1,Passenger,F,63,Slight,Not pedestrian,None,Standing,2,Car,Changing lane,N,No,N,N,N,Unknown,NA,-1,NA,NA,NA
200501EO40660,Slight,3,1,29/6/2005,Wednesday,11:50,One way street,30,T-junction,Traffic light,Traffic light,Daylight,Fine,Dry,None,None,2,1,Driver,M,42,Slight,Not pedestrian,None,None,1,Goods Van,Going ahead,N,No,N,N,N,Job,M,26,5480,Heavy oil,1
200501EO40660,Slight,3,1,29/6/2005,Wednesday,11:50,One way street,30,T-junction,Traffic light,Traffic light,Daylight,Fine,Dry,None,None,2,1,Driver,M,42,Slight,Not pedestrian,None,None,2,Goods Van,Going ahead,N,No,N,N,N,Unknown,M,42,4250,Heavy oil,2
200501EO40660,Slight,3,1,29/6/2005,Wednesday,11:50,One way street,30,T-junction,Traffic light,Traffic light,Daylight,Fine,Dry,None,None,2,1,Driver,M,42,Slight,Not pedestrian,None,None,3,Motorcycle,Going ahead,N,No,N,N,N,Unknown,NA,-1,124,Petrol,4
200501EO40661,Slight,3,1,25/5/2005,Wednesday,19:25,Single motorway,30,Not at junction,NA,No physical crossing facility,Daylight,Fine,Dry,None,None,2,1,Driver,M,30,Slight,Not pedestrian,None,None,1,Car,U-turn,N,No,N,N,N,Unknown,M,45,1896,Heavy oil,4
200501EO40661,Slight,3,1,25/5/2005,Wednesday,19:25,Single motorway,30,Not at junction,NA,No physical crossing facility,Daylight,Fine,Dry,None,None,2,1,Driver,M,30,Slight,Not pedestrian,None,None,2,Motorcycle,Going ahead,N,No,N,N,N,Unknown,M,30,650,Petrol,25
200501EO40661,Slight,3,1,25/5/2005,Wednesday,19:25,Single motorway,30,Not at junction,NA,No physical crossing facility,Daylight,Fine,Dry,None,None,2,1,Driver,M,30,Slight,Not pedestrian,None,None,3,Car,Going ahead,N,No,N,N,N,Unknown,F,41,1991,Petrol,6
200501EO40662,Slight,3,1,13/6/2005,Monday,9:35,Single motorway,30,T-junction,Give-way sign,No physical crossing facility,Daylight,Fine,Dry,None,None,1,1,Driver,F,79,Slight,Not pedestrian,None,None,1,Car,U-turn,N,No,N,N,N,Unknown,F,79,1389,Petrol,12
200501EO40662,Slight,3,1,13/6/2005,Monday,9:35,Single motorway,30,T-junction,Give-way sign,No physical crossing facility,Daylight,Fine,Dry,None,None,1,1,Driver,F,79,Slight,Not pedestrian,None,None,2,Car,Going ahead,N,No,N,N,N,Unknown,M,50,2180,Heavy oil,10
200501EO40662,Slight,3,1,13/6/2005,Monday,9:35,Single motorway,30,T-junction,Give-way sign,No physical crossing facility,Daylight,Fine,Dry,None,None,1,1,Driver,F,79,Slight,Not pedestrian,None,None,3,Car,Parking,N,No,N,N,N,Unknown,NA,-1,NA,NA,NA
200501EO40663,Slight,2,1,15/6/2005,Wednesday,11:06,Single motorway,30,T-junction,Give-way sign,No physical crossing facility,Daylight,Rain,Wet,None,None,2,1,Driver,F,28,Slight,Not pedestrian,None,None,1,Car,Waiting to/Turning right,N,No,N,N,N,Unknown,M,34,NA,NA,NA
200501EO40663,Slight,2,1,15/6/2005,Wednesday,11:06,Single motorway,30,T-junction,Give-way sign,No physical crossing facility,Daylight,Rain,Wet,None,None,2,1,Driver,F,28,Slight,Not pedestrian,None,None,2,Motorcycle,Going ahead,N,No,N,N,N,Unknown,F,28,49,Petrol,2
200501EO40664,Slight,2,1,8/7/2005,Friday,16:40,One way street,30,T-junction,Give-way sign,No physical crossing facility,Daylight,Fine,Dry,None,None,1,1,Driver,M,12,Slight,Not pedestrian,None,None,1,Bicycle,Going ahead,N,No,N,N,N,Unknown,M,12,NA,NA,NA
200501EO40664,Slight,2,1,8/7/2005,Friday,16:40,One way street,30,T-junction,Give-way sign,No physical crossing facility,Daylight,Fine,Dry,None,None,1,1,Driver,M,12,Slight,Not pedestrian,None,None,2,Car,Going ahead,N,No,N,N,N,Unknown,M,-1,NA,NA,NA
200501EO40665,Slight,1,1,6/7/2005,Wednesday,21:30,Single motorway,30,Not at junction,NA,No physical crossing facility,Daylight,Fine,Dry,None,None,1,1,Pedestrian,M,11,Slight,Elsewhere,None,None,1,Car,Going ahead,N,No,N,N,N,Unknown,M,-1,NA,NA,NA
200501EO40666,Slight,2,1,8/7/2005,Friday,9:05,Single motorway,30,More than 4 sections,Traffic light,Traffic light,Daylight,Fine,Dry,None,None,1,1,Driver,M,35,Slight,Not pedestrian,None,None,1,Motorcycle,Going ahead,N,No,N,N,N,Unknown,M,35,NA,NA,NA
200501EO40666,Slight,2,1,8/7/2005,Friday,9:05,Single motorway,30,More than 4 sections,Traffic light,Traffic light,Daylight,Fine,Dry,None,None,1,1,Driver,M,35,Slight,Not pedestrian,None,None,2,Car,Going ahead,N,No,N,N,N,Unknown,M,45,NA,NA,NA
200501EO40667,Slight,2,1,22/6/2005,Wednesday,17:00,Single motorway,30,T-junction,Give-way sign,No physical crossing facility,Daylight,Fine,Dry,None,None,1,1,Driver,M,25,Slight,Not pedestrian,None,None,1,Motorcycle,Going ahead,N,No,N,N,N,Unknown,M,25,NA,NA,NA
200501EO40667,Slight,2,1,22/6/2005,Wednesday,17:00,Single motorway,30,T-junction,Give-way sign,No physical crossing facility,Daylight,Fine,Dry,None,None,1,1,Driver,M,25,Slight,Not pedestrian,None,None,2,Goods Van,Going ahead,N,No,N,N,N,Unknown,M,42,NA,Heavy oil,3
200501EO40668,Slight,2,1,8/7/2005,Friday,10:40,Single motorway,30,Crossroad,Traffic light,Traffic light,Daylight,Fine,Dry,None,None,2,1,Driver,M,45,Slight,Not pedestrian,None,None,1,Goods Van,Waiting to/Turning right,N,No,N,N,N,Unknown,M,44,NA,NA,NA
200501EO40668,Slight,2,1,8/7/2005,Friday,10:40,Single motorway,30,Crossroad,Traffic light,Traffic light,Daylight,Fine,Dry,None,None,2,1,Driver,M,45,Slight,Not pedestrian,None,None,2,Bicycle,Going ahead,N,No,N,N,N,Unknown,M,45,NA,NA,NA
200501EO40669,Slight,1,1,9/7/2005,Saturday,13:41,Single motorway,30,More than 4 sections,Traffic light,Traffic light,Daylight,Fine,Dry,None,None,1,1,Pedestrian,F,36,Slight,Crossing within 50m of facility,None,None,1,Car,Going ahead,N,No,N,N,N,Unknown,M,73,2498,Petrol,5
200501EO40670,Slight,1,1,30/6/2005,Thursday,18:25,Single motorway,30,Crossroad,Traffic light,Traffic light,Daylight,Fine,Dry,None,None,1,1,Pedestrian,M,33,Slight,Crossing within 50m of facility,None,None,1,Motorcycle,Going ahead,N,No,N,N,N,Unknown,M,28,487,Petrol,14
200501EO40671,Slight,2,1,17/6/2005,Friday,11:00,Single motorway,30,T-junction,Give-way sign,No physical crossing facility,Daylight,Fine,Dry,None,None,1,1,Passenger,M,-1,Slight,Not pedestrian,Front seat,None,1,Car,Reversing,N,No,N,N,N,Unknown,M,40,NA,NA,NA
200501EO40671,Slight,2,1,17/6/2005,Friday,11:00,Single motorway,30,T-junction,Give-way sign,No physical crossing facility,Daylight,Fine,Dry,None,None,1,1,Passenger,M,-1,Slight,Not pedestrian,Front seat,None,2,Goods Van,Going ahead,N,No,N,N,N,Unknown,M,37,NA,NA,NA
200501EO40672,Slight,2,1,8/6/2005,Wednesday,17:24,Single motorway,30,Not at junction,NA,No physical crossing facility,Daylight,Fine,Dry,None,None,2,1,Driver,F,24,Slight,Not pedestrian,None,None,1,Taxi/Grab,U-turn,N,No,N,N,N,Unknown,M,47,2664,Heavy oil,7
200501EO40672,Slight,2,1,8/6/2005,Wednesday,17:24,Single motorway,30,Not at junction,NA,No physical crossing facility,Daylight,Fine,Dry,None,None,2,1,Driver,F,24,Slight,Not pedestrian,None,None,2,Motorcycle,Going ahead,N,No,N,N,N,Unknown,F,24,998,Petrol,4
200501EO40674,Slight,4,1,20/6/2005,Monday,19:18,Single motorway,30,Not at junction,NA,No physical crossing facility,Daylight,Fine,Dry,None,None,2,1,Driver,M,59,Slight,Not pedestrian,None,None,1,Car,Going ahead,N,No,Y,Y,N,Unknown,M,30,NA,NA,NA
200501EO40674,Slight,4,1,20/6/2005,Monday,19:18,Single motorway,30,Not at junction,NA,No physical crossing facility,Daylight,Fine,Dry,None,None,2,1,Driver,M,59,Slight,Not pedestrian,None,None,2,Car,Parking,N,No,N,N,N,Unknown,M,59,1809,Petrol,16
200501EO40674,Slight,4,1,20/6/2005,Monday,19:18,Single motorway,30,Not at junction,NA,No physical crossing facility,Daylight,Fine,Dry,None,None,2,1,Driver,M,59,Slight,Not pedestrian,None,None,3,Car,Parking,N,No,N,N,N,Unknown,M,42,NA,NA,NA
200501EO40674,Slight,4,1,20/6/2005,Monday,19:18,Single motorway,30,Not at junction,NA,No physical crossing facility,Daylight,Fine,Dry,None,None,2,1,Driver,M,59,Slight,Not pedestrian,None,None,4,Car,Parking,N,No,N,N,N,Unknown,F,-1,NA,NA,NA