Accident_Index,Accident_Severity,Number_of_Vehicles,Number_of_Casualties,Date,Day_of_Week,Time,Road_Type,Speed_Limit,Junction_Detail,Junction_Control,Pedestrian_Crossing_Type,Light_Conditions,Weather_Conditions,Road_Surface_Conditions,Special_Conditions_at_Site,Road_Hazards,Vehicle_Reference.x,Casualty_Reference,Casualty_Class,Sex_of_Casualty,Age_of_Casualty,Casualty_Severity,Pedestrian_Location,Car_Passenger,Bus_or_Coach_Passenger,Vehicle_Reference.y,Vehicle_Type,Vehicle_Manoeuvre,Vehicle_in_Restricted_Lane,Skidding_and_Overturning,Hit_Object_on_Road,Vehicle_veer_off_Road,Hit_Object_off_Road,Journey_Purpose_of_Driver,Sex_of_Driver,Age_of_Driver,Engine_Capacity_CC,Engine_Type,Age_of_Vehicle
200501EO40726,Slight,2,1,11/7/2005,Monday,16:15,Single motorway,30,T-junction,Give-way sign,No physical crossing facility,Daylight,Fine,Dry,None,None,2,1,Driver,M,48,Slight,Not pedestrian,None,None,1,Car,Waiting to/Turning left,N,No,N,N,N,Unknown,F,41,NA,NA,NA
200501EO40726,Slight,2,1,11/7/2005,Monday,16:15,Single motorway,30,T-junction,Give-way sign,No physical crossing facility,Daylight,Fine,Dry,None,None,2,1,Driver,M,48,Slight,Not pedestrian,None,None,2,Bicycle,Changing lane,N,No,N,N,N,Unknown,M,48,NA,NA,NA
200501EO40728,Slight,1,1,11/7/2005,Monday,17:40,Single motorway,30,Crossroad,Traffic light,Traffic light,Daylight,Fine,Dry,None,None,1,1,Pedestrian,F,38,Slight,Crossing on facility,None,None,1,Motorcycle,Going ahead,N,No,N,N,N,Unknown,M,25,645,Petrol,1
200501EO40729,Serious,1,1,11/7/2005,Monday,20:31,Single motorway,30,Not at junction,NA,No physical crossing facility,Daylight,Fine,Dry,None,None,1,1,Pedestrian,F,14,Serious,Elsewhere,None,None,1,Car,Going ahead,N,No,N,N,N,Unknown,M,43,1995,Petrol,2
200501EO40730,Slight,2,1,11/7/2005,Monday,17:36,Single motorway,30,Crossroad,Traffic light,Traffic light,Daylight,Fine,Dry,None,None,1,1,Driver,M,-1,Slight,Not pedestrian,None,None,1,Motorcycle,Going ahead,N,No,N,N,N,Unknown,M,-1,618,Petrol,1
200501EO40730,Slight,2,1,11/7/2005,Monday,17:36,Single motorway,30,Crossroad,Traffic light,Traffic light,Daylight,Fine,Dry,None,None,1,1,Driver,M,-1,Slight,Not pedestrian,None,None,2,Goods Van,Waiting to/Turning left,N,No,N,N,N,Unknown,M,43,1868,Heavy oil,1
200501EO40731,Slight,3,1,11/7/2005,Monday,18:10,Single motorway,30,Crossroad,Traffic light,Traffic light,Daylight,Fine,Dry,None,None,1,1,Driver,M,48,Slight,Not pedestrian,None,None,1,Motorcycle,Going ahead,N,No,N,N,N,Unknown,M,48,645,Petrol,1
200501EO40731,Slight,3,1,11/7/2005,Monday,18:10,Single motorway,30,Crossroad,Traffic light,Traffic light,Daylight,Fine,Dry,None,None,1,1,Driver,M,48,Slight,Not pedestrian,None,None,2,Taxi/Grab,Changing lane,N,No,N,N,N,Unknown,M,-1,NA,NA,NA
200501EO40731,Slight,3,1,11/7/2005,Monday,18:10,Single motorway,30,Crossroad,Traffic light,Traffic light,Daylight,Fine,Dry,None,None,1,1,Driver,M,48,Slight,Not pedestrian,None,None,3,Goods Van,Going ahead,N,No,N,N,N,Unknown,M,-1,NA,NA,NA
200501EO40732,Slight,2,1,30/6/2005,Thursday,18:30,Single motorway,30,Not at junction,NA,No physical crossing facility,Daylight,Fine,Wet,None,None,1,1,Driver,M,30,Slight,Not pedestrian,None,None,1,Bicycle,Overtaking,N,No,N,N,N,Unknown,M,30,NA,NA,NA
200501EO40732,Slight,2,1,30/6/2005,Thursday,18:30,Single motorway,30,Not at junction,NA,No physical crossing facility,Daylight,Fine,Wet,None,None,1,1,Driver,M,30,Slight,Not pedestrian,None,None,2,Car,U-turn,N,No,N,N,N,Unknown,M,-1,1124,Petrol,NA
200501EO40733,Slight,2,1,7/7/2005,Thursday,19:00,One way street,30,More than 4 sections,Traffic light,Traffic light,Daylight,Fine,Dry,None,None,2,1,Driver,F,25,Slight,Not pedestrian,None,None,1,Car,Changing lane,N,No,N,N,N,Unknown,M,30,NA,NA,NA
200501EO40733,Slight,2,1,7/7/2005,Thursday,19:00,One way street,30,More than 4 sections,Traffic light,Traffic light,Daylight,Fine,Dry,None,None,2,1,Driver,F,25,Slight,Not pedestrian,None,None,2,Motorcycle,Going ahead,N,No,N,N,N,Unknown,F,25,124,Petrol,3
200501EO40734,Slight,2,1,11/7/2005,Monday,10:06,Single motorway,30,Private entrance,Give-way sign,No physical crossing facility,Daylight,Fine,Dry,None,None,2,1,Driver,F,51,Slight,Not pedestrian,None,None,1,Goods Van,Waiting to/Turning right,N,No,N,N,N,Unknown,M,44,NA,Heavy oil,9
200501EO40734,Slight,2,1,11/7/2005,Monday,10:06,Single motorway,30,Private entrance,Give-way sign,No physical crossing facility,Daylight,Fine,Dry,None,None,2,1,Driver,F,51,Slight,Not pedestrian,None,None,2,Bicycle,Going ahead,N,No,N,N,N,Unknown,F,51,NA,NA,NA
200501EO40735,Slight,1,1,11/7/2005,Monday,10:32,One way street,30,Crossroad,Traffic light,Traffic light,Daylight,Fine,Dry,None,None,1,1,Pedestrian,M,26,Slight,Crossing on facility,None,None,1,Goods Van,Going ahead,N,No,N,N,N,Unknown,M,54,4116,Heavy oil,3
200501EO40736,Slight,1,1,11/7/2005,Monday,21:35,Single motorway,30,Not at junction,NA,No physical crossing facility,Lights lit,Fine,Dry,None,None,1,1,Pedestrian,M,27,Slight,Unknown,None,None,1,Taxi/Grab,Going ahead,N,No,N,N,N,Unknown,M,-1,NA,NA,NA
200501EO40737,Slight,2,1,30/7/2005,Saturday,1:40,Single motorway,30,T-junction,Give-way sign,No physical crossing facility,Lights lit,Fine,Dry,None,None,1,1,Driver,M,35,Slight,Not pedestrian,None,None,1,Motorcycle,Overtaking,N,No,N,N,N,Unknown,M,35,125,Petrol,2
200501EO40737,Slight,2,1,30/7/2005,Saturday,1:40,Single motorway,30,T-junction,Give-way sign,No physical crossing facility,Lights lit,Fine,Dry,None,None,1,1,Driver,M,35,Slight,Not pedestrian,None,None,2,Goods Van,Waiting to/Turning right,N,No,N,N,N,Unknown,M,35,NA,NA,NA
200501EO40738,Slight,1,1,22/7/2005,Friday,23:00,One way street,30,Crossroad,Traffic light,Traffic light,Lights lit,Rain,Wet,None,None,1,1,Pedestrian,M,47,Slight,Crossing within 50m of facility,None,None,1,Bus/Coach,Waiting to/Turning left,N,No,N,N,N,Unknown,M,37,7300,Heavy oil,2
200501EO40739,Slight,2,1,20/7/2005,Wednesday,19:18,Single motorway,30,T-junction,Traffic light,No physical crossing facility,Daylight,Fine,Dry,None,None,1,1,Driver,F,24,Slight,Not pedestrian,None,None,1,Bicycle,Going ahead,N,No,N,N,N,Unknown,F,24,NA,NA,NA
200501EO40739,Slight,2,1,20/7/2005,Wednesday,19:18,Single motorway,30,T-junction,Traffic light,No physical crossing facility,Daylight,Fine,Dry,None,None,1,1,Driver,F,24,Slight,Not pedestrian,None,None,2,Goods Van,Waiting to/Turning right,N,No,N,N,N,Unknown,M,35,NA,NA,NA
200501EO40740,Slight,1,1,12/7/2005,Tuesday,11:49,Single motorway,30,Crossroad,Give-way sign,No physical crossing facility,Daylight,Fine,Dry,None,None,1,1,Pedestrian,F,80,Slight,Unknown,None,None,1,Car,Reversing,N,No,N,N,N,Unknown,M,35,NA,NA,NA
200501EO40741,Slight,2,1,11/7/2005,Monday,20:55,Single motorway,30,Crossroad,Traffic light,Traffic light,Daylight,Fine,Dry,None,None,2,1,Driver,M,34,Slight,Not pedestrian,None,None,1,Car,Going ahead,N,No,N,N,N,Unknown,M,38,1781,Petrol,11
200501EO40741,Slight,2,1,11/7/2005,Monday,20:55,Single motorway,30,Crossroad,Traffic light,Traffic light,Daylight,Fine,Dry,None,None,2,1,Driver,M,34,Slight,Not pedestrian,None,None,2,Bicycle,Overtaking,N,No,N,N,N,Unknown,M,34,NA,NA,NA
200501EO40742,Slight,2,1,21/7/2005,Thursday,19:40,Single motorway,30,Not at junction,NA,No physical crossing facility,Daylight,Fine,Dry,None,None,2,1,Passenger,F,24,Slight,Not pedestrian,None,None,1,Car,Changing lane,N,No,N,N,N,Unknown,M,27,2776,Heavy oil,1
200501EO40742,Slight,2,1,21/7/2005,Thursday,19:40,Single motorway,30,Not at junction,NA,No physical crossing facility,Daylight,Fine,Dry,None,None,2,1,Passenger,F,24,Slight,Not pedestrian,None,None,2,Motorcycle,Going ahead,N,No,N,N,N,Unknown,M,25,244,Petrol,3
200501EO40743,Serious,2,2,13/7/2005,Wednesday,9:21,Single motorway,30,T-junction,Give-way sign,No physical crossing facility,Daylight,Fine,Dry,None,None,1,1,Driver,F,34,Serious,Not pedestrian,None,None,1,Car,Waiting to/Turning right,N,No,N,N,N,Unknown,F,34,2979,Petrol,1
200501EO40743,Serious,2,2,13/7/2005,Wednesday,9:21,Single motorway,30,T-junction,Give-way sign,No physical crossing facility,Daylight,Fine,Dry,None,None,1,1,Driver,F,34,Serious,Not pedestrian,None,None,2,Motorcycle,Going ahead,N,No,N,N,N,Unknown,M,23,NA,NA,NA
200501EO40743,Serious,2,2,13/7/2005,Wednesday,9:21,Single motorway,30,T-junction,Give-way sign,No physical crossing facility,Daylight,Fine,Dry,None,None,2,2,Driver,M,23,Slight,Not pedestrian,None,None,1,Car,Waiting to/Turning right,N,No,N,N,N,Unknown,F,34,2979,Petrol,1
200501EO40743,Serious,2,2,13/7/2005,Wednesday,9:21,Single motorway,30,T-junction,Give-way sign,No physical crossing facility,Daylight,Fine,Dry,None,None,2,2,Driver,M,23,Slight,Not pedestrian,None,None,2,Motorcycle,Going ahead,N,No,N,N,N,Unknown,M,23,NA,NA,NA
200501EO40744,Slight,2,1,21/7/2005,Thursday,20:15,One way street,30,T-junction,Give-way sign,No physical crossing facility,Daylight,Fine,Dry,None,None,2,1,Driver,M,35,Slight,Not pedestrian,None,None,1,Bus/Coach,Going ahead,N,No,N,N,N,Unknown,M,33,7300,Heavy oil,2
200501EO40744,Slight,2,1,21/7/2005,Thursday,20:15,One way street,30,T-junction,Give-way sign,No physical crossing facility,Daylight,Fine,Dry,None,None,2,1,Driver,M,35,Slight,Not pedestrian,None,None,2,Bicycle,Going ahead,N,No,N,N,N,Unknown,M,35,NA,NA,NA
200501EO40745,Slight,2,1,18/7/2005,Monday,15:10,Single motorway,30,T-junction,Give-way sign,No physical crossing facility,Daylight,Fine,Dry,None,None,2,1,Driver,M,20,Slight,Not pedestrian,None,None,1,Car,Parking,N,No,N,N,N,Unknown,M,20,2979,Petrol,4
200501EO40745,Slight,2,1,18/7/2005,Monday,15:10,Single motorway,30,T-junction,Give-way sign,No physical crossing facility,Daylight,Fine,Dry,None,None,2,1,Driver,M,20,Slight,Not pedestrian,None,None,2,Bicycle,Going ahead,Y,No,N,N,N,Unknown,M,20,NA,NA,NA
200501EO40746,Serious,1,1,11/7/2005,Monday,13:21,Single motorway,30,T-junction,Give-way sign,No physical crossing facility,Daylight,Fine,Dry,None,None,1,1,Pedestrian,M,21,Serious,Elsewhere,None,None,1,Car,Going ahead,N,No,N,N,N,Unknown,F,62,1796,Petrol,1
200501EO40748,Slight,2,1,16/7/2005,Saturday,10:50,Dual motorway ,30,Private entrance,Traffic light,Traffic light,Daylight,Fine,Dry,None,None,1,1,Driver,F,42,Slight,Not pedestrian,None,None,1,Car,Waiting,N,No,N,N,N,Unknown,F,42,1796,Petrol,11
200501EO40748,Slight,2,1,16/7/2005,Saturday,10:50,Dual motorway ,30,Private entrance,Traffic light,Traffic light,Daylight,Fine,Dry,None,None,1,1,Driver,F,42,Slight,Not pedestrian,None,None,2,Car,Going ahead,N,No,N,N,N,Unknown,F,27,1590,Petrol,NA
200501EO40749,Slight,1,1,22/7/2005,Friday,7:26,Single motorway,30,T-junction,Give-way sign,No physical crossing facility,Daylight,Fine,Dry,None,None,1,1,Driver,M,25,Slight,Not pedestrian,None,None,1,Bus/Coach,Going ahead,N,No,N,N,N,Unknown,M,25,5900,Heavy oil,7
200501EO40750,Slight,2,1,11/7/2005,Monday,17:10,Single motorway,30,Crossroad,Traffic light,Traffic light,Daylight,Fine,Dry,None,None,2,1,Driver,M,38,Slight,Not pedestrian,None,None,1,Car,Changing lane,N,No,N,N,N,Unknown,M,40,NA,NA,NA
200501EO40750,Slight,2,1,11/7/2005,Monday,17:10,Single motorway,30,Crossroad,Traffic light,Traffic light,Daylight,Fine,Dry,None,None,2,1,Driver,M,38,Slight,Not pedestrian,None,None,2,Motorcycle,Going ahead,N,No,N,N,N,Unknown,M,38,NA,NA,NA
200501EO40751,Slight,1,1,20/7/2005,Wednesday,12:50,One way street,30,T-junction,Give-way sign,No physical crossing facility,Daylight,Fine,Dry,None,None,1,1,Driver,M,17,Slight,Not pedestrian,None,None,1,Motorcycle,Going ahead,N,No,N,N,N,Unknown,M,17,124,Petrol,3
200501EO40752,Serious,2,2,22/7/2005,Friday,22:47,Single motorway,30,T-junction,Give-way sign,No physical crossing facility,Lights lit,Fine,Dry,None,None,2,1,Driver,M,18,Serious,Not pedestrian,None,None,1,Car,Waiting to/Turning right,N,No,N,N,N,Unknown,M,50,1988,Petrol,8
200501EO40752,Serious,2,2,22/7/2005,Friday,22:47,Single motorway,30,T-junction,Give-way sign,No physical crossing facility,Lights lit,Fine,Dry,None,None,2,1,Driver,M,18,Serious,Not pedestrian,None,None,2,Motorcycle,Going ahead,N,No,N,N,N,Unknown,M,18,NA,NA,NA
200501EO40752,Serious,2,2,22/7/2005,Friday,22:47,Single motorway,30,T-junction,Give-way sign,No physical crossing facility,Lights lit,Fine,Dry,None,None,2,2,Passenger,M,16,Slight,Not pedestrian,None,None,1,Car,Waiting to/Turning right,N,No,N,N,N,Unknown,M,50,1988,Petrol,8
200501EO40752,Serious,2,2,22/7/2005,Friday,22:47,Single motorway,30,T-junction,Give-way sign,No physical crossing facility,Lights lit,Fine,Dry,None,None,2,2,Passenger,M,16,Slight,Not pedestrian,None,None,2,Motorcycle,Going ahead,N,No,N,N,N,Unknown,M,18,NA,NA,NA
200501EO40753,Slight,1,1,21/7/2005,Thursday,21:00,Single motorway,30,T-junction,Give-way sign,Zebra crossing,Lights lit,Fine,Dry,None,None,1,1,Pedestrian,M,41,Slight,Crossing on facility,None,None,1,Bus/Coach,Going ahead,N,No,N,N,N,Unknown,M,47,7300,Heavy oil,3
200501EO40754,Serious,1,2,19/7/2005,Tuesday,17:00,Single motorway,30,T-junction,Give-way sign,No physical crossing facility,Daylight,Fine,Dry,None,None,1,1,Pedestrian,M,14,Serious,Middle of road,None,None,1,Car,Waiting to/Turning right,N,No,N,N,N,Unknown,F,66,1390,Petrol,7
200501EO40754,Serious,1,2,19/7/2005,Tuesday,17:00,Single motorway,30,T-junction,Give-way sign,No physical crossing facility,Daylight,Fine,Dry,None,None,1,2,Pedestrian,M,14,Serious,Middle of road,None,None,1,Car,Waiting to/Turning right,N,No,N,N,N,Unknown,F,66,1390,Petrol,7
200501EO40755,Slight,3,1,6/6/2005,Monday,16:14,Single motorway,30,T-junction,Give-way sign,Crossing with island,Daylight,Fine,Dry,None,None,3,1,Driver,M,45,Slight,Not pedestrian,None,None,1,Bus/Coach,Going ahead,N,No,N,N,N,Job,M,64,NA,Heavy oil,5
200501EO40755,Slight,3,1,6/6/2005,Monday,16:14,Single motorway,30,T-junction,Give-way sign,Crossing with island,Daylight,Fine,Dry,None,None,3,1,Driver,M,45,Slight,Not pedestrian,None,None,2,Goods Van,Waiting,N,No,N,N,N,Unknown,M,55,1870,Heavy oil,NA
200501EO40755,Slight,3,1,6/6/2005,Monday,16:14,Single motorway,30,T-junction,Give-way sign,Crossing with island,Daylight,Fine,Dry,None,None,3,1,Driver,M,45,Slight,Not pedestrian,None,None,3,Bicycle,Overtaking,N,No,N,N,N,Unknown,M,45,NA,NA,NA
200501EO40756,Slight,1,1,28/7/2005,Thursday,10:02,Single motorway,30,Not at junction,NA,No physical crossing facility,Daylight,Rain,Wet,Oil,None,1,1,Driver,F,29,Slight,Not pedestrian,None,None,1,Motorcycle,Going ahead,N,No,N,N,N,Unknown,F,29,49,Petrol,1
200501EO40757,Slight,2,1,16/6/2005,Thursday,13:37,Single motorway,30,T-junction,Give-way sign,No physical crossing facility,Daylight,Rain,Wet,None,None,2,1,Driver,F,26,Slight,Not pedestrian,None,None,1,Taxi/Grab,Waiting to/Turning left,N,No,N,N,N,Job,M,53,2664,Heavy oil,4
200501EO40757,Slight,2,1,16/6/2005,Thursday,13:37,Single motorway,30,T-junction,Give-way sign,No physical crossing facility,Daylight,Rain,Wet,None,None,2,1,Driver,F,26,Slight,Not pedestrian,None,None,2,Bicycle,Going ahead,N,No,N,N,N,Unknown,F,26,NA,NA,NA
200501EO40758,Slight,2,1,3/7/2005,Sunday,21:15,Single motorway,30,Not at junction,NA,No physical crossing facility,Lights lit,Fine,Dry,None,None,1,1,Driver,M,14,Slight,Not pedestrian,None,None,1,Bicycle,Going ahead,N,No,N,N,N,Unknown,M,14,NA,NA,NA
200501EO40758,Slight,2,1,3/7/2005,Sunday,21:15,Single motorway,30,Not at junction,NA,No physical crossing facility,Lights lit,Fine,Dry,None,None,1,1,Driver,M,14,Slight,Not pedestrian,None,None,2,Car,Going ahead,N,No,N,N,N,Unknown,M,-1,NA,NA,NA
200501EO40759,Slight,2,1,26/7/2005,Tuesday,11:09,Single motorway,30,T-junction,Give-way sign,No physical crossing facility,Daylight,Fine,Dry,Roadworks,None,1,1,Driver,M,37,Slight,Not pedestrian,None,None,1,Goods Van,Going ahead,N,No,N,N,N,Unknown,M,37,NA,NA,NA
200501EO40759,Slight,2,1,26/7/2005,Tuesday,11:09,Single motorway,30,T-junction,Give-way sign,No physical crossing facility,Daylight,Fine,Dry,Roadworks,None,1,1,Driver,M,37,Slight,Not pedestrian,None,None,2,Bus/Coach,Moving off,N,No,N,N,N,Unknown,M,25,NA,Heavy oil,8
200501EO40760,Slight,1,1,15/6/2005,Wednesday,18:35,Single motorway,30,T-junction,Give-way sign,Zebra crossing,Daylight,Fine,Dry,None,None,1,1,Pedestrian,M,3,Slight,Crossing on facility,None,None,1,Car,Waiting to/Turning right,N,No,N,N,N,Unknown,M,36,NA,NA,NA
200501EO40761,Slight,1,1,18/6/2005,Saturday,14:50,Dual motorway ,30,T-junction,Give-way sign,No physical crossing facility,Daylight,Fine,Dry,None,None,1,1,Pedestrian,M,9,Slight,Elsewhere,None,None,1,Taxi/Grab,Going ahead,N,No,N,N,N,Unknown,M,61,2664,Heavy oil,10
200501EO40762,Slight,2,1,5/7/2005,Tuesday,7:55,Single motorway,30,T-junction,Give-way sign,No physical crossing facility,Daylight,Fine,Dry,None,None,1,1,Driver,M,27,Slight,Not pedestrian,None,None,1,Bicycle,Going ahead,N,No,N,N,N,Unknown,M,27,NA,NA,NA
200501EO40762,Slight,2,1,5/7/2005,Tuesday,7:55,Single motorway,30,T-junction,Give-way sign,No physical crossing facility,Daylight,Fine,Dry,None,None,1,1,Driver,M,27,Slight,Not pedestrian,None,None,2,Car,Waiting to/Turning right,N,No,N,N,N,Unknown,M,52,1796,Petrol,10
200501EO40763,Slight,2,2,5/7/2005,Tuesday,13:18,Single motorway,30,Not at junction,NA,No physical crossing facility,Daylight,Fine,Dry,None,None,1,1,Driver,M,60,Slight,Not pedestrian,None,None,1,Taxi/Grab,Going ahead,N,No,N,N,N,Unknown,M,60,2664,Heavy oil,6
200501EO40763,Slight,2,2,5/7/2005,Tuesday,13:18,Single motorway,30,Not at junction,NA,No physical crossing facility,Daylight,Fine,Dry,None,None,1,1,Driver,M,60,Slight,Not pedestrian,None,None,2,Car,Going ahead,N,No,N,N,N,Unknown,M,44,1870,Heavy oil,1
200501EO40763,Slight,2,2,5/7/2005,Tuesday,13:18,Single motorway,30,Not at junction,NA,No physical crossing facility,Daylight,Fine,Dry,None,None,2,2,Driver,M,44,Slight,Not pedestrian,None,None,1,Taxi/Grab,Going ahead,N,No,N,N,N,Unknown,M,60,2664,Heavy oil,6
200501EO40763,Slight,2,2,5/7/2005,Tuesday,13:18,Single motorway,30,Not at junction,NA,No physical crossing facility,Daylight,Fine,Dry,None,None,2,2,Driver,M,44,Slight,Not pedestrian,None,None,2,Car,Going ahead,N,No,N,N,N,Unknown,M,44,1870,Heavy oil,1
200501EO40764,Slight,2,1,12/7/2005,Tuesday,0:34,Single motorway,30,Crossroad,Traffic light,Traffic light,Lights lit,Fine,Dry,None,None,1,1,Driver,M,18,Slight,Not pedestrian,None,None,1,Motorcycle,Overtaking,N,No,N,N,N,Unknown,M,18,49,Petrol,3
200501EO40764,Slight,2,1,12/7/2005,Tuesday,0:34,Single motorway,30,Crossroad,Traffic light,Traffic light,Lights lit,Fine,Dry,None,None,1,1,Driver,M,18,Slight,Not pedestrian,None,None,2,Car,Waiting to/Turning left,N,No,N,N,N,Unknown,M,37,1995,Heavy oil,6
200501EO40766,Slight,1,1,5/7/2005,Tuesday,11:40,Single motorway,30,T-junction,Give-way sign,No physical crossing facility,Daylight,Fine,Dry,None,None,1,1,Pedestrian,F,55,Slight,Unknown,None,None,1,Motorcycle,Going ahead,N,No,N,N,N,Unknown,M,38,918,Petrol,7
200501EO40767,Slight,1,1,6/7/2005,Wednesday,11:30,Single motorway,30,Crossroad,Give-way sign,No physical crossing facility,Daylight,Fine,Dry,None,None,1,1,Pedestrian,M,23,Slight,Sidewalk,None,None,1,Goods Van,Going ahead,N,No,N,N,N,Unknown,M,64,2400,Heavy oil,2
200501EO40768,Slight,2,1,9/7/2005,Saturday,7:35,One way street,30,Crossroad,Stop sign,No physical crossing facility,Daylight,Fine,Dry,None,None,1,1,Driver,M,42,Slight,Not pedestrian,None,None,1,Car,Going ahead,N,No,N,N,N,Unknown,M,42,1989,Petrol,3
200501EO40768,Slight,2,1,9/7/2005,Saturday,7:35,One way street,30,Crossroad,Stop sign,No physical crossing facility,Daylight,Fine,Dry,None,None,1,1,Driver,M,42,Slight,Not pedestrian,None,None,2,Car,Going ahead,N,No,N,N,N,Unknown,M,30,1796,Petrol,14
200501EO40769,Slight,4,1,1/8/2005,Monday,11:13,Single motorway,30,Crossroad,Traffic light,Traffic light,Daylight,Fine,Dry,None,None,3,1,Driver,M,31,Slight,Not pedestrian,None,None,1,Goods Van,Parking,N,No,N,N,N,Unknown,NA,-1,1998,Heavy oil,1
200501EO40769,Slight,4,1,1/8/2005,Monday,11:13,Single motorway,30,Crossroad,Traffic light,Traffic light,Daylight,Fine,Dry,None,None,3,1,Driver,M,31,Slight,Not pedestrian,None,None,2,Taxi/Grab,U-turn,N,No,N,N,N,Job,M,50,2664,Heavy oil,5
200501EO40769,Slight,4,1,1/8/2005,Monday,11:13,Single motorway,30,Crossroad,Traffic light,Traffic light,Daylight,Fine,Dry,None,None,3,1,Driver,M,31,Slight,Not pedestrian,None,None,3,Motorcycle,Going ahead,N,No,N,N,N,Unknown,M,31,599,Petrol,4
200501EO40769,Slight,4,1,1/8/2005,Monday,11:13,Single motorway,30,Crossroad,Traffic light,Traffic light,Daylight,Fine,Dry,None,None,3,1,Driver,M,31,Slight,Not pedestrian,None,None,4,Car,Parking,N,No,N,N,N,Unknown,NA,-1,NA,NA,NA
200501EO40770,Slight,2,1,27/6/2005,Monday,15:20,Single motorway,30,T-junction,Give-way sign,Non-junction pedestrian light crossing,Daylight,Fine,Dry,None,None,2,1,Driver,M,53,Slight,Not pedestrian,None,None,1,Car,Going ahead,N,No,N,N,N,Unknown,M,35,1995,Petrol,14
200501EO40770,Slight,2,1,27/6/2005,Monday,15:20,Single motorway,30,T-junction,Give-way sign,Non-junction pedestrian light crossing,Daylight,Fine,Dry,None,None,2,1,Driver,M,53,Slight,Not pedestrian,None,None,2,Car,Waiting,N,No,N,N,N,Unknown,M,53,1850,Petrol,6
200501EO40772,Slight,2,1,12/7/2005,Tuesday,11:05,Single motorway,30,Not at junction,NA,No physical crossing facility,Daylight,Fine,Dry,None,None,2,1,Driver,M,48,Slight,Not pedestrian,None,None,1,Car,U-turn,N,No,N,N,N,Unknown,M,62,NA,NA,NA
200501EO40772,Slight,2,1,12/7/2005,Tuesday,11:05,Single motorway,30,Not at junction,NA,No physical crossing facility,Daylight,Fine,Dry,None,None,2,1,Driver,M,48,Slight,Not pedestrian,None,None,2,Motorcycle,Going ahead,N,No,N,N,N,Unknown,M,48,NA,NA,NA
200501EO40773,Slight,2,1,29/4/2005,Friday,0:34,Single motorway,30,More than 4 sections,Give-way sign,Zebra crossing,Lights lit,Fine,Dry,None,None,2,1,Driver,M,39,Slight,Not pedestrian,None,None,1,Bus/Coach,Moving off,N,No,N,N,N,Unknown,M,41,NA,NA,NA
200501EO40773,Slight,2,1,29/4/2005,Friday,0:34,Single motorway,30,More than 4 sections,Give-way sign,Zebra crossing,Lights lit,Fine,Dry,None,None,2,1,Driver,M,39,Slight,Not pedestrian,None,None,2,Bicycle,Overtaking,N,No,N,N,N,Unknown,M,39,NA,NA,NA
200501EO40774,Slight,1,1,27/7/2005,Wednesday,11:57,Single motorway,30,Crossroad,Traffic light,No physical crossing facility,Daylight,Fine,Dry,None,None,1,1,Pedestrian,F,26,Slight,Unknown,None,None,1,Motorcycle,Going ahead,N,No,N,N,N,Unknown,M,-1,NA,NA,NA
200501EO40775,Slight,2,1,15/7/2005,Friday,1:30,Single motorway,30,T-junction,Traffic light,No physical crossing facility,Lights lit,Fine,Dry,None,None,2,1,Driver,M,33,Slight,Not pedestrian,None,None,1,Goods Van,Waiting to/Turning right,N,No,N,N,N,Unknown,M,45,2798,Heavy oil,2
200501EO40775,Slight,2,1,15/7/2005,Friday,1:30,Single motorway,30,T-junction,Traffic light,No physical crossing facility,Lights lit,Fine,Dry,None,None,2,1,Driver,M,33,Slight,Not pedestrian,None,None,2,Motorcycle,Going ahead,N,No,N,N,N,Unknown,M,33,644,Petrol,NA
200501EO40777,Slight,2,1,14/7/2005,Thursday,19:20,Single motorway,30,Not at junction,NA,No physical crossing facility,Daylight,Fine,Dry,None,None,2,1,Driver,F,13,Slight,Not pedestrian,None,None,1,Bus/Coach,Going ahead,N,No,N,N,N,Unknown,M,43,7300,Heavy oil,4
200501EO40777,Slight,2,1,14/7/2005,Thursday,19:20,Single motorway,30,Not at junction,NA,No physical crossing facility,Daylight,Fine,Dry,None,None,2,1,Driver,F,13,Slight,Not pedestrian,None,None,2,Bicycle,Changing lane,N,No,N,N,N,Unknown,F,13,NA,NA,NA
200501EO40778,Slight,1,1,9/7/2005,Saturday,23:40,Single motorway,30,Not at junction,NA,Zebra crossing,Lights lit,Fine,Dry,None,None,1,1,Pedestrian,F,26,Slight,Crossing within 50m of facility,None,None,1,Car,Going ahead,N,No,N,N,N,Unknown,M,34,NA,NA,NA
200501EO40780,Slight,2,1,11/7/2005,Monday,19:53,Single motorway,30,T-junction,Give-way sign,No physical crossing facility,Daylight,Fine,Dry,None,None,2,1,Driver,M,45,Slight,Not pedestrian,None,None,1,Car,Waiting to/Turning right,N,No,N,N,N,Unknown,M,43,1390,Petrol,12