Accident_Index,Accident_Severity,Number_of_Vehicles,Number_of_Casualties,Date,Day_of_Week,Time,Road_Type,Speed_Limit,Junction_Detail,Junction_Control,Pedestrian_Crossing_Type,Light_Conditions,Weather_Conditions,Road_Surface_Conditions,Special_Conditions_at_Site,Road_Hazards,Vehicle_Reference.x,Casualty_Reference,Casualty_Class,Sex_of_Casualty,Age_of_Casualty,Casualty_Severity,Pedestrian_Location,Car_Passenger,Bus_or_Coach_Passenger,Vehicle_Reference.y,Vehicle_Type,Vehicle_Manoeuvre,Vehicle_in_Restricted_Lane,Skidding_and_Overturning,Hit_Object_on_Road,Vehicle_veer_off_Road,Hit_Object_off_Road,Journey_Purpose_of_Driver,Sex_of_Driver,Age_of_Driver,Engine_Capacity_CC,Engine_Type,Age_of_Vehicle
200501EO40780,Slight,2,1,11/7/2005,Monday,19:53,Single motorway,30,T-junction,Give-way sign,No physical crossing facility,Daylight,Fine,Dry,None,None,2,1,Driver,M,45,Slight,Not pedestrian,None,None,2,Bicycle,Going ahead,N,No,N,N,N,Unknown,M,45,NA,NA,NA
200501EO40781,Slight,2,1,22/7/2005,Friday,7:10,Single motorway,30,Not at junction,NA,No physical crossing facility,Daylight,Fine,Dry,None,None,1,1,Driver,M,28,Slight,Not pedestrian,None,None,1,Bicycle,Going ahead,N,No,N,N,N,Unknown,M,28,NA,NA,NA
200501EO40781,Slight,2,1,22/7/2005,Friday,7:10,Single motorway,30,Not at junction,NA,No physical crossing facility,Daylight,Fine,Dry,None,None,1,1,Driver,M,28,Slight,Not pedestrian,None,None,2,Goods Van,Overtaking,N,No,N,N,N,Unknown,M,-1,NA,NA,NA
200501EO40782,Slight,2,1,23/7/2005,Saturday,15:30,Single motorway,30,Not at junction,NA,Zebra crossing,Daylight,Fine,Dry,None,None,1,1,Driver,M,44,Slight,Not pedestrian,None,None,1,Bicycle,Going ahead,N,No,Y,N,N,Unknown,M,44,NA,NA,NA
200501EO40782,Slight,2,1,23/7/2005,Saturday,15:30,Single motorway,30,Not at junction,NA,Zebra crossing,Daylight,Fine,Dry,None,None,1,1,Driver,M,44,Slight,Not pedestrian,None,None,2,Car,Changing lane,N,No,N,N,N,Unknown,M,-1,NA,NA,NA
200501EO40783,Slight,2,1,20/7/2005,Wednesday,8:38,Single motorway,30,Crossroad,Traffic light,No physical crossing facility,Daylight,Fine,Dry,None,None,1,1,Driver,M,52,Slight,Not pedestrian,None,None,1,Motorcycle,Going ahead,N,No,N,N,N,Unknown,M,52,124,Petrol,3
200501EO40783,Slight,2,1,20/7/2005,Wednesday,8:38,Single motorway,30,Crossroad,Traffic light,No physical crossing facility,Daylight,Fine,Dry,None,None,1,1,Driver,M,52,Slight,Not pedestrian,None,None,2,Bicycle,Waiting to/Turning right,N,No,N,N,N,Unknown,M,38,NA,NA,NA
200501EO40784,Serious,2,1,15/7/2005,Friday,20:50,Single motorway,30,More than 4 sections,Traffic light,Traffic light,Daylight,Fine,Dry,None,None,2,1,Driver,M,32,Serious,Not pedestrian,None,None,1,Car,Going ahead,N,No,N,N,N,Unknown,F,28,1590,Petrol,12
200501EO40784,Serious,2,1,15/7/2005,Friday,20:50,Single motorway,30,More than 4 sections,Traffic light,Traffic light,Daylight,Fine,Dry,None,None,2,1,Driver,M,32,Serious,Not pedestrian,None,None,2,Bicycle,Going ahead,N,No,N,N,N,Unknown,M,32,NA,NA,NA
200501EO40785,Slight,2,1,13/7/2005,Wednesday,23:33,Single motorway,30,Not at junction,NA,No physical crossing facility,Lights lit,Fine,Dry,None,None,1,1,Passenger,F,28,Slight,Not pedestrian,Rear seat,None,1,Car,Going ahead,N,No,N,N,N,Unknown,M,36,NA,NA,NA
200501EO40785,Slight,2,1,13/7/2005,Wednesday,23:33,Single motorway,30,Not at junction,NA,No physical crossing facility,Lights lit,Fine,Dry,None,None,1,1,Passenger,F,28,Slight,Not pedestrian,Rear seat,None,2,Car,Going ahead,N,No,N,N,N,Unknown,M,31,1390,Petrol,13
200501EO40786,Slight,2,1,23/6/2005,Thursday,15:30,Single motorway,30,Not at junction,NA,No physical crossing facility,Daylight,Fine,Dry,None,None,1,1,Passenger,F,-1,Slight,Not pedestrian,Front seat,None,1,Car,Waiting,N,No,N,N,N,Unknown,M,67,1360,Petrol,5
200501EO40786,Slight,2,1,23/6/2005,Thursday,15:30,Single motorway,30,Not at junction,NA,No physical crossing facility,Daylight,Fine,Dry,None,None,1,1,Passenger,F,-1,Slight,Not pedestrian,Front seat,None,2,Car,Going ahead,N,No,N,N,N,Unknown,M,-1,NA,NA,NA
200501EO40788,Slight,1,3,13/7/2005,Wednesday,12:00,Single motorway,30,T-junction,Give-way sign,No physical crossing facility,Daylight,Fine,Dry,None,None,1,1,Passenger,F,53,Slight,Not pedestrian,None,Standing,1,Bus/Coach,Halting,N,No,N,N,N,Unknown,M,45,8268,Heavy oil,3
200501EO40788,Slight,1,3,13/7/2005,Wednesday,12:00,Single motorway,30,T-junction,Give-way sign,No physical crossing facility,Daylight,Fine,Dry,None,None,1,2,Passenger,F,28,Slight,Not pedestrian,None,Standing,1,Bus/Coach,Halting,N,No,N,N,N,Unknown,M,45,8268,Heavy oil,3
200501EO40788,Slight,1,3,13/7/2005,Wednesday,12:00,Single motorway,30,T-junction,Give-way sign,No physical crossing facility,Daylight,Fine,Dry,None,None,1,3,Passenger,F,52,Slight,Not pedestrian,None,Standing,1,Bus/Coach,Halting,N,No,N,N,N,Unknown,M,45,8268,Heavy oil,3
200501EO40789,Slight,1,1,13/7/2005,Wednesday,15:00,Single motorway,30,Not at junction,NA,No physical crossing facility,Daylight,Fine,Dry,None,None,1,1,Pedestrian,F,44,Slight,Footbridge,None,None,1,Bus/Coach,Changing lane,N,No,N,N,N,Job,M,54,NA,Heavy oil,6
200501EO40790,Slight,1,1,14/7/2005,Thursday,12:34,Single motorway,30,Not at junction,NA,No physical crossing facility,Daylight,Fine,Dry,None,None,1,1,Passenger,M,65,Slight,Not pedestrian,None,Standing,1,Bus/Coach,Going ahead,N,No,N,N,N,Unknown,M,52,NA,Heavy oil,8
200501EO40791,Slight,2,1,14/7/2005,Thursday,10:09,Single motorway,30,T-junction,Give-way sign,No physical crossing facility,Daylight,Fine,Dry,None,None,2,1,Passenger,F,58,Slight,Not pedestrian,None,Seated,1,Goods Van,Waiting to/Turning left,N,No,N,N,N,Unknown,M,28,2446,Heavy oil,6
200501EO40791,Slight,2,1,14/7/2005,Thursday,10:09,Single motorway,30,T-junction,Give-way sign,No physical crossing facility,Daylight,Fine,Dry,None,None,2,1,Passenger,F,58,Slight,Not pedestrian,None,Seated,2,Bus/Coach,Going ahead,N,No,N,N,N,Unknown,M,50,NA,Heavy oil,6
200501EO40792,Serious,1,1,7/8/2005,Sunday,1:42,Single motorway,30,T-junction,Traffic light,Traffic light,Lights lit,Fine,Dry,None,None,1,1,Pedestrian,M,33,Serious,Crossing on facility,None,None,1,Car,Waiting to/Turning left,N,No,N,N,N,Unknown,M,-1,1796,Petrol,6
200501EO40793,Slight,3,2,15/7/2005,Friday,19:27,Single motorway,30,Not at junction,NA,Zebra crossing,Daylight,Fine,Dry,None,None,1,1,Driver,F,28,Slight,Not pedestrian,None,None,1,Car,Waiting,N,No,N,N,N,Unknown,F,28,1124,Petrol,6
200501EO40793,Slight,3,2,15/7/2005,Friday,19:27,Single motorway,30,Not at junction,NA,Zebra crossing,Daylight,Fine,Dry,None,None,1,1,Driver,F,28,Slight,Not pedestrian,None,None,2,Car,Going ahead,N,No,N,N,N,Unknown,M,-1,NA,NA,NA
200501EO40793,Slight,3,2,15/7/2005,Friday,19:27,Single motorway,30,Not at junction,NA,Zebra crossing,Daylight,Fine,Dry,None,None,1,1,Driver,F,28,Slight,Not pedestrian,None,None,3,Motorcycle,Waiting,N,No,N,N,N,Unknown,M,21,124,Petrol,11
200501EO40793,Slight,3,2,15/7/2005,Friday,19:27,Single motorway,30,Not at junction,NA,Zebra crossing,Daylight,Fine,Dry,None,None,3,2,Driver,M,21,Slight,Not pedestrian,None,None,1,Car,Waiting,N,No,N,N,N,Unknown,F,28,1124,Petrol,6
200501EO40793,Slight,3,2,15/7/2005,Friday,19:27,Single motorway,30,Not at junction,NA,Zebra crossing,Daylight,Fine,Dry,None,None,3,2,Driver,M,21,Slight,Not pedestrian,None,None,2,Car,Going ahead,N,No,N,N,N,Unknown,M,-1,NA,NA,NA
200501EO40793,Slight,3,2,15/7/2005,Friday,19:27,Single motorway,30,Not at junction,NA,Zebra crossing,Daylight,Fine,Dry,None,None,3,2,Driver,M,21,Slight,Not pedestrian,None,None,3,Motorcycle,Waiting,N,No,N,N,N,Unknown,M,21,124,Petrol,11
200501EO40794,Slight,2,1,14/7/2005,Thursday,13:10,Single motorway,30,Crossroad,Give-way sign,Zebra crossing,Daylight,Fine,Dry,None,None,1,1,Passenger,M,4,Slight,Not pedestrian,Front seat,None,1,Car,Waiting,N,No,N,N,N,Unknown,M,50,NA,NA,NA
200501EO40794,Slight,2,1,14/7/2005,Thursday,13:10,Single motorway,30,Crossroad,Give-way sign,Zebra crossing,Daylight,Fine,Dry,None,None,1,1,Passenger,M,4,Slight,Not pedestrian,Front seat,None,2,Goods Van,Going ahead,N,No,N,N,N,Unknown,M,45,NA,NA,NA
200501EO40795,Slight,2,1,16/7/2005,Saturday,6:55,Single motorway,30,Crossroad,Traffic light,Traffic light,Daylight,Fine,Dry,None,None,1,1,Driver,M,49,Slight,Not pedestrian,None,None,1,Car,Waiting to/Turning right,N,No,N,N,N,Unknown,M,49,1580,Petrol,15
200501EO40795,Slight,2,1,16/7/2005,Saturday,6:55,Single motorway,30,Crossroad,Traffic light,Traffic light,Daylight,Fine,Dry,None,None,1,1,Driver,M,49,Slight,Not pedestrian,None,None,2,Car,Going ahead,N,No,N,N,N,Unknown,M,39,NA,NA,NA
200501EO40796,Slight,1,1,27/7/2005,Wednesday,14:26,Single motorway,30,Not at junction,NA,No physical crossing facility,Daylight,Fine,Dry,None,None,1,1,Passenger,M,19,Slight,Not pedestrian,None,None,1,Car,Halting,N,No,N,N,N,Unknown,F,28,NA,NA,NA
200501EO40797,Slight,1,1,22/7/2005,Friday,17:48,Single motorway,30,Not at junction,NA,Zebra crossing,Daylight,Fine,Dry,None,None,1,1,Pedestrian,M,35,Slight,Crossing within 50m of facility,None,None,1,Car,Reversing,N,No,N,N,N,Unknown,M,25,1341,Petrol,NA
200501EO40798,Slight,1,1,13/7/2005,Wednesday,16:38,Single motorway,30,More than 4 sections,Traffic light,Traffic light,Daylight,Fine,Dry,None,None,1,1,Passenger,F,68,Slight,Not pedestrian,None,Alighting,1,Bus/Coach,Moving off,N,No,N,N,N,Job,M,31,8268,Heavy oil,1
200501EO40799,Slight,2,1,22/7/2005,Friday,14:50,Dual motorway ,40,Crossroad,Traffic light,Traffic light,Daylight,Fine,Dry,None,None,1,1,Driver,M,17,Slight,Not pedestrian,None,None,1,Motorcycle,Going ahead,N,No,N,N,N,Unknown,M,17,49,Petrol,5
200501EO40799,Slight,2,1,22/7/2005,Friday,14:50,Dual motorway ,40,Crossroad,Traffic light,Traffic light,Daylight,Fine,Dry,None,None,1,1,Driver,M,17,Slight,Not pedestrian,None,None,2,Goods Van,Waiting to/Turning left,N,No,N,N,N,Unknown,M,-1,2496,Heavy oil,15
200501EO40800,Serious,2,1,22/7/2005,Friday,7:40,One way street,30,T-junction,Give-way sign,No physical crossing facility,Daylight,Fine,Dry,None,None,1,1,Driver,F,29,Serious,Not pedestrian,None,None,1,Bicycle,Going ahead,N,No,N,N,N,Unknown,F,29,NA,NA,NA
200501EO40800,Serious,2,1,22/7/2005,Friday,7:40,One way street,30,T-junction,Give-way sign,No physical crossing facility,Daylight,Fine,Dry,None,None,1,1,Driver,F,29,Serious,Not pedestrian,None,None,2,Taxi/Grab,Going ahead,N,No,N,N,N,Job,M,-1,2664,Heavy oil,7
200501EO40801,Slight,1,1,17/7/2005,Sunday,12:25,Single motorway,30,Not at junction,NA,No physical crossing facility,Daylight,Fine,Dry,None,None,1,1,Pedestrian,M,45,Slight,Elsewhere,None,None,1,Taxi/Grab,Going ahead,N,No,N,N,N,Job,M,69,2664,Heavy oil,13
200501EO40802,Slight,1,1,21/7/2005,Thursday,22:30,Single motorway,30,Crossroad,Traffic light,No physical crossing facility,Lights lit,Fine,Dry,None,None,1,1,Pedestrian,M,38,Slight,Unknown,None,None,1,Car,Going ahead,N,No,N,N,N,Unknown,M,19,1149,Petrol,4
200501EO40803,Slight,2,1,23/7/2005,Saturday,23:42,Single motorway,30,Not at junction,NA,Traffic light,Lights lit,Rain,Wet,None,None,2,1,Driver,M,38,Slight,Not pedestrian,None,None,1,Car,Going ahead,N,No,N,N,N,Unknown,F,25,1242,Petrol,7
200501EO40803,Slight,2,1,23/7/2005,Saturday,23:42,Single motorway,30,Not at junction,NA,Traffic light,Lights lit,Rain,Wet,None,None,2,1,Driver,M,38,Slight,Not pedestrian,None,None,2,Car,Waiting,N,No,N,N,N,Unknown,M,38,2204,Heavy oil,NA
200501EO40804,Slight,2,1,19/7/2005,Tuesday,15:45,Single motorway,30,T-junction,Traffic light,Traffic light,Daylight,Fine,Dry,None,None,1,1,Driver,M,31,Slight,Not pedestrian,None,None,1,Car,Waiting to/Turning left,N,Skid and Overturn,Y,Y,Y,Unknown,M,31,2198,Heavy oil,12
200501EO40804,Slight,2,1,19/7/2005,Tuesday,15:45,Single motorway,30,T-junction,Traffic light,Traffic light,Daylight,Fine,Dry,None,None,1,1,Driver,M,31,Slight,Not pedestrian,None,None,2,Car,Going ahead,N,No,N,N,N,Unknown,NA,-1,NA,NA,NA
200501EO40805,Slight,2,1,24/7/2005,Sunday,11:10,Single motorway,30,Crossroad,Give-way sign,No physical crossing facility,Daylight,Fine,Dry,None,None,1,1,Driver,F,50,Slight,Not pedestrian,None,None,1,Car,Going ahead,N,No,N,N,N,Unknown,F,50,NA,NA,NA
200501EO40805,Slight,2,1,24/7/2005,Sunday,11:10,Single motorway,30,Crossroad,Give-way sign,No physical crossing facility,Daylight,Fine,Dry,None,None,1,1,Driver,F,50,Slight,Not pedestrian,None,None,2,Car,Waiting to/Turning right,N,No,N,N,N,Unknown,M,34,3980,Petrol,12
200501EO40806,Slight,1,2,29/7/2005,Friday,17:40,Single motorway,30,Crossroad,Traffic light,Traffic light,Daylight,Fine,Dry,None,None,1,1,Driver,M,-1,Slight,Not pedestrian,None,None,1,Motorcycle,Moving off,N,No,N,N,N,Unknown,M,-1,1052,Petrol,6
200501EO40806,Slight,1,2,29/7/2005,Friday,17:40,Single motorway,30,Crossroad,Traffic light,Traffic light,Daylight,Fine,Dry,None,None,1,2,Pedestrian,F,44,Slight,Crossing on facility,None,None,1,Motorcycle,Moving off,N,No,N,N,N,Unknown,M,-1,1052,Petrol,6
200501EO40807,Slight,1,1,14/7/2005,Thursday,14:35,Single motorway,30,Not at junction,NA,Traffic light,Daylight,Fine,Dry,None,None,1,1,Pedestrian,M,44,Slight,Crossing within 50m of facility,None,None,1,Car,Going ahead,N,No,N,N,N,Unknown,M,39,1587,Petrol,NA
200501EO40808,Slight,2,1,28/7/2005,Thursday,14:40,Single motorway,30,Not at junction,NA,No physical crossing facility,Daylight,Fine,Dry,None,None,2,1,Driver,M,21,Slight,Not pedestrian,None,None,1,Car,Changing lane,N,No,N,N,N,Unknown,M,52,2148,Heavy oil,3
200501EO40808,Slight,2,1,28/7/2005,Thursday,14:40,Single motorway,30,Not at junction,NA,No physical crossing facility,Daylight,Fine,Dry,None,None,2,1,Driver,M,21,Slight,Not pedestrian,None,None,2,Motorcycle,Overtaking,N,No,N,N,N,Unknown,M,21,100,Petrol,5
200501EO40809,Slight,1,1,19/7/2005,Tuesday,17:38,Single motorway,30,T-junction,Give-way sign,Zebra crossing,Daylight,Fine,Dry,None,None,1,1,Pedestrian,F,27,Slight,Crossing on facility,None,None,1,Car,Going ahead,N,No,N,N,N,Unknown,M,42,1794,Petrol,2
200501EO40810,Slight,1,2,31/7/2005,Sunday,20:30,Single motorway,30,Crossroad,Traffic light,Traffic light,Daylight,Fine,Dry,None,None,1,1,Driver,M,63,Slight,Not pedestrian,None,None,1,Motorcycle,Going ahead,N,No,N,N,N,Unknown,M,63,124,Petrol,2
200501EO40810,Slight,1,2,31/7/2005,Sunday,20:30,Single motorway,30,Crossroad,Traffic light,Traffic light,Daylight,Fine,Dry,None,None,1,2,Pedestrian,M,42,Slight,Crossing on facility,None,None,1,Motorcycle,Going ahead,N,No,N,N,N,Unknown,M,63,124,Petrol,2
200501EO40811,Slight,2,1,1/8/2005,Monday,18:20,Single motorway,30,T-junction,Give-way sign,Non-junction pedestrian light crossing,Daylight,Fine,Dry,None,None,1,1,Driver,M,32,Slight,Not pedestrian,None,None,1,Motorcycle,Going ahead,N,No,N,N,N,Unknown,M,32,600,Petrol,NA
200501EO40811,Slight,2,1,1/8/2005,Monday,18:20,Single motorway,30,T-junction,Give-way sign,Non-junction pedestrian light crossing,Daylight,Fine,Dry,None,None,1,1,Driver,M,32,Slight,Not pedestrian,None,None,2,Car,Waiting to/Turning right,N,No,N,N,N,Unknown,M,23,1370,Petrol,7
200501EO40812,Slight,3,1,1/8/2005,Monday,20:29,Single motorway,30,T-junction,Give-way sign,No physical crossing facility,Daylight,Fine,Dry,None,None,1,1,Driver,M,34,Slight,Not pedestrian,None,None,1,Motorcycle,Going ahead,N,No,N,N,N,Unknown,M,34,NA,NA,NA
200501EO40812,Slight,3,1,1/8/2005,Monday,20:29,Single motorway,30,T-junction,Give-way sign,No physical crossing facility,Daylight,Fine,Dry,None,None,1,1,Driver,M,34,Slight,Not pedestrian,None,None,2,Car,Parking,N,No,N,N,N,Unknown,F,51,998,Petrol,3
200501EO40812,Slight,3,1,1/8/2005,Monday,20:29,Single motorway,30,T-junction,Give-way sign,No physical crossing facility,Daylight,Fine,Dry,None,None,1,1,Driver,M,34,Slight,Not pedestrian,None,None,3,Car,Waiting,N,No,N,N,N,Unknown,F,23,1196,Petrol,10
200501EO40813,Slight,2,1,17/4/2005,Sunday,17:15,One way street,30,Crossroad,Give-way sign,No physical crossing facility,Daylight,Fine,Dry,None,None,1,1,Driver,M,46,Slight,Not pedestrian,None,None,1,Car,Waiting,N,No,N,N,N,Unknown,M,46,2597,Petrol,1
200501EO40813,Slight,2,1,17/4/2005,Sunday,17:15,One way street,30,Crossroad,Give-way sign,No physical crossing facility,Daylight,Fine,Dry,None,None,1,1,Driver,M,46,Slight,Not pedestrian,None,None,2,Car,Going ahead,N,No,N,N,N,Unknown,NA,-1,1796,Petrol,10
200501EO40814,Slight,2,1,19/4/2005,Tuesday,13:25,Single motorway,30,Not at junction,NA,No physical crossing facility,Daylight,Fine,Wet,None,None,1,1,Driver,F,25,Slight,Not pedestrian,None,None,1,Bicycle,Going ahead,N,No,N,N,N,Unknown,F,25,NA,NA,NA
200501EO40814,Slight,2,1,19/4/2005,Tuesday,13:25,Single motorway,30,Not at junction,NA,No physical crossing facility,Daylight,Fine,Wet,None,None,1,1,Driver,F,25,Slight,Not pedestrian,None,None,2,Car,Changing lane,N,No,N,N,N,Unknown,NA,-1,NA,NA,NA
200501EO40817,Slight,3,1,15/7/2005,Friday,17:20,Single motorway,30,More than 4 sections,Give-way sign,No physical crossing facility,Daylight,Fine,Dry,None,None,1,1,Driver,M,-1,Slight,Not pedestrian,None,None,1,Car,Going ahead,N,No,N,N,N,Unknown,M,-1,1235,Petrol,14
200501EO40817,Slight,3,1,15/7/2005,Friday,17:20,Single motorway,30,More than 4 sections,Give-way sign,No physical crossing facility,Daylight,Fine,Dry,None,None,1,1,Driver,M,-1,Slight,Not pedestrian,None,None,2,Goods Van,Parking,N,No,N,N,N,Unknown,M,40,NA,NA,NA
200501EO40817,Slight,3,1,15/7/2005,Friday,17:20,Single motorway,30,More than 4 sections,Give-way sign,No physical crossing facility,Daylight,Fine,Dry,None,None,1,1,Driver,M,-1,Slight,Not pedestrian,None,None,3,Car,Parking,N,No,N,N,N,Unknown,M,-1,1985,Petrol,14
200501EO40818,Serious,2,1,27/7/2005,Wednesday,9:30,Single motorway,30,T-junction,Give-way sign,No physical crossing facility,Daylight,Rain,Wet,None,None,1,1,Driver,M,29,Serious,Not pedestrian,None,None,1,Bicycle,Going ahead,N,No,N,N,N,Unknown,M,29,NA,NA,NA
200501EO40818,Serious,2,1,27/7/2005,Wednesday,9:30,Single motorway,30,T-junction,Give-way sign,No physical crossing facility,Daylight,Rain,Wet,None,None,1,1,Driver,M,29,Serious,Not pedestrian,None,None,2,Car,Waiting to/Turning left,N,No,N,N,N,Unknown,M,-1,1796,Petrol,6
200501EO40819,Slight,2,1,26/7/2005,Tuesday,18:30,Single motorway,30,Not at junction,NA,No physical crossing facility,Daylight,Fine,Dry,None,None,1,1,Driver,M,50,Slight,Not pedestrian,None,None,1,Bicycle,Waiting,N,No,N,N,N,Unknown,M,50,NA,NA,NA
200501EO40819,Slight,2,1,26/7/2005,Tuesday,18:30,Single motorway,30,Not at junction,NA,No physical crossing facility,Daylight,Fine,Dry,None,None,1,1,Driver,M,50,Slight,Not pedestrian,None,None,2,Car,Reversing,N,No,N,N,N,Unknown,F,-1,1998,Petrol,7
200501EO40820,Slight,2,1,5/8/2005,Friday,19:03,Single motorway,30,T-junction,Give-way sign,No physical crossing facility,Lights lit,Fine,Dry,None,None,1,1,Driver,M,59,Slight,Not pedestrian,None,None,1,Motorcycle,Going ahead,N,No,N,N,N,Unknown,M,59,49,Petrol,5
200501EO40820,Slight,2,1,5/8/2005,Friday,19:03,Single motorway,30,T-junction,Give-way sign,No physical crossing facility,Lights lit,Fine,Dry,None,None,1,1,Driver,M,59,Slight,Not pedestrian,None,None,2,Car,Waiting to/Turning right,N,No,N,N,N,Unknown,M,-1,NA,NA,NA
200501EO40821,Slight,2,1,10/8/2005,Wednesday,12:55,Single motorway,30,T-junction,Give-way sign,No physical crossing facility,Daylight,Fine,Dry,None,None,1,1,Driver,M,25,Slight,Not pedestrian,None,None,1,Motorcycle,Going ahead,N,No,N,N,N,Unknown,M,25,NA,NA,NA
200501EO40821,Slight,2,1,10/8/2005,Wednesday,12:55,Single motorway,30,T-junction,Give-way sign,No physical crossing facility,Daylight,Fine,Dry,None,None,1,1,Driver,M,25,Slight,Not pedestrian,None,None,2,Goods Van,Waiting to/Turning right,N,No,N,N,N,Unknown,M,25,2402,Heavy oil,1
200501EO40822,Slight,2,1,29/7/2005,Friday,19:10,Single motorway,30,More than 4 sections,Traffic light,Traffic light,Daylight,Fine,Dry,None,None,2,1,Driver,M,41,Slight,Not pedestrian,None,None,1,Car,Waiting to/Turning left,N,No,N,N,N,Unknown,M,25,1753,Heavy oil,7
200501EO40822,Slight,2,1,29/7/2005,Friday,19:10,Single motorway,30,More than 4 sections,Traffic light,Traffic light,Daylight,Fine,Dry,None,None,2,1,Driver,M,41,Slight,Not pedestrian,None,None,2,Bicycle,Going ahead,N,No,N,N,N,Unknown,M,41,NA,NA,NA
200501EO40823,Slight,1,1,1/8/2005,Monday,13:05,Single motorway,30,More than 4 sections,Traffic light,Traffic light,Daylight,Fine,Dry,None,None,1,1,Pedestrian,F,22,Slight,Crossing on facility,None,None,1,Taxi/Grab,Going ahead,N,No,N,N,N,Job,M,46,1800,LPG,9
200501EO40824,Slight,2,1,1/8/2005,Monday,19:05,Dual motorway ,30,Crossroad,Traffic light,Traffic light,Daylight,Fine,Dry,None,None,2,1,Driver,M,29,Slight,Not pedestrian,None,None,1,Car,Going ahead,N,No,N,N,N,Unknown,M,30,3246,Petrol,4
200501EO40824,Slight,2,1,1/8/2005,Monday,19:05,Dual motorway ,30,Crossroad,Traffic light,Traffic light,Daylight,Fine,Dry,None,None,2,1,Driver,M,29,Slight,Not pedestrian,None,None,2,Goods Van,Going ahead,N,No,N,N,N,Unknown,M,29,NA,NA,NA
200501EO40825,Slight,1,1,10/7/2005,Sunday,22:45,Single motorway,30,Private entrance,Give-way sign,No physical crossing facility,Lights lit,Fine,Dry,None,None,1,1,Pedestrian,F,25,Slight,Footbridge,None,None,1,Goods Van,Going ahead,N,No,N,N,N,Unknown,M,-1,5700,Petrol,2
200501EO40826,Slight,1,1,6/8/2005,Saturday,10:57,Single motorway,30,T-junction,Give-way sign,No physical crossing facility,Daylight,Fine,Dry,None,None,1,1,Passenger,F,57,Slight,Not pedestrian,None,Standing,1,Bus/Coach,Halting,N,No,N,N,N,Job,M,44,7300,Heavy oil,2
200501EO40827,Slight,1,1,2/8/2005,Tuesday,14:40,Single motorway,30,T-junction,Give-way sign,Zebra crossing,Daylight,Fine,Dry,None,None,1,1,Passenger,F,82,Slight,Not pedestrian,None,Boarding,1,Bus/Coach,Halting,N,No,N,N,N,Unknown,M,35,NA,NA,NA
200501EO40828,Slight,2,1,1/8/2005,Monday,23:24,Single motorway,30,Private entrance,Give-way sign,No physical crossing facility,Lights lit,Fine,Dry,None,None,1,1,Driver,M,26,Slight,Not pedestrian,None,None,1,Motorcycle,Going ahead,N,No,N,N,N,Unknown,M,26,124,Petrol,6
200501EO40828,Slight,2,1,1/8/2005,Monday,23:24,Single motorway,30,Private entrance,Give-way sign,No physical crossing facility,Lights lit,Fine,Dry,None,None,1,1,Driver,M,26,Slight,Not pedestrian,None,None,2,Car,Waiting to/Turning right,N,No,N,N,N,Unknown,F,32,1398,Heavy oil,NA
200501EO40829,Slight,2,1,31/7/2005,Sunday,22:20,Single motorway,30,Not at junction,NA,Traffic light,Lights lit,Fine,Dry,None,None,2,1,Driver,F,22,Slight,Not pedestrian,None,None,1,Goods Van,U-turn,N,No,N,N,N,Unknown,M,48,NA,NA,NA
200501EO40829,Slight,2,1,31/7/2005,Sunday,22:20,Single motorway,30,Not at junction,NA,Traffic light,Lights lit,Fine,Dry,None,None,2,1,Driver,F,22,Slight,Not pedestrian,None,None,2,Car,Going ahead,N,No,Y,Y,Y,Unknown,F,22,1299,Petrol,6
200501EO40830,Slight,1,1,6/8/2005,Saturday,6:42,Dual motorway ,40,T-junction,Give-way sign,No physical crossing facility,Daylight,Fine,Dry,None,None,1,1,Pedestrian,M,28,Slight,Elsewhere,None,None,1,Car,Going ahead,N,No,N,N,N,Unknown,M,39,1598,Petrol,4
200501EO40831,Slight,2,1,16/2/2005,Wednesday,17:20,Single motorway,30,T-junction,Give-way sign,No physical crossing facility,Lights lit,Fine,Dry,None,None,2,1,Passenger,F,66,Slight,Not pedestrian,Front seat,None,1,Car,Waiting to/Turning right,N,No,N,N,N,Unknown,M,63,NA,NA,NA
200501EO40831,Slight,2,1,16/2/2005,Wednesday,17:20,Single motorway,30,T-junction,Give-way sign,No physical crossing facility,Lights lit,Fine,Dry,None,None,2,1,Passenger,F,66,Slight,Not pedestrian,Front seat,None,2,Car,Going ahead,N,No,N,N,N,Unknown,M,79,NA,NA,NA
200501EO40833,Slight,1,1,12/3/2005,Saturday,13:30,Single motorway,30,Slip road,Give-way sign,No physical crossing facility,Daylight,Fine,Dry,None,None,1,1,Pedestrian,F,20,Slight,Elsewhere,None,None,1,Motorcycle,Overtaking,N,No,N,N,N,Unknown,NA,-1,NA,NA,NA
200501EO40834,Slight,1,1,8/4/2005,Friday,12:10,Single motorway,30,Not at junction,NA,No physical crossing facility,Daylight,Fine,Dry,None,None,1,1,Passenger,M,76,Slight,Not pedestrian,None,Standing,1,Bus/Coach,Moving off,N,No,N,N,N,Unknown,M,54,NA,Heavy oil,4
200501EO40835,Slight,1,1,3/8/2005,Wednesday,20:05,Single motorway,30,Crossroad,Traffic light,No physical crossing facility,Daylight,Fine,Dry,None,None,1,1,Passenger,M,54,Slight,Not pedestrian,None,Seated,1,Bus/Coach,Going ahead,N,No,N,N,N,Job,M,-1,7300,Heavy oil,2