Accident_Index,Accident_Severity,Number_of_Vehicles,Number_of_Casualties,Date,Day_of_Week,Time,Road_Type,Speed_Limit,Junction_Detail,Junction_Control,Pedestrian_Crossing_Type,Light_Conditions,Weather_Conditions,Road_Surface_Conditions,Special_Conditions_at_Site,Road_Hazards,Vehicle_Reference.x,Casualty_Reference,Casualty_Class,Sex_of_Casualty,Age_of_Casualty,Casualty_Severity,Pedestrian_Location,Car_Passenger,Bus_or_Coach_Passenger,Vehicle_Reference.y,Vehicle_Type,Vehicle_Manoeuvre,Vehicle_in_Restricted_Lane,Skidding_and_Overturning,Hit_Object_on_Road,Vehicle_veer_off_Road,Hit_Object_off_Road,Journey_Purpose_of_Driver,Sex_of_Driver,Age_of_Driver,Engine_Capacity_CC,Engine_Type,Age_of_Vehicle
200501EO40836,Serious,2,2,7/8/2005,Sunday,19:33,Single motorway,30,Crossroad,Give-way sign,No physical crossing facility,Daylight,Fine,Dry,None,None,1,1,Driver,M,39,Serious,Not pedestrian,None,None,1,Motorcycle,Going ahead,N,No,N,N,N,Unknown,M,39,996,Petrol,1
200501EO40836,Serious,2,2,7/8/2005,Sunday,19:33,Single motorway,30,Crossroad,Give-way sign,No physical crossing facility,Daylight,Fine,Dry,None,None,1,1,Driver,M,39,Serious,Not pedestrian,None,None,2,Car,Going ahead,N,No,N,N,N,Unknown,M,47,1985,Petrol,6
200501EO40836,Serious,2,2,7/8/2005,Sunday,19:33,Single motorway,30,Crossroad,Give-way sign,No physical crossing facility,Daylight,Fine,Dry,None,None,1,2,Passenger,F,49,Slight,Not pedestrian,None,None,1,Motorcycle,Going ahead,N,No,N,N,N,Unknown,M,39,996,Petrol,1
200501EO40836,Serious,2,2,7/8/2005,Sunday,19:33,Single motorway,30,Crossroad,Give-way sign,No physical crossing facility,Daylight,Fine,Dry,None,None,1,2,Passenger,F,49,Slight,Not pedestrian,None,None,2,Car,Going ahead,N,No,N,N,N,Unknown,M,47,1985,Petrol,6
200501EO40837,Slight,2,1,20/6/2005,Monday,7:40,Single motorway,30,Crossroad,Give-way sign,No physical crossing facility,Daylight,Fine,Dry,None,None,2,1,Driver,M,-1,Slight,Not pedestrian,None,None,1,Car,Going ahead,N,No,N,N,N,Unknown,F,31,NA,NA,NA
200501EO40837,Slight,2,1,20/6/2005,Monday,7:40,Single motorway,30,Crossroad,Give-way sign,No physical crossing facility,Daylight,Fine,Dry,None,None,2,1,Driver,M,-1,Slight,Not pedestrian,None,None,2,Bicycle,Going ahead,N,No,N,N,N,Unknown,M,-1,NA,NA,NA
200501EO40838,Slight,1,2,23/7/2005,Saturday,12:05,Single motorway,30,T-junction,Give-way sign,No physical crossing facility,Daylight,Fine,Dry,Roadworks,None,1,1,Pedestrian,M,63,Slight,Unknown,None,None,1,Motorcycle,Going ahead,N,No,N,N,N,Unknown,M,41,85,Petrol,5
200501EO40838,Slight,1,2,23/7/2005,Saturday,12:05,Single motorway,30,T-junction,Give-way sign,No physical crossing facility,Daylight,Fine,Dry,Roadworks,None,1,2,Driver,M,41,Slight,Not pedestrian,None,None,1,Motorcycle,Going ahead,N,No,N,N,N,Unknown,M,41,85,Petrol,5
200501EO40839,Slight,1,1,4/8/2005,Thursday,14:50,Single motorway,30,Not at junction,NA,No physical crossing facility,Daylight,Fine,Dry,None,None,1,1,Passenger,F,80,Slight,Not pedestrian,None,Boarding,1,Bus/Coach,Parking,Y,No,N,N,N,Unknown,M,48,5883,Heavy oil,4
200501EO40840,Serious,1,1,12/8/2005,Friday,23:11,Single motorway,30,T-junction,Give-way sign,Non-junction pedestrian light crossing,Lights lit,Fine,Dry,None,None,1,1,Pedestrian,M,41,Serious,Crossing on facility,None,None,1,Motorcycle,Going ahead,N,No,N,N,N,Unknown,NA,-1,NA,NA,NA
200501EO40841,Slight,3,1,3/8/2005,Wednesday,10:37,Single motorway,30,T-junction,Give-way sign,No physical crossing facility,Daylight,Fine,Dry,None,None,3,1,Driver,M,24,Slight,Not pedestrian,None,None,1,Car,Waiting to/Turning left,N,No,N,N,N,Unknown,M,29,2164,Petrol,8
200501EO40841,Slight,3,1,3/8/2005,Wednesday,10:37,Single motorway,30,T-junction,Give-way sign,No physical crossing facility,Daylight,Fine,Dry,None,None,3,1,Driver,M,24,Slight,Not pedestrian,None,None,2,Unknown,Waiting to/Turning right,N,No,N,N,N,Unknown,M,24,NA,NA,NA
200501EO40841,Slight,3,1,3/8/2005,Wednesday,10:37,Single motorway,30,T-junction,Give-way sign,No physical crossing facility,Daylight,Fine,Dry,None,None,3,1,Driver,M,24,Slight,Not pedestrian,None,None,3,Bicycle,Going ahead,N,No,N,N,N,Unknown,M,24,NA,NA,NA
200501EO40842,Slight,1,1,9/8/2005,Tuesday,20:00,Single motorway,30,T-junction,Give-way sign,No physical crossing facility,Lights lit,Fine,Dry,None,None,1,1,Driver,M,34,Slight,Not pedestrian,None,None,1,Motorcycle,Going ahead,N,No,N,N,N,Unknown,M,34,124,Petrol,NA
200501EO40843,Slight,1,1,2/8/2005,Tuesday,12:45,Single motorway,30,Crossroad,Traffic light,No physical crossing facility,Daylight,Fine,Dry,None,None,1,1,Pedestrian,M,25,Slight,Elsewhere,None,None,1,Car,Waiting to/Turning left,N,No,N,N,N,Unknown,M,-1,NA,NA,NA
200501EO40844,Slight,2,1,6/8/2005,Saturday,10:15,Single motorway,30,T-junction,Give-way sign,Non-junction pedestrian light crossing,Daylight,Fine,Dry,None,None,1,1,Driver,F,49,Slight,Not pedestrian,None,None,1,Car,Waiting to/Turning right,N,No,N,N,N,Unknown,F,49,NA,NA,NA
200501EO40844,Slight,2,1,6/8/2005,Saturday,10:15,Single motorway,30,T-junction,Give-way sign,Non-junction pedestrian light crossing,Daylight,Fine,Dry,None,None,1,1,Driver,F,49,Slight,Not pedestrian,None,None,2,Taxi/Grab,Going ahead,N,No,N,N,N,Unknown,M,38,1995,Heavy oil,5
200501EO40845,Slight,2,1,1/8/2005,Monday,13:15,Single motorway,30,Crossroad,Traffic light,Traffic light,Daylight,Fine,Dry,None,None,1,1,Driver,M,25,Slight,Not pedestrian,None,None,1,Motorcycle,Going ahead,N,No,N,N,N,Unknown,M,25,400,Petrol,12
200501EO40845,Slight,2,1,1/8/2005,Monday,13:15,Single motorway,30,Crossroad,Traffic light,Traffic light,Daylight,Fine,Dry,None,None,1,1,Driver,M,25,Slight,Not pedestrian,None,None,2,Car,Waiting to/Turning right,N,No,N,N,N,Unknown,F,38,2000,Petrol,6
200501EO40846,Slight,2,1,5/8/2005,Friday,7:55,Single motorway,30,T-junction,Give-way sign,No physical crossing facility,Daylight,Rain,Wet,None,None,2,1,Driver,M,39,Slight,Not pedestrian,None,None,1,Goods Van,Waiting to/Turning right,N,No,N,N,N,Unknown,M,25,2402,Heavy oil,2
200501EO40846,Slight,2,1,5/8/2005,Friday,7:55,Single motorway,30,T-junction,Give-way sign,No physical crossing facility,Daylight,Rain,Wet,None,None,2,1,Driver,M,39,Slight,Not pedestrian,None,None,2,Motorcycle,Going ahead,N,No,N,N,N,Unknown,M,39,124,Petrol,1
200501EO40847,Slight,2,1,8/8/2005,Monday,17:00,Single motorway,30,T-junction,Give-way sign,No physical crossing facility,Daylight,Fine,Dry,None,None,2,1,Driver,M,11,Slight,Not pedestrian,None,None,1,Car,Going ahead,N,No,N,N,N,Unknown,M,27,1998,Petrol,13
200501EO40847,Slight,2,1,8/8/2005,Monday,17:00,Single motorway,30,T-junction,Give-way sign,No physical crossing facility,Daylight,Fine,Dry,None,None,2,1,Driver,M,11,Slight,Not pedestrian,None,None,2,Bicycle,Waiting to/Turning right,N,No,N,N,N,Unknown,M,11,NA,NA,NA
200501EO40848,Slight,1,2,9/8/2005,Tuesday,8:25,Single motorway,30,Not at junction,NA,No physical crossing facility,Daylight,Fine,Dry,None,None,1,1,Pedestrian,M,39,Slight,Elsewhere,None,None,1,Motorcycle,Going ahead,N,No,N,N,N,Unknown,M,28,124,Petrol,NA
200501EO40848,Slight,1,2,9/8/2005,Tuesday,8:25,Single motorway,30,Not at junction,NA,No physical crossing facility,Daylight,Fine,Dry,None,None,1,2,Driver,M,28,Slight,Not pedestrian,None,None,1,Motorcycle,Going ahead,N,No,N,N,N,Unknown,M,28,124,Petrol,NA
200501EO40849,Slight,1,1,20/8/2005,Saturday,20:02,Single motorway,30,Not at junction,NA,No physical crossing facility,Lights lit,Fine,Dry,None,None,1,1,Pedestrian,F,41,Slight,Elsewhere,None,None,1,Car,Reversing,N,No,N,N,N,Unknown,M,23,1242,Petrol,8
200501EO40850,Slight,2,1,4/8/2005,Thursday,21:15,Single motorway,30,Not at junction,NA,No physical crossing facility,Lights lit,Fine,Wet,None,None,1,1,Driver,M,23,Slight,Not pedestrian,None,None,1,Bicycle,Going ahead,N,No,N,N,N,Unknown,M,23,NA,NA,NA
200501EO40850,Slight,2,1,4/8/2005,Thursday,21:15,Single motorway,30,Not at junction,NA,No physical crossing facility,Lights lit,Fine,Wet,None,None,1,1,Driver,M,23,Slight,Not pedestrian,None,None,2,Car,Going ahead,N,No,N,N,N,Unknown,M,39,2499,Heavy oil,10
200501EO40851,Slight,2,1,5/8/2005,Friday,17:10,Single motorway,30,Crossroad,Traffic light,Traffic light,Daylight,Fine,Dry,None,None,2,1,Driver,M,38,Slight,Not pedestrian,None,None,1,Car,Waiting,N,No,N,N,N,Unknown,M,35,4966,Petrol,2
200501EO40851,Slight,2,1,5/8/2005,Friday,17:10,Single motorway,30,Crossroad,Traffic light,Traffic light,Daylight,Fine,Dry,None,None,2,1,Driver,M,38,Slight,Not pedestrian,None,None,2,Motorcycle,Going ahead,N,No,N,N,N,Unknown,M,38,NA,NA,NA
200501EO40852,Slight,1,1,7/8/2005,Sunday,14:55,Single motorway,30,Not at junction,NA,No physical crossing facility,Daylight,Fine,Dry,None,None,1,1,Pedestrian,F,32,Slight,Elsewhere,None,None,1,Car,Going ahead,N,No,N,N,N,Unknown,M,71,1093,Petrol,22
200501EO40853,Slight,2,1,9/8/2005,Tuesday,9:10,Single motorway,30,Not at junction,NA,No physical crossing facility,Daylight,Fine,Dry,None,None,2,1,Driver,F,36,Slight,Not pedestrian,None,None,1,Car,Parking,N,No,N,N,N,Unknown,M,64,NA,NA,NA
200501EO40853,Slight,2,1,9/8/2005,Tuesday,9:10,Single motorway,30,Not at junction,NA,No physical crossing facility,Daylight,Fine,Dry,None,None,2,1,Driver,F,36,Slight,Not pedestrian,None,None,2,Bicycle,Going ahead,N,No,N,N,N,Unknown,F,36,NA,NA,NA
200501EO40854,Slight,2,1,10/8/2005,Wednesday,12:30,Roundabout,30,Roundabout,Traffic light,Traffic light,Daylight,Fine,Dry,None,None,2,1,Driver,F,45,Slight,Not pedestrian,None,None,1,Goods Van,Changing lane,N,No,N,N,N,Unknown,M,-1,2402,Heavy oil,1
200501EO40854,Slight,2,1,10/8/2005,Wednesday,12:30,Roundabout,30,Roundabout,Traffic light,Traffic light,Daylight,Fine,Dry,None,None,2,1,Driver,F,45,Slight,Not pedestrian,None,None,2,Car,Going ahead,N,No,N,N,N,Unknown,F,45,1598,Petrol,5
200501EO40855,Slight,2,1,14/8/2005,Sunday,0:19,Single motorway,30,More than 4 sections,Give-way sign,Traffic light,Lights lit,Fine,Dry,None,None,2,1,Driver,F,25,Slight,Not pedestrian,None,None,1,Goods Van,Going ahead,N,No,N,N,N,Unknown,M,-1,NA,NA,NA
200501EO40855,Slight,2,1,14/8/2005,Sunday,0:19,Single motorway,30,More than 4 sections,Give-way sign,Traffic light,Lights lit,Fine,Dry,None,None,2,1,Driver,F,25,Slight,Not pedestrian,None,None,2,Bicycle,Going ahead,N,No,N,N,N,Unknown,F,25,NA,NA,NA
200501EO40856,Slight,1,1,12/8/2005,Friday,9:29,Single motorway,30,T-junction,Give-way sign,No physical crossing facility,Daylight,Fine,Dry,None,None,1,1,Pedestrian,M,38,Slight,Sidewalk,None,None,1,Car,Going ahead,N,No,N,N,N,Unknown,NA,-1,NA,NA,NA
200501EO40857,Serious,2,1,29/7/2005,Friday,2:30,Dual motorway ,30,T-junction,Traffic light,No physical crossing facility,Lights lit,Fine,Dry,None,None,2,1,Driver,M,28,Serious,Not pedestrian,None,None,1,Car,Going ahead,N,No,N,N,N,Unknown,M,64,NA,NA,NA
200501EO40857,Serious,2,1,29/7/2005,Friday,2:30,Dual motorway ,30,T-junction,Traffic light,No physical crossing facility,Lights lit,Fine,Dry,None,None,2,1,Driver,M,28,Serious,Not pedestrian,None,None,2,Bicycle,Going ahead,N,No,N,N,N,Unknown,M,28,NA,NA,NA
200501EO40858,Slight,1,1,15/7/2005,Friday,14:03,Single motorway,30,Not at junction,NA,No physical crossing facility,Daylight,Fine,Dry,None,None,1,1,Passenger,M,2,Slight,Not pedestrian,None,Seated,1,Bus/Coach,Halting,N,No,N,N,N,Unknown,M,23,8268,Heavy oil,4
200501EO40859,Slight,1,1,8/8/2005,Monday,14:55,Single motorway,30,T-junction,Give-way sign,No physical crossing facility,Daylight,Fine,Dry,None,None,1,1,Passenger,F,62,Slight,Not pedestrian,None,Standing,1,Bus/Coach,Halting,N,No,N,N,N,Job,M,40,8268,Heavy oil,3
200501EO40860,Slight,2,1,9/4/2005,Saturday,23:15,One way street,30,Crossroad,Give-way sign,Traffic light,Lights lit,Fine,Dry,None,None,1,1,Driver,F,38,Slight,Not pedestrian,None,None,1,Car,Waiting,N,No,N,N,N,Unknown,F,38,843,Petrol,NA
200501EO40860,Slight,2,1,9/4/2005,Saturday,23:15,One way street,30,Crossroad,Give-way sign,Traffic light,Lights lit,Fine,Dry,None,None,1,1,Driver,F,38,Slight,Not pedestrian,None,None,2,Car,Going ahead,N,No,N,N,N,Unknown,M,-1,NA,NA,NA
200501EO40861,Slight,1,1,15/7/2005,Friday,17:25,Single motorway,30,T-junction,Give-way sign,Zebra crossing,Daylight,Fine,Dry,None,None,1,1,Passenger,F,35,Slight,Not pedestrian,None,Standing,1,Bus/Coach,Going ahead,N,No,N,N,N,Unknown,M,58,NA,Heavy oil,40
200501EO40862,Slight,2,1,7/8/2005,Sunday,4:27,Single motorway,30,Crossroad,Traffic light,No physical crossing facility,Lights lit,Fine,Dry,None,None,1,1,Passenger,M,25,Slight,Not pedestrian,Rear seat,None,1,Taxi/Grab,Going ahead,N,No,N,N,N,Unknown,M,30,NA,NA,NA
200501EO40862,Slight,2,1,7/8/2005,Sunday,4:27,Single motorway,30,Crossroad,Traffic light,No physical crossing facility,Lights lit,Fine,Dry,None,None,1,1,Passenger,M,25,Slight,Not pedestrian,Rear seat,None,2,Goods Van,Going ahead,N,No,N,N,N,Unknown,M,38,1896,Heavy oil,6
200501EO40863,Slight,2,1,14/8/2005,Sunday,15:10,Single motorway,30,T-junction,Give-way sign,No physical crossing facility,Daylight,Fine,Dry,None,None,2,1,Driver,M,26,Slight,Not pedestrian,None,None,1,Car,Waiting to/Turning right,N,No,N,N,N,Unknown,F,46,1997,Heavy oil,1
200501EO40863,Slight,2,1,14/8/2005,Sunday,15:10,Single motorway,30,T-junction,Give-way sign,No physical crossing facility,Daylight,Fine,Dry,None,None,2,1,Driver,M,26,Slight,Not pedestrian,None,None,2,Bicycle,Overtaking,N,No,N,N,N,Unknown,M,26,NA,NA,NA
200501EO40864,Slight,2,2,4/8/2005,Thursday,15:30,Single motorway,30,T-junction,Give-way sign,No physical crossing facility,Daylight,Fine,Dry,None,None,1,1,Driver,M,37,Slight,Not pedestrian,None,None,1,Goods Van,Waiting,N,No,N,N,N,Unknown,M,37,4116,Heavy oil,2
200501EO40864,Slight,2,2,4/8/2005,Thursday,15:30,Single motorway,30,T-junction,Give-way sign,No physical crossing facility,Daylight,Fine,Dry,None,None,1,1,Driver,M,37,Slight,Not pedestrian,None,None,2,Car,Going ahead,N,No,N,N,N,Unknown,M,25,NA,NA,NA
200501EO40864,Slight,2,2,4/8/2005,Thursday,15:30,Single motorway,30,T-junction,Give-way sign,No physical crossing facility,Daylight,Fine,Dry,None,None,2,2,Driver,M,25,Slight,Not pedestrian,None,None,1,Goods Van,Waiting,N,No,N,N,N,Unknown,M,37,4116,Heavy oil,2
200501EO40864,Slight,2,2,4/8/2005,Thursday,15:30,Single motorway,30,T-junction,Give-way sign,No physical crossing facility,Daylight,Fine,Dry,None,None,2,2,Driver,M,25,Slight,Not pedestrian,None,None,2,Car,Going ahead,N,No,N,N,N,Unknown,M,25,NA,NA,NA
200501EO40865,Slight,1,1,9/8/2005,Tuesday,20:07,Single motorway,30,T-junction,Traffic light,Traffic light,Daylight,Fine,Dry,Roadworks,None,1,1,Pedestrian,M,25,Slight,Crossing within 50m of facility,None,None,1,Car,Going ahead,N,No,N,N,N,Unknown,F,55,2979,Petrol,5
200501EO40866,Slight,2,1,10/8/2005,Wednesday,11:35,Single motorway,30,T-junction,Give-way sign,No physical crossing facility,Daylight,Fine,Dry,None,None,2,1,Driver,M,43,Slight,Not pedestrian,None,None,1,Car,Waiting to/Turning right,N,No,N,N,N,Unknown,M,18,NA,NA,NA
200501EO40866,Slight,2,1,10/8/2005,Wednesday,11:35,Single motorway,30,T-junction,Give-way sign,No physical crossing facility,Daylight,Fine,Dry,None,None,2,1,Driver,M,43,Slight,Not pedestrian,None,None,2,Motorcycle,Going ahead,N,No,N,N,N,Unknown,M,43,NA,NA,NA
200501EO40867,Serious,2,2,10/8/2005,Wednesday,11:19,Single motorway,30,Crossroad,Traffic light,Traffic light,Daylight,Fine,Dry,None,None,1,1,Driver,M,22,Slight,Not pedestrian,None,None,1,Car,Waiting to/Turning right,N,No,N,N,N,Unknown,M,22,NA,NA,NA
200501EO40867,Serious,2,2,10/8/2005,Wednesday,11:19,Single motorway,30,Crossroad,Traffic light,Traffic light,Daylight,Fine,Dry,None,None,1,1,Driver,M,22,Slight,Not pedestrian,None,None,2,Motorcycle,Going ahead,N,No,N,N,N,Unknown,M,40,NA,NA,NA
200501EO40867,Serious,2,2,10/8/2005,Wednesday,11:19,Single motorway,30,Crossroad,Traffic light,Traffic light,Daylight,Fine,Dry,None,None,2,2,Driver,M,40,Serious,Not pedestrian,None,None,1,Car,Waiting to/Turning right,N,No,N,N,N,Unknown,M,22,NA,NA,NA
200501EO40867,Serious,2,2,10/8/2005,Wednesday,11:19,Single motorway,30,Crossroad,Traffic light,Traffic light,Daylight,Fine,Dry,None,None,2,2,Driver,M,40,Serious,Not pedestrian,None,None,2,Motorcycle,Going ahead,N,No,N,N,N,Unknown,M,40,NA,NA,NA
200501EO40868,Slight,2,1,5/8/2005,Friday,16:05,Single motorway,30,Private entrance,Give-way sign,No physical crossing facility,Daylight,Fine,Dry,None,None,1,1,Passenger,F,42,Slight,Not pedestrian,Front seat,None,1,Car,Going ahead,N,No,N,N,N,Unknown,M,42,1997,Petrol,5
200501EO40868,Slight,2,1,5/8/2005,Friday,16:05,Single motorway,30,Private entrance,Give-way sign,No physical crossing facility,Daylight,Fine,Dry,None,None,1,1,Passenger,F,42,Slight,Not pedestrian,Front seat,None,2,Car,Reversing,N,No,N,N,N,Unknown,M,36,NA,NA,NA
200501EO40869,Slight,2,1,17/8/2005,Wednesday,8:01,One way street,30,More than 4 sections,Traffic light,Traffic light,Daylight,Fine,Dry,None,None,1,1,Passenger,M,59,Slight,Not pedestrian,None,Standing,1,Bus/Coach,Halting,N,No,N,N,N,Unknown,M,53,8268,Heavy oil,2
200501EO40869,Slight,2,1,17/8/2005,Wednesday,8:01,One way street,30,More than 4 sections,Traffic light,Traffic light,Daylight,Fine,Dry,None,None,1,1,Passenger,M,59,Slight,Not pedestrian,None,Standing,2,Goods Van,Changing lane,N,No,N,N,N,Unknown,M,-1,1700,Heavy oil,6
200501EO40870,Slight,1,1,17/8/2005,Wednesday,22:30,Single motorway,30,T-junction,Give-way sign,No physical crossing facility,Lights lit,Fine,Dry,None,None,1,1,Pedestrian,F,35,Slight,Elsewhere,None,None,1,Car,Waiting to/Turning right,N,No,N,N,N,Unknown,F,44,1360,Petrol,2
200501EO40871,Slight,1,1,10/7/2005,Sunday,14:25,Single motorway,30,T-junction,Traffic light,Traffic light,Daylight,Fine,Dry,None,None,1,1,Pedestrian,M,25,Slight,Crossing within 50m of facility,None,None,1,Car,Going ahead,N,No,N,N,N,Unknown,M,30,1598,Petrol,9
200501EO40872,Slight,2,1,13/7/2005,Wednesday,10:00,Single motorway,30,Crossroad,Traffic light,Traffic light,Daylight,Fine,Dry,None,None,1,1,Driver,M,30,Slight,Not pedestrian,None,None,1,Bicycle,Waiting,N,No,N,N,N,Unknown,M,30,NA,NA,NA
200501EO40872,Slight,2,1,13/7/2005,Wednesday,10:00,Single motorway,30,Crossroad,Traffic light,Traffic light,Daylight,Fine,Dry,None,None,1,1,Driver,M,30,Slight,Not pedestrian,None,None,2,Car,Going ahead,N,No,N,N,N,Unknown,M,-1,1834,Petrol,7
200501EO40873,Slight,2,1,17/8/2005,Wednesday,23:40,Single motorway,30,T-junction,Traffic light,Traffic light,Lights lit,Fine,Dry,None,None,2,1,Driver,M,27,Slight,Not pedestrian,None,None,1,Car,U-turn,N,No,N,N,N,Unknown,M,30,1794,Petrol,4
200501EO40873,Slight,2,1,17/8/2005,Wednesday,23:40,Single motorway,30,T-junction,Traffic light,Traffic light,Lights lit,Fine,Dry,None,None,2,1,Driver,M,27,Slight,Not pedestrian,None,None,2,Motorcycle,Going ahead,N,No,N,N,N,Unknown,M,27,599,Petrol,4
200501EO40874,Slight,2,1,28/7/2005,Thursday,20:34,Single motorway,30,Crossroad,Give-way sign,Non-junction pedestrian light crossing,Lights lit,Fine,Dry,None,None,1,1,Driver,M,21,Slight,Not pedestrian,None,None,1,Car,Waiting,N,No,N,N,N,Unknown,M,21,2226,Petrol,13
200501EO40874,Slight,2,1,28/7/2005,Thursday,20:34,Single motorway,30,Crossroad,Give-way sign,Non-junction pedestrian light crossing,Lights lit,Fine,Dry,None,None,1,1,Driver,M,21,Slight,Not pedestrian,None,None,2,Car,Going ahead,N,No,N,N,N,Unknown,M,-1,2088,Heavy oil,8
200501EO40875,Slight,1,1,29/7/2005,Friday,12:25,Dual motorway ,30,Crossroad,Traffic light,Traffic light,Daylight,Fine,Dry,None,None,1,1,Pedestrian,F,68,Slight,Crossing on facility,None,None,1,Taxi/Grab,Going ahead,N,No,N,N,N,Job,M,52,2402,Heavy oil,NA
200501EO40876,Slight,1,1,3/8/2005,Wednesday,15:45,Single motorway,30,Not at junction,NA,No physical crossing facility,Daylight,Fine,Dry,None,None,1,1,Pedestrian,M,5,Slight,Elsewhere,None,None,1,Car,Going ahead,N,No,N,N,N,Unknown,M,31,2498,Petrol,6
200501EO40878,Slight,2,1,23/6/2005,Thursday,18:20,Single motorway,30,T-junction,Give-way sign,No physical crossing facility,Daylight,Fine,Dry,None,None,1,1,Driver,M,52,Slight,Not pedestrian,None,None,1,Bicycle,Going ahead,N,No,N,N,N,Unknown,M,52,NA,NA,NA
200501EO40878,Slight,2,1,23/6/2005,Thursday,18:20,Single motorway,30,T-junction,Give-way sign,No physical crossing facility,Daylight,Fine,Dry,None,None,1,1,Driver,M,52,Slight,Not pedestrian,None,None,2,Car,Overtaking,N,No,N,N,N,Unknown,M,-1,1998,Petrol,9
200501EO40879,Slight,2,1,24/8/2005,Wednesday,13:09,Single motorway,30,T-junction,Give-way sign,No physical crossing facility,Daylight,Rain with strong winds,Wet,None,None,1,1,Driver,M,25,Slight,Not pedestrian,None,None,1,Motorcycle,Going ahead,N,No,N,N,N,Unknown,M,25,49,Petrol,6
200501EO40879,Slight,2,1,24/8/2005,Wednesday,13:09,Single motorway,30,T-junction,Give-way sign,No physical crossing facility,Daylight,Rain with strong winds,Wet,None,None,1,1,Driver,M,25,Slight,Not pedestrian,None,None,2,Car,Waiting to/Turning right,N,No,N,N,N,Unknown,M,44,3950,Petrol,5
200501EO40880,Slight,2,1,25/7/2005,Monday,8:50,Single motorway,30,Crossroad,Give-way sign,No physical crossing facility,Daylight,Fine,Dry,None,None,1,1,Driver,M,29,Slight,Not pedestrian,None,None,1,Motorcycle,Going ahead,N,No,N,N,N,Unknown,M,29,NA,NA,NA
200501EO40880,Slight,2,1,25/7/2005,Monday,8:50,Single motorway,30,Crossroad,Give-way sign,No physical crossing facility,Daylight,Fine,Dry,None,None,1,1,Driver,M,29,Slight,Not pedestrian,None,None,2,Car,Waiting to/Turning right,N,No,N,N,N,Unknown,M,-1,1985,Petrol,11
200501EO40881,Slight,2,1,11/8/2005,Thursday,9:00,Single motorway,30,T-junction,Give-way sign,Non-junction pedestrian light crossing,Daylight,Fine,Dry,None,None,1,1,Driver,M,19,Slight,Not pedestrian,None,None,1,Bicycle,Overtaking,N,No,N,N,N,Unknown,M,19,NA,NA,NA
200501EO40881,Slight,2,1,11/8/2005,Thursday,9:00,Single motorway,30,T-junction,Give-way sign,Non-junction pedestrian light crossing,Daylight,Fine,Dry,None,None,1,1,Driver,M,19,Slight,Not pedestrian,None,None,2,Car,Waiting to/Turning left,N,No,N,N,N,Unknown,F,37,998,Petrol,9
200501EO40882,Slight,2,1,8/7/2005,Friday,16:25,Single motorway,30,T-junction,Give-way sign,No physical crossing facility,Daylight,Fine,Dry,None,None,2,1,Driver,F,28,Slight,Not pedestrian,None,None,1,Car,Waiting to/Turning left,N,No,N,N,N,Unknown,M,37,3199,Petrol,1
200501EO40882,Slight,2,1,8/7/2005,Friday,16:25,Single motorway,30,T-junction,Give-way sign,No physical crossing facility,Daylight,Fine,Dry,None,None,2,1,Driver,F,28,Slight,Not pedestrian,None,None,2,Bicycle,Going ahead,N,No,N,N,N,Unknown,F,28,NA,NA,NA
200501EO40883,Slight,2,1,7/5/2005,Saturday,10:55,One way street,30,More than 4 sections,Traffic light,Traffic light,Daylight,Fine,Dry,None,None,1,1,Passenger,F,44,Slight,Not pedestrian,None,None,1,Goods Van,Reversing,N,No,N,N,N,Unknown,M,24,NA,NA,NA
200501EO40883,Slight,2,1,7/5/2005,Saturday,10:55,One way street,30,More than 4 sections,Traffic light,Traffic light,Daylight,Fine,Dry,None,None,1,1,Passenger,F,44,Slight,Not pedestrian,None,None,2,Car,Parking,N,No,N,N,N,Job,M,53,1998,Petrol,8
200501EO40884,Serious,1,1,11/7/2005,Monday,21:12,Single motorway,30,Not at junction,NA,No physical crossing facility,Daylight,Fine,Dry,None,None,1,1,Pedestrian,F,68,Serious,Footbridge,None,None,1,Car,Reversing,N,No,N,N,N,Unknown,M,52,1595,Petrol,3
200501EO40885,Serious,1,1,11/8/2005,Thursday,13:47,One way street,30,More than 4 sections,Traffic light,Traffic light,Daylight,Fine,Dry,None,None,1,1,Pedestrian,M,54,Serious,Crossing on facility,None,None,1,Car,Going ahead,N,No,N,N,N,Unknown,M,-1,NA,NA,NA
200501EO40886,Slight,2,1,8/8/2005,Monday,13:30,Single motorway,30,T-junction,Give-way sign,No physical crossing facility,Daylight,Fine,Dry,None,None,1,1,Driver,F,26,Slight,Not pedestrian,None,None,1,Motorcycle,Going ahead,N,No,N,N,N,Unknown,F,26,NA,NA,NA
200501EO40886,Slight,2,1,8/8/2005,Monday,13:30,Single motorway,30,T-junction,Give-way sign,No physical crossing facility,Daylight,Fine,Dry,None,None,1,1,Driver,F,26,Slight,Not pedestrian,None,None,2,Car,Waiting to/Turning right,N,No,N,N,N,Unknown,F,30,1299,Petrol,1