Accident_Index,Accident_Severity,Number_of_Vehicles,Number_of_Casualties,Date,Day_of_Week,Time,Road_Type,Speed_Limit,Junction_Detail,Junction_Control,Pedestrian_Crossing_Type,Light_Conditions,Weather_Conditions,Road_Surface_Conditions,Special_Conditions_at_Site,Road_Hazards,Vehicle_Reference.x,Casualty_Reference,Casualty_Class,Sex_of_Casualty,Age_of_Casualty,Casualty_Severity,Pedestrian_Location,Car_Passenger,Bus_or_Coach_Passenger,Vehicle_Reference.y,Vehicle_Type,Vehicle_Manoeuvre,Vehicle_in_Restricted_Lane,Skidding_and_Overturning,Hit_Object_on_Road,Vehicle_veer_off_Road,Hit_Object_off_Road,Journey_Purpose_of_Driver,Sex_of_Driver,Age_of_Driver,Engine_Capacity_CC,Engine_Type,Age_of_Vehicle
200501EO40887,Slight,2,1,29/7/2005,Friday,18:30,Single motorway,30,T-junction,Traffic light,Traffic light,Daylight,Fine,Dry,None,None,1,1,Driver,M,30,Slight,Not pedestrian,None,None,1,Bicycle,Going ahead,N,No,N,N,N,Unknown,M,30,NA,NA,NA
200501EO40887,Slight,2,1,29/7/2005,Friday,18:30,Single motorway,30,T-junction,Traffic light,Traffic light,Daylight,Fine,Dry,None,None,1,1,Driver,M,30,Slight,Not pedestrian,None,None,2,Motorcycle,Waiting to/Turning right,N,No,N,N,N,Unknown,M,37,999,Petrol,NA
200501EO40888,Slight,2,1,24/8/2005,Wednesday,9:00,One way street,30,T-junction,Give-way sign,No physical crossing facility,Daylight,Fine,Dry,None,None,2,1,Driver,M,35,Slight,Not pedestrian,None,None,1,Car,Waiting to/Turning right,N,No,N,N,N,Unknown,M,43,NA,NA,NA
200501EO40888,Slight,2,1,24/8/2005,Wednesday,9:00,One way street,30,T-junction,Give-way sign,No physical crossing facility,Daylight,Fine,Dry,None,None,2,1,Driver,M,35,Slight,Not pedestrian,None,None,2,Bicycle,Waiting to/Turning right,N,No,N,N,N,Unknown,M,35,NA,NA,NA
200501EO40889,Serious,2,1,2/8/2005,Tuesday,15:40,Single motorway,30,T-junction,Give-way sign,No physical crossing facility,Daylight,Fine,Dry,None,None,2,1,Driver,M,28,Serious,Not pedestrian,None,None,1,Car,Moving off,N,No,N,N,N,Unknown,M,21,NA,NA,NA
200501EO40889,Serious,2,1,2/8/2005,Tuesday,15:40,Single motorway,30,T-junction,Give-way sign,No physical crossing facility,Daylight,Fine,Dry,None,None,2,1,Driver,M,28,Serious,Not pedestrian,None,None,2,Motorcycle,Going ahead,N,No,N,N,N,Unknown,M,28,NA,NA,NA
200501EO40890,Slight,1,1,9/8/2005,Tuesday,12:41,Single motorway,30,More than 4 sections,Traffic light,Traffic light,Daylight,Fine,Dry,None,None,1,1,Pedestrian,F,19,Slight,Crossing on facility,None,None,1,Car,Going ahead,N,No,N,N,N,Unknown,M,30,1388,Petrol,NA
200501EO40891,Slight,2,1,14/8/2005,Sunday,21:00,Single motorway,30,T-junction,Give-way sign,No physical crossing facility,Lights lit,Fine,Dry,None,None,1,1,Driver,M,55,Slight,Not pedestrian,None,None,1,Bicycle,Going ahead,N,No,N,N,N,Unknown,M,55,NA,NA,NA
200501EO40891,Slight,2,1,14/8/2005,Sunday,21:00,Single motorway,30,T-junction,Give-way sign,No physical crossing facility,Lights lit,Fine,Dry,None,None,1,1,Driver,M,55,Slight,Not pedestrian,None,None,2,Car,Waiting to/Turning right,N,No,N,N,N,Unknown,M,-1,NA,NA,NA
200501EO40892,Serious,2,1,18/8/2005,Thursday,23:47,Roundabout,30,Roundabout,Give-way sign,No physical crossing facility,Lights lit,Fine,Dry,None,None,2,1,Driver,F,29,Serious,Not pedestrian,None,None,1,Car,Going ahead,N,No,N,N,N,Unknown,M,-1,NA,NA,NA
200501EO40892,Serious,2,1,18/8/2005,Thursday,23:47,Roundabout,30,Roundabout,Give-way sign,No physical crossing facility,Lights lit,Fine,Dry,None,None,2,1,Driver,F,29,Serious,Not pedestrian,None,None,2,Bicycle,Going ahead,N,No,N,N,N,Unknown,F,29,NA,NA,NA
200501EO40893,Slight,2,1,13/8/2005,Saturday,16:50,Single motorway,30,Crossroad,Give-way sign,Zebra crossing,Daylight,Fine,Dry,None,None,1,1,Driver,M,30,Slight,Not pedestrian,None,None,1,Bicycle,Overtaking,N,No,N,N,N,Unknown,M,30,NA,NA,NA
200501EO40893,Slight,2,1,13/8/2005,Saturday,16:50,Single motorway,30,Crossroad,Give-way sign,Zebra crossing,Daylight,Fine,Dry,None,None,1,1,Driver,M,30,Slight,Not pedestrian,None,None,2,Car,Waiting,N,No,N,N,N,Unknown,NA,-1,NA,NA,NA
200501EO40894,Serious,1,1,17/8/2005,Wednesday,11:21,Single motorway,30,Not at junction,NA,Zebra crossing,Daylight,Fine,Dry,None,None,1,1,Pedestrian,F,36,Serious,Unknown,None,None,1,Car,Going ahead,N,No,N,N,N,Unknown,M,-1,NA,NA,NA
200501EO40895,Slight,2,1,21/6/2005,Tuesday,18:10,Single motorway,30,T-junction,Give-way sign,No physical crossing facility,Daylight,Fine,Dry,None,None,1,1,Driver,M,15,Slight,Not pedestrian,None,None,1,Bicycle,Waiting to/Turning right,N,No,N,N,N,Unknown,M,15,NA,NA,NA
200501EO40895,Slight,2,1,21/6/2005,Tuesday,18:10,Single motorway,30,T-junction,Give-way sign,No physical crossing facility,Daylight,Fine,Dry,None,None,1,1,Driver,M,15,Slight,Not pedestrian,None,None,2,Car,Going ahead,N,No,N,N,N,Unknown,M,-1,1595,Petrol,4
200501EO40896,Slight,2,1,18/8/2005,Thursday,22:25,Single motorway,30,T-junction,Give-way sign,No physical crossing facility,Lights lit,Fine,Dry,None,None,1,1,Driver,M,30,Slight,Not pedestrian,None,None,1,Bicycle,Waiting to/Turning left,N,No,N,N,N,Unknown,M,30,NA,NA,NA
200501EO40896,Slight,2,1,18/8/2005,Thursday,22:25,Single motorway,30,T-junction,Give-way sign,No physical crossing facility,Lights lit,Fine,Dry,None,None,1,1,Driver,M,30,Slight,Not pedestrian,None,None,2,Car,Waiting to/Turning left,N,No,N,N,N,Unknown,NA,-1,NA,NA,NA
200501EO40897,Slight,1,1,10/8/2005,Wednesday,13:00,Single motorway,30,T-junction,Traffic light,Traffic light,Daylight,Fine,Dry,None,None,1,1,Pedestrian,M,43,Slight,Crossing on facility,None,None,1,Car,Going ahead,N,No,N,N,N,Unknown,M,50,1998,Petrol,5
200501EO40899,Slight,1,1,18/8/2005,Thursday,8:35,Single motorway,30,T-junction,Give-way sign,Zebra crossing,Daylight,Fine,Dry,None,None,1,1,Driver,M,54,Slight,Not pedestrian,None,None,1,Motorcycle,Overtaking,N,No,N,N,N,Unknown,M,54,781,Petrol,5
200501EO40900,Slight,1,1,19/8/2005,Friday,3:07,Single motorway,30,Not at junction,NA,No physical crossing facility,Lights lit,Fine,Dry,None,None,1,1,Driver,M,57,Slight,Not pedestrian,None,None,1,Car,Going ahead,N,No,Y,N,N,Unknown,M,57,NA,NA,NA
200501EO40901,Slight,2,1,18/8/2005,Thursday,20:30,Single motorway,30,T-junction,Give-way sign,No physical crossing facility,Daylight,Fine,Dry,None,None,1,1,Driver,M,41,Slight,Not pedestrian,None,None,1,Motorcycle,Going ahead,N,No,N,N,N,Unknown,M,41,125,Petrol,31
200501EO40901,Slight,2,1,18/8/2005,Thursday,20:30,Single motorway,30,T-junction,Give-way sign,No physical crossing facility,Daylight,Fine,Dry,None,None,1,1,Driver,M,41,Slight,Not pedestrian,None,None,2,Car,U-turn,N,No,N,N,N,Unknown,M,-1,1850,Petrol,5
200501EO40902,Serious,1,1,18/8/2005,Thursday,12:20,Single motorway,30,T-junction,Give-way sign,No physical crossing facility,Daylight,Fine,Dry,None,None,1,1,Passenger,F,87,Serious,Not pedestrian,None,Alighting,1,Bus/Coach,Moving off,N,No,N,N,N,Job,M,32,NA,Heavy oil,37
200501EO40904,Slight,1,1,18/8/2005,Thursday,9:16,Single motorway,30,Crossroad,Traffic light,Traffic light,Daylight,Fine,Dry,None,None,1,1,Driver,M,30,Slight,Not pedestrian,None,None,1,Bicycle,Waiting to/Turning right,N,Skid,N,N,N,Unknown,M,30,NA,NA,NA
200501EO40905,Slight,2,1,31/7/2005,Sunday,11:01,Single motorway,30,T-junction,Give-way sign,Zebra crossing,Daylight,Fine,Dry,None,None,2,1,Driver,M,32,Slight,Not pedestrian,None,None,1,Car,Waiting to/Turning right,N,No,N,N,N,Unknown,F,59,1299,Petrol,3
200501EO40905,Slight,2,1,31/7/2005,Sunday,11:01,Single motorway,30,T-junction,Give-way sign,Zebra crossing,Daylight,Fine,Dry,None,None,2,1,Driver,M,32,Slight,Not pedestrian,None,None,2,Motorcycle,Going ahead,N,No,N,N,N,Unknown,M,32,124,Petrol,NA
200501EO40906,Slight,2,1,31/8/2005,Wednesday,1:00,Single motorway,30,Crossroad,Traffic light,Traffic light,Lights lit,Fine,Dry,None,None,2,1,Driver,M,32,Slight,Not pedestrian,None,None,1,Car,Going ahead,N,No,N,N,N,Unknown,M,27,1396,Petrol,6
200501EO40906,Slight,2,1,31/8/2005,Wednesday,1:00,Single motorway,30,Crossroad,Traffic light,Traffic light,Lights lit,Fine,Dry,None,None,2,1,Driver,M,32,Slight,Not pedestrian,None,None,2,Taxi/Grab,Going ahead,N,No,N,N,N,Unknown,M,32,1762,Petrol,6
200501EO40907,Serious,2,2,28/8/2005,Sunday,16:15,Single motorway,30,Crossroad,Traffic light,Traffic light,Daylight,Fine,Dry,None,None,1,1,Driver,M,26,Serious,Not pedestrian,None,None,1,Car,Going ahead,N,No,N,N,N,Unknown,M,26,1679,Petrol,5
200501EO40907,Serious,2,2,28/8/2005,Sunday,16:15,Single motorway,30,Crossroad,Traffic light,Traffic light,Daylight,Fine,Dry,None,None,1,1,Driver,M,26,Serious,Not pedestrian,None,None,2,Car,Going ahead,N,No,N,N,N,Unknown,F,24,NA,NA,NA
200501EO40907,Serious,2,2,28/8/2005,Sunday,16:15,Single motorway,30,Crossroad,Traffic light,Traffic light,Daylight,Fine,Dry,None,None,2,2,Driver,F,24,Serious,Not pedestrian,None,None,1,Car,Going ahead,N,No,N,N,N,Unknown,M,26,1679,Petrol,5
200501EO40907,Serious,2,2,28/8/2005,Sunday,16:15,Single motorway,30,Crossroad,Traffic light,Traffic light,Daylight,Fine,Dry,None,None,2,2,Driver,F,24,Serious,Not pedestrian,None,None,2,Car,Going ahead,N,No,N,N,N,Unknown,F,24,NA,NA,NA
200501EO40908,Slight,2,2,6/8/2005,Saturday,8:49,Single motorway,30,T-junction,Give-way sign,Non-junction pedestrian light crossing,Daylight,Fine,Dry,None,None,2,1,Driver,M,30,Slight,Not pedestrian,None,None,1,Goods Van,Waiting to/Turning right,N,No,N,N,N,Job,M,22,2400,Heavy oil,NA
200501EO40908,Slight,2,2,6/8/2005,Saturday,8:49,Single motorway,30,T-junction,Give-way sign,Non-junction pedestrian light crossing,Daylight,Fine,Dry,None,None,2,1,Driver,M,30,Slight,Not pedestrian,None,None,2,Motorcycle,Going ahead,N,No,N,N,N,Unknown,M,30,618,Petrol,1
200501EO40908,Slight,2,2,6/8/2005,Saturday,8:49,Single motorway,30,T-junction,Give-way sign,Non-junction pedestrian light crossing,Daylight,Fine,Dry,None,None,2,2,Passenger,F,28,Slight,Not pedestrian,None,None,1,Goods Van,Waiting to/Turning right,N,No,N,N,N,Job,M,22,2400,Heavy oil,NA
200501EO40908,Slight,2,2,6/8/2005,Saturday,8:49,Single motorway,30,T-junction,Give-way sign,Non-junction pedestrian light crossing,Daylight,Fine,Dry,None,None,2,2,Passenger,F,28,Slight,Not pedestrian,None,None,2,Motorcycle,Going ahead,N,No,N,N,N,Unknown,M,30,618,Petrol,1
200501EO40909,Slight,2,1,1/9/2005,Thursday,22:44,Single motorway,30,T-junction,Give-way sign,No physical crossing facility,Lights lit,Fine,Dry,None,None,1,1,Driver,M,23,Slight,Not pedestrian,None,None,1,Motorcycle,Going ahead,N,No,N,N,N,Unknown,M,23,198,Petrol,2
200501EO40909,Slight,2,1,1/9/2005,Thursday,22:44,Single motorway,30,T-junction,Give-way sign,No physical crossing facility,Lights lit,Fine,Dry,None,None,1,1,Driver,M,23,Slight,Not pedestrian,None,None,2,Car,Going ahead,N,No,N,N,N,Unknown,M,-1,1390,Petrol,NA
200501EO40910,Slight,2,1,15/8/2005,Monday,16:20,Single motorway,30,T-junction,Give-way sign,No physical crossing facility,Daylight,Fine,Dry,None,None,2,1,Driver,M,32,Slight,Not pedestrian,None,None,1,Car,Overtaking,N,No,N,N,N,Unknown,M,36,1998,Petrol,2
200501EO40910,Slight,2,1,15/8/2005,Monday,16:20,Single motorway,30,T-junction,Give-way sign,No physical crossing facility,Daylight,Fine,Dry,None,None,2,1,Driver,M,32,Slight,Not pedestrian,None,None,2,Bicycle,Overtaking,N,No,N,N,N,Unknown,M,32,NA,NA,NA
200501EO40911,Slight,1,1,20/8/2005,Saturday,10:14,Single motorway,30,T-junction,Give-way sign,Non-junction pedestrian light crossing,Daylight,Fine,Dry,None,None,1,1,Passenger,F,58,Slight,Not pedestrian,None,Alighting,1,Bus/Coach,Parking,N,No,N,N,N,Job,M,28,NA,Heavy oil,6
200501EO40912,Slight,4,1,21/8/2005,Sunday,8:49,Single motorway,30,Crossroad,Traffic light,Traffic light,Daylight,Fine,Dry,None,None,1,1,Passenger,F,65,Slight,Not pedestrian,Front seat,None,1,Car,Halting,N,No,N,N,N,Unknown,M,-1,NA,NA,NA
200501EO40912,Slight,4,1,21/8/2005,Sunday,8:49,Single motorway,30,Crossroad,Traffic light,Traffic light,Daylight,Fine,Dry,None,None,1,1,Passenger,F,65,Slight,Not pedestrian,Front seat,None,2,Car,Waiting,N,No,N,N,N,Unknown,F,57,1390,Petrol,8
200501EO40912,Slight,4,1,21/8/2005,Sunday,8:49,Single motorway,30,Crossroad,Traffic light,Traffic light,Daylight,Fine,Dry,None,None,1,1,Passenger,F,65,Slight,Not pedestrian,Front seat,None,3,Car,Waiting,N,No,N,N,N,Unknown,M,-1,1598,Bi-fuel,1
200501EO40912,Slight,4,1,21/8/2005,Sunday,8:49,Single motorway,30,Crossroad,Traffic light,Traffic light,Daylight,Fine,Dry,None,None,1,1,Passenger,F,65,Slight,Not pedestrian,Front seat,None,4,Car,Halting,N,No,N,N,N,Unknown,NA,-1,NA,NA,NA
200501EO40913,Slight,2,1,20/8/2005,Saturday,13:30,One way street,30,Not at junction,NA,Traffic light,Daylight,Fine,Dry,None,None,1,1,Driver,M,45,Slight,Not pedestrian,None,None,1,Bicycle,Going ahead,N,No,N,N,N,Unknown,M,45,NA,NA,NA
200501EO40913,Slight,2,1,20/8/2005,Saturday,13:30,One way street,30,Not at junction,NA,Traffic light,Daylight,Fine,Dry,None,None,1,1,Driver,M,45,Slight,Not pedestrian,None,None,2,Bus/Coach,Changing lane,N,No,N,N,N,Job,M,33,7300,Heavy oil,1
200501EO40914,Serious,2,1,13/8/2005,Saturday,16:30,Single motorway,30,Not at junction,NA,No physical crossing facility,Daylight,Rain,Wet,None,None,1,1,Driver,M,17,Serious,Not pedestrian,None,None,1,Motorcycle,Going ahead,N,No,N,N,N,Unknown,M,17,NA,NA,NA
200501EO40914,Serious,2,1,13/8/2005,Saturday,16:30,Single motorway,30,Not at junction,NA,No physical crossing facility,Daylight,Rain,Wet,None,None,1,1,Driver,M,17,Serious,Not pedestrian,None,None,2,Car,Overtaking,N,No,N,N,N,Unknown,M,67,1870,Heavy oil,5
200501EO40915,Slight,1,1,19/8/2005,Friday,12:10,Single motorway,30,T-junction,Give-way sign,Traffic light,Daylight,Rain,Wet,None,None,1,1,Passenger,F,38,Slight,Not pedestrian,Front seat,None,1,Car,Going ahead,N,No,N,N,N,Unknown,M,49,NA,NA,NA
200501EO40916,Slight,2,1,20/8/2005,Saturday,12:48,Single motorway,30,T-junction,Traffic light,Traffic light,Daylight,Fine,Dry,None,None,2,1,Passenger,F,49,Slight,Not pedestrian,Front seat,None,1,Goods Van,Going ahead,N,No,N,N,N,Unknown,M,25,2151,Heavy oil,4
200501EO40916,Slight,2,1,20/8/2005,Saturday,12:48,Single motorway,30,T-junction,Traffic light,Traffic light,Daylight,Fine,Dry,None,None,2,1,Passenger,F,49,Slight,Not pedestrian,Front seat,None,2,Car,Overtaking,N,No,N,N,N,Unknown,F,25,988,Petrol,15
200501EO40917,Slight,2,1,22/8/2005,Monday,19:00,Single motorway,30,Private entrance,Give-way sign,No physical crossing facility,Daylight,Rain,Wet,None,None,1,1,Driver,M,27,Slight,Not pedestrian,None,None,1,Motorcycle,Going ahead,N,No,N,N,N,Unknown,M,27,NA,NA,NA
200501EO40917,Slight,2,1,22/8/2005,Monday,19:00,Single motorway,30,Private entrance,Give-way sign,No physical crossing facility,Daylight,Rain,Wet,None,None,1,1,Driver,M,27,Slight,Not pedestrian,None,None,2,Car,Waiting to/Turning right,N,No,N,N,N,Unknown,M,-1,NA,NA,NA
200501EO40918,Slight,1,1,22/8/2005,Monday,13:28,Single motorway,30,Not at junction,NA,No physical crossing facility,Daylight,Rain,Wet,None,None,1,1,Pedestrian,M,23,Slight,Sidewalk,None,None,1,Goods Van,Going ahead,N,No,N,N,N,Unknown,M,25,2179,Heavy oil,2
200501EO40919,Slight,2,1,23/8/2005,Tuesday,10:15,Single motorway,30,Crossroad,Give-way sign,No physical crossing facility,Daylight,Fine,Dry,None,None,1,1,Driver,M,26,Slight,Not pedestrian,None,None,1,Motorcycle,Going ahead,N,No,N,N,N,Unknown,M,26,600,Petrol,13
200501EO40919,Slight,2,1,23/8/2005,Tuesday,10:15,Single motorway,30,Crossroad,Give-way sign,No physical crossing facility,Daylight,Fine,Dry,None,None,1,1,Driver,M,26,Slight,Not pedestrian,None,None,2,Car,Waiting to/Turning right,N,No,N,N,N,Unknown,F,45,2861,Petrol,13
200501EO40920,Slight,1,1,22/8/2005,Monday,10:00,Single motorway,30,T-junction,Give-way sign,No physical crossing facility,Daylight,Rain,Wet,None,None,1,1,Passenger,F,83,Slight,Not pedestrian,None,Standing,1,Bus/Coach,Waiting,N,No,N,N,N,Job,NA,-1,NA,NA,NA
200501EO40921,Slight,1,1,22/8/2005,Monday,21:26,Single motorway,30,More than 4 sections,Traffic light,Traffic light,Lights lit,Rain,Wet,None,None,1,1,Pedestrian,F,21,Slight,Crossing on facility,None,None,1,Motorcycle,Going ahead,N,No,N,N,N,Unknown,M,22,49,Petrol,1
200501EO40922,Serious,1,1,5/8/2005,Friday,16:10,Single motorway,30,Not at junction,NA,No physical crossing facility,Daylight,Fine,Dry,None,None,1,1,Pedestrian,M,26,Serious,Elsewhere,None,None,1,Car,Going ahead,N,No,N,N,N,Unknown,M,-1,NA,NA,NA
200501EO40923,Slight,1,1,24/8/2005,Wednesday,13:42,Single motorway,30,Not at junction,NA,Traffic light,Daylight,Rain,Wet,None,None,1,1,Pedestrian,M,-1,Slight,Crossing within 50m of facility,None,None,1,Car,Going ahead,N,No,N,N,N,Unknown,F,37,1598,Petrol,NA
200501EO40924,Serious,1,1,25/8/2005,Thursday,2:19,Single motorway,30,Not at junction,NA,No physical crossing facility,Lights lit,Fine,Wet,None,None,1,1,Pedestrian,F,28,Serious,Middle of road,None,None,1,Car,Going ahead,N,No,N,N,N,Unknown,F,37,1597,Petrol,11
200501EO40925,Slight,2,1,25/8/2005,Thursday,13:10,Single motorway,30,Not at junction,NA,Traffic light,Daylight,Fine,Dry,None,None,2,1,Driver,M,23,Slight,Not pedestrian,None,None,1,Goods Van,U-turn,N,No,N,N,N,Unknown,M,61,2179,Heavy oil,1
200501EO40925,Slight,2,1,25/8/2005,Thursday,13:10,Single motorway,30,Not at junction,NA,Traffic light,Daylight,Fine,Dry,None,None,2,1,Driver,M,23,Slight,Not pedestrian,None,None,2,Motorcycle,Going ahead,N,No,N,N,N,Unknown,M,23,400,Petrol,12
200501EO40926,Slight,2,1,17/8/2005,Wednesday,9:10,Single motorway,30,Private entrance,Give-way sign,No physical crossing facility,Daylight,Fine,Dry,None,None,1,1,Driver,M,36,Slight,Not pedestrian,None,None,1,Bicycle,Going ahead,N,No,N,N,N,Unknown,M,36,NA,NA,NA
200501EO40926,Slight,2,1,17/8/2005,Wednesday,9:10,Single motorway,30,Private entrance,Give-way sign,No physical crossing facility,Daylight,Fine,Dry,None,None,1,1,Driver,M,36,Slight,Not pedestrian,None,None,2,Car,Waiting to/Turning left,N,No,N,N,N,Unknown,F,-1,1985,Petrol,15
200501EO40927,Slight,2,1,24/8/2005,Wednesday,10:45,Single motorway,30,T-junction,Give-way sign,No physical crossing facility,Daylight,Rain,Wet,None,None,1,1,Driver,M,73,Slight,Not pedestrian,None,None,1,Motorcycle,Going ahead,N,No,N,N,N,Unknown,M,73,NA,NA,NA
200501EO40927,Slight,2,1,24/8/2005,Wednesday,10:45,Single motorway,30,T-junction,Give-way sign,No physical crossing facility,Daylight,Rain,Wet,None,None,1,1,Driver,M,73,Slight,Not pedestrian,None,None,2,Goods Van,Changing lane,N,No,N,N,N,Unknown,M,-1,NA,NA,NA
200501EO40928,Slight,2,1,2/9/2005,Friday,14:08,Single motorway,30,T-junction,Give-way sign,No physical crossing facility,Daylight,Fine,Dry,None,None,1,1,Driver,M,75,Slight,Not pedestrian,None,None,1,Car,Going ahead,N,No,N,N,N,Unknown,M,75,1948,Petrol,9
200501EO40928,Slight,2,1,2/9/2005,Friday,14:08,Single motorway,30,T-junction,Give-way sign,No physical crossing facility,Daylight,Fine,Dry,None,None,1,1,Driver,M,75,Slight,Not pedestrian,None,None,2,Car,Parking,N,No,N,N,N,Unknown,M,56,NA,NA,NA
200501EO40929,Serious,2,1,30/8/2005,Tuesday,7:35,Single motorway,30,Private entrance,Give-way sign,No physical crossing facility,Daylight,Fine,Dry,None,None,1,1,Driver,M,32,Serious,Not pedestrian,None,None,1,Motorcycle,Going ahead,N,No,N,N,N,Unknown,M,32,988,Petrol,2
200501EO40929,Serious,2,1,30/8/2005,Tuesday,7:35,Single motorway,30,Private entrance,Give-way sign,No physical crossing facility,Daylight,Fine,Dry,None,None,1,1,Driver,M,32,Serious,Not pedestrian,None,None,2,Car,Waiting to/Turning right,N,No,N,N,N,Unknown,M,36,NA,NA,NA
200501EO40930,Slight,2,1,4/9/2005,Sunday,22:00,Single motorway,30,T-junction,Give-way sign,Zebra crossing,Lights lit,Fine,Dry,None,None,2,1,Driver,M,12,Slight,Not pedestrian,None,None,1,Car,Waiting to/Turning right,N,No,N,N,N,Unknown,M,30,NA,NA,NA
200501EO40930,Slight,2,1,4/9/2005,Sunday,22:00,Single motorway,30,T-junction,Give-way sign,Zebra crossing,Lights lit,Fine,Dry,None,None,2,1,Driver,M,12,Slight,Not pedestrian,None,None,2,Bicycle,Going ahead,N,No,N,N,N,Unknown,M,12,NA,NA,NA
200501EO40931,Slight,2,1,11/7/2005,Monday,7:45,Single motorway,30,Crossroad,Traffic light,Traffic light,Daylight,Fine,Dry,None,None,1,1,Driver,F,31,Slight,Not pedestrian,None,None,1,Bicycle,Overtaking,N,No,N,N,N,Unknown,F,31,NA,NA,NA
200501EO40931,Slight,2,1,11/7/2005,Monday,7:45,Single motorway,30,Crossroad,Traffic light,Traffic light,Daylight,Fine,Dry,None,None,1,1,Driver,F,31,Slight,Not pedestrian,None,None,2,Bus/Coach,Going ahead,N,No,N,N,N,Unknown,M,54,6370,Heavy oil,1
200501EO40933,Serious,2,1,26/8/2005,Friday,15:04,Single motorway,30,T-junction,Traffic light,No physical crossing facility,Daylight,Fine,Dry,None,None,2,1,Driver,M,31,Serious,Not pedestrian,None,None,1,Car,Changing lane,N,No,N,N,N,Unknown,M,49,NA,NA,NA
200501EO40933,Serious,2,1,26/8/2005,Friday,15:04,Single motorway,30,T-junction,Traffic light,No physical crossing facility,Daylight,Fine,Dry,None,None,2,1,Driver,M,31,Serious,Not pedestrian,None,None,2,Motorcycle,Going ahead,N,No,N,N,N,Unknown,M,31,NA,NA,NA
200501EO40934,Slight,1,1,1/9/2005,Thursday,12:53,Single motorway,30,Crossroad,Traffic light,Traffic light,Daylight,Fine,Dry,None,None,1,1,Pedestrian,M,34,Slight,Unknown,None,None,1,Motorcycle,Going ahead,N,No,N,N,N,Unknown,M,-1,NA,NA,NA
200501EO40935,Slight,2,2,25/8/2005,Thursday,15:50,One way street,30,T-junction,Give-way sign,No physical crossing facility,Daylight,Fine,Dry,None,None,1,1,Driver,M,-1,Slight,Not pedestrian,None,None,1,Motorcycle,Overtaking,N,No,N,N,N,Unknown,M,-1,1165,Petrol,NA
200501EO40935,Slight,2,2,25/8/2005,Thursday,15:50,One way street,30,T-junction,Give-way sign,No physical crossing facility,Daylight,Fine,Dry,None,None,1,1,Driver,M,-1,Slight,Not pedestrian,None,None,2,Motorcycle,Waiting to/Turning left,N,No,N,N,N,Unknown,M,32,599,Petrol,1
200501EO40935,Slight,2,2,25/8/2005,Thursday,15:50,One way street,30,T-junction,Give-way sign,No physical crossing facility,Daylight,Fine,Dry,None,None,2,2,Driver,M,32,Slight,Not pedestrian,None,None,1,Motorcycle,Overtaking,N,No,N,N,N,Unknown,M,-1,1165,Petrol,NA
200501EO40935,Slight,2,2,25/8/2005,Thursday,15:50,One way street,30,T-junction,Give-way sign,No physical crossing facility,Daylight,Fine,Dry,None,None,2,2,Driver,M,32,Slight,Not pedestrian,None,None,2,Motorcycle,Waiting to/Turning left,N,No,N,N,N,Unknown,M,32,599,Petrol,1
200501EO40936,Slight,2,1,25/8/2005,Thursday,19:50,Single motorway,30,T-junction,Give-way sign,Zebra crossing,Lights lit,Fine,Wet,None,None,1,1,Driver,M,37,Slight,Not pedestrian,None,None,1,Bicycle,Waiting to/Turning right,N,No,N,N,N,Unknown,M,37,NA,NA,NA
200501EO40936,Slight,2,1,25/8/2005,Thursday,19:50,Single motorway,30,T-junction,Give-way sign,Zebra crossing,Lights lit,Fine,Wet,None,None,1,1,Driver,M,37,Slight,Not pedestrian,None,None,2,Car,Going ahead,N,No,N,N,N,Unknown,NA,-1,NA,NA,NA
200501EO40937,Slight,2,1,31/8/2005,Wednesday,4:30,Single motorway,30,Crossroad,Traffic light,Traffic light,Lights lit,Fine,Dry,None,None,2,1,Driver,M,43,Slight,Not pedestrian,None,None,1,Goods Van,Waiting to/Turning right,N,No,N,N,N,Unknown,M,43,2187,Heavy oil,3
200501EO40937,Slight,2,1,31/8/2005,Wednesday,4:30,Single motorway,30,Crossroad,Traffic light,Traffic light,Lights lit,Fine,Dry,None,None,2,1,Driver,M,43,Slight,Not pedestrian,None,None,2,Bicycle,Going ahead,N,No,N,N,N,Unknown,M,43,NA,NA,NA
200501EO40938,Slight,2,1,18/8/2005,Thursday,0:35,One way street,30,Crossroad,Give-way sign,Zebra crossing,Lights lit,Fine,Dry,None,None,1,1,Driver,M,28,Slight,Not pedestrian,None,None,1,Motorcycle,Going ahead,N,No,N,N,N,Unknown,M,28,124,Petrol,1
200501EO40938,Slight,2,1,18/8/2005,Thursday,0:35,One way street,30,Crossroad,Give-way sign,Zebra crossing,Lights lit,Fine,Dry,None,None,1,1,Driver,M,28,Slight,Not pedestrian,None,None,2,Car,Reversing,N,No,N,N,N,Unknown,NA,-1,1991,Petrol,8
200501EO40939,Slight,1,1,3/9/2005,Saturday,13:08,Dual motorway ,30,Not at junction,NA,Non-junction pedestrian light crossing,Daylight,Fine,Dry,None,None,1,1,Pedestrian,F,18,Slight,Crossing within 50m of facility,None,None,1,Car,Going ahead,N,No,N,N,N,Unknown,M,30,2979,Petrol,2