Accident_Index,Accident_Severity,Number_of_Vehicles,Number_of_Casualties,Date,Day_of_Week,Time,Road_Type,Speed_Limit,Junction_Detail,Junction_Control,Pedestrian_Crossing_Type,Light_Conditions,Weather_Conditions,Road_Surface_Conditions,Special_Conditions_at_Site,Road_Hazards,Vehicle_Reference.x,Casualty_Reference,Casualty_Class,Sex_of_Casualty,Age_of_Casualty,Casualty_Severity,Pedestrian_Location,Car_Passenger,Bus_or_Coach_Passenger,Vehicle_Reference.y,Vehicle_Type,Vehicle_Manoeuvre,Vehicle_in_Restricted_Lane,Skidding_and_Overturning,Hit_Object_on_Road,Vehicle_veer_off_Road,Hit_Object_off_Road,Journey_Purpose_of_Driver,Sex_of_Driver,Age_of_Driver,Engine_Capacity_CC,Engine_Type,Age_of_Vehicle
200501EO40989,Slight,1,1,13/9/2005,Tuesday,14:43,One way street,30,T-junction,Traffic light,Traffic light,Daylight,Fine,Dry,None,None,1,1,Pedestrian,M,70,Slight,Crossing on facility,None,None,1,Car,Waiting to/Turning right,N,No,N,N,N,Unknown,M,37,1896,Heavy oil,2
200501EO40990,Slight,1,1,16/9/2005,Friday,10:40,Single motorway,30,Crossroad,Give-way sign,Zebra crossing,Daylight,Fine,Dry,None,None,1,1,Pedestrian,M,79,Slight,Crossing within 50m of facility,None,None,1,Goods Van,Waiting to/Turning right,N,No,N,N,N,Unknown,M,38,2370,Heavy oil,9
200501EO40991,Slight,1,2,16/9/2005,Friday,12:10,Single motorway,30,T-junction,Traffic light,Traffic light,Daylight,Fine,Dry,None,None,1,1,Pedestrian,M,20,Slight,Crossing within 50m of facility,None,None,1,Bus/Coach,Going ahead,N,No,N,N,N,Unknown,F,42,8650,Heavy oil,5
200501EO40991,Slight,1,2,16/9/2005,Friday,12:10,Single motorway,30,T-junction,Traffic light,Traffic light,Daylight,Fine,Dry,None,None,1,2,Driver,F,42,Slight,Not pedestrian,None,None,1,Bus/Coach,Going ahead,N,No,N,N,N,Unknown,F,42,8650,Heavy oil,5
200501EO40992,Slight,2,1,8/9/2005,Thursday,8:52,Single motorway,30,T-junction,Give-way sign,No physical crossing facility,Daylight,Fine,Dry,None,None,1,1,Driver,M,31,Slight,Not pedestrian,None,None,1,Motorcycle,Going ahead,N,No,N,N,N,Unknown,M,31,NA,NA,NA
200501EO40992,Slight,2,1,8/9/2005,Thursday,8:52,Single motorway,30,T-junction,Give-way sign,No physical crossing facility,Daylight,Fine,Dry,None,None,1,1,Driver,M,31,Slight,Not pedestrian,None,None,2,Goods Van,Waiting to/Turning right,N,No,N,N,N,Unknown,M,38,5861,Heavy oil,8
200501EO40993,Slight,1,1,17/9/2005,Saturday,18:15,Single motorway,30,Not at junction,NA,No physical crossing facility,Daylight,Fine,Dry,None,None,1,1,Pedestrian,M,18,Slight,Elsewhere,None,None,1,Car,Going ahead,N,No,N,N,N,Unknown,NA,-1,NA,NA,NA
200501EO40994,Serious,1,1,8/9/2005,Thursday,8:19,Single motorway,30,More than 4 sections,Traffic light,Traffic light,Daylight,Fine,Dry,None,None,1,1,Pedestrian,F,37,Serious,Crossing on facility,None,None,1,Car,Going ahead,N,No,N,N,N,Unknown,M,34,1242,Petrol,5
200501EO40995,Slight,3,1,3/9/2005,Saturday,16:20,Single motorway,30,Crossroad,Give-way sign,No physical crossing facility,Daylight,Fine,Dry,None,None,3,1,Driver,F,32,Slight,Not pedestrian,None,None,1,Car,Going ahead,N,No,N,N,N,Unknown,M,31,NA,NA,NA
200501EO40995,Slight,3,1,3/9/2005,Saturday,16:20,Single motorway,30,Crossroad,Give-way sign,No physical crossing facility,Daylight,Fine,Dry,None,None,3,1,Driver,F,32,Slight,Not pedestrian,None,None,2,Car,Going ahead,N,No,N,N,N,Unknown,NA,-1,NA,NA,NA
200501EO40995,Slight,3,1,3/9/2005,Saturday,16:20,Single motorway,30,Crossroad,Give-way sign,No physical crossing facility,Daylight,Fine,Dry,None,None,3,1,Driver,F,32,Slight,Not pedestrian,None,None,3,Motorcycle,Overtaking,N,No,N,N,N,Unknown,F,32,599,Petrol,8
200501EO40996,Slight,2,1,16/9/2005,Friday,18:30,Single motorway,30,Crossroad,Traffic light,Traffic light,Daylight,Fine,Dry,None,None,2,1,Driver,M,25,Slight,Not pedestrian,None,None,1,Car,Waiting to/Turning right,N,No,N,N,N,Unknown,F,39,1598,Petrol,1
200501EO40996,Slight,2,1,16/9/2005,Friday,18:30,Single motorway,30,Crossroad,Traffic light,Traffic light,Daylight,Fine,Dry,None,None,2,1,Driver,M,25,Slight,Not pedestrian,None,None,2,Motorcycle,Going ahead,N,No,N,N,N,Unknown,M,25,599,Petrol,6
200501EO40997,Slight,2,1,3/7/2005,Sunday,14:16,Single motorway,30,More than 4 sections,Traffic light,Traffic light,Daylight,Fine,Dry,None,None,1,1,Driver,F,27,Slight,Not pedestrian,None,None,1,Motorcycle,Waiting to/Turning left,N,No,N,N,N,Unknown,F,27,NA,NA,NA
200501EO40997,Slight,2,1,3/7/2005,Sunday,14:16,Single motorway,30,More than 4 sections,Traffic light,Traffic light,Daylight,Fine,Dry,None,None,1,1,Driver,F,27,Slight,Not pedestrian,None,None,2,Goods Van,Waiting to/Turning left,N,No,N,N,N,Unknown,NA,-1,NA,NA,NA
200501EO40998,Slight,2,1,16/9/2005,Friday,17:19,Single motorway,30,T-junction,Give-way sign,Zebra crossing,Daylight,Fine,Dry,None,None,1,1,Driver,M,48,Slight,Not pedestrian,None,None,1,Motorcycle,Going ahead,N,No,N,N,N,Unknown,M,48,NA,NA,NA
200501EO40998,Slight,2,1,16/9/2005,Friday,17:19,Single motorway,30,T-junction,Give-way sign,Zebra crossing,Daylight,Fine,Dry,None,None,1,1,Driver,M,48,Slight,Not pedestrian,None,None,2,Car,Waiting to/Turning right,N,No,N,N,N,Unknown,NA,-1,NA,NA,NA
200501EO41000,Slight,2,1,21/9/2005,Wednesday,9:03,Single motorway,30,T-junction,Give-way sign,No physical crossing facility,Daylight,Fine,Dry,None,None,2,1,Driver,F,33,Slight,Not pedestrian,None,None,1,Car,Waiting to/Turning left,N,No,N,N,N,Unknown,M,56,1242,Petrol,7
200501EO41000,Slight,2,1,21/9/2005,Wednesday,9:03,Single motorway,30,T-junction,Give-way sign,No physical crossing facility,Daylight,Fine,Dry,None,None,2,1,Driver,F,33,Slight,Not pedestrian,None,None,2,Bicycle,Going ahead,N,No,N,N,N,Unknown,F,33,NA,NA,NA
200501EO41001,Slight,2,1,18/8/2005,Thursday,17:00,Roundabout,30,Roundabout,Give-way sign,No physical crossing facility,Daylight,Fine,Dry,None,None,1,1,Driver,M,39,Slight,Not pedestrian,None,None,1,Motorcycle,Overtaking,N,No,N,N,N,Unknown,M,39,124,Petrol,NA
200501EO41001,Slight,2,1,18/8/2005,Thursday,17:00,Roundabout,30,Roundabout,Give-way sign,No physical crossing facility,Daylight,Fine,Dry,None,None,1,1,Driver,M,39,Slight,Not pedestrian,None,None,2,Car,Going ahead,N,No,N,N,N,Unknown,M,30,1997,Heavy oil,3
200501EO41002,Slight,2,1,15/9/2005,Thursday,11:20,Single motorway,30,Not at junction,NA,No physical crossing facility,Daylight,Rain,Wet,None,None,1,1,Passenger,M,35,Slight,Not pedestrian,None,None,1,Unknown,Going ahead,N,Skid,Y,N,N,Job,M,32,3500,Petrol,6
200501EO41002,Slight,2,1,15/9/2005,Thursday,11:20,Single motorway,30,Not at junction,NA,No physical crossing facility,Daylight,Rain,Wet,None,None,1,1,Passenger,M,35,Slight,Not pedestrian,None,None,2,Car,Parking,N,No,N,N,N,Unknown,NA,-1,2979,Petrol,1
200501EO41003,Slight,4,1,9/8/2005,Tuesday,15:25,Single motorway,30,Not at junction,NA,No physical crossing facility,Daylight,Fine,Dry,None,None,2,1,Driver,M,23,Slight,Not pedestrian,None,None,1,Car,Going ahead,N,No,N,N,N,Unknown,M,48,NA,NA,NA
200501EO41003,Slight,4,1,9/8/2005,Tuesday,15:25,Single motorway,30,Not at junction,NA,No physical crossing facility,Daylight,Fine,Dry,None,None,2,1,Driver,M,23,Slight,Not pedestrian,None,None,2,Car,Going ahead,N,No,N,N,N,Unknown,M,23,1396,Petrol,4
200501EO41003,Slight,4,1,9/8/2005,Tuesday,15:25,Single motorway,30,Not at junction,NA,No physical crossing facility,Daylight,Fine,Dry,None,None,2,1,Driver,M,23,Slight,Not pedestrian,None,None,3,Car,Going ahead,N,No,N,N,N,Unknown,F,21,1997,Petrol,8
200501EO41003,Slight,4,1,9/8/2005,Tuesday,15:25,Single motorway,30,Not at junction,NA,No physical crossing facility,Daylight,Fine,Dry,None,None,2,1,Driver,M,23,Slight,Not pedestrian,None,None,4,Car,Going ahead,N,No,N,N,N,Unknown,M,65,NA,NA,NA
200501EO41004,Slight,1,1,27/7/2005,Wednesday,21:14,Single motorway,30,Crossroad,Give-way sign,Zebra crossing,Lights lit,Rain,Wet,None,None,1,1,Pedestrian,M,-1,Slight,Crossing on facility,None,None,1,Car,Going ahead,N,No,N,N,N,Unknown,M,66,NA,NA,NA
200501EO41005,Slight,2,1,15/9/2005,Thursday,23:20,Single motorway,30,T-junction,Give-way sign,Zebra crossing,Lights lit,Rain,Wet,None,None,1,1,Driver,M,48,Slight,Not pedestrian,None,None,1,Taxi/Grab,Overtaking,N,No,N,N,N,Unknown,M,48,2664,Heavy oil,8
200501EO41005,Slight,2,1,15/9/2005,Thursday,23:20,Single motorway,30,T-junction,Give-way sign,Zebra crossing,Lights lit,Rain,Wet,None,None,1,1,Driver,M,48,Slight,Not pedestrian,None,None,2,Car,Going ahead,N,No,N,N,N,Unknown,NA,-1,NA,NA,NA
200501EO41006,Slight,2,1,11/9/2005,Sunday,15:50,Single motorway,30,T-junction,Give-way sign,No physical crossing facility,Daylight,Fine,Dry,None,None,2,1,Passenger,F,16,Slight,Not pedestrian,None,None,1,Car,Waiting to/Turning right,N,No,N,N,N,Unknown,F,46,1796,Petrol,7
200501EO41006,Slight,2,1,11/9/2005,Sunday,15:50,Single motorway,30,T-junction,Give-way sign,No physical crossing facility,Daylight,Fine,Dry,None,None,2,1,Passenger,F,16,Slight,Not pedestrian,None,None,2,Car,Overtaking,N,No,N,N,N,Unknown,M,18,NA,NA,NA
200501EO41007,Slight,2,1,1/9/2005,Thursday,8:04,Single motorway,30,T-junction,Give-way sign,Zebra crossing,Daylight,Fine,Dry,None,None,1,1,Driver,F,26,Slight,Not pedestrian,None,None,1,Bicycle,Going ahead,N,No,N,N,N,Unknown,F,26,NA,NA,NA
200501EO41007,Slight,2,1,1/9/2005,Thursday,8:04,Single motorway,30,T-junction,Give-way sign,Zebra crossing,Daylight,Fine,Dry,None,None,1,1,Driver,F,26,Slight,Not pedestrian,None,None,2,Car,Going ahead,N,No,N,N,N,Unknown,M,30,NA,NA,NA
200501EO41008,Slight,1,1,12/9/2005,Monday,18:00,Single motorway,30,T-junction,Give-way sign,No physical crossing facility,Daylight,Fine,Dry,None,None,1,1,Pedestrian,F,26,Slight,Elsewhere,None,None,1,Car,Waiting to/Turning right,N,No,N,N,N,Unknown,M,-1,NA,NA,NA
200501EO41009,Slight,1,1,14/9/2005,Wednesday,12:10,Single motorway,30,T-junction,Traffic light,Traffic light,Daylight,Fine,Dry,None,None,1,1,Pedestrian,F,4,Slight,Crossing on facility,None,None,1,Goods Van,Going ahead,N,No,N,N,N,Unknown,NA,-1,11967,Heavy oil,5
200501EO41010,Serious,2,1,17/8/2005,Wednesday,12:15,Single motorway,30,T-junction,Give-way sign,Zebra crossing,Daylight,Fine,Dry,None,None,2,1,Driver,M,37,Serious,Not pedestrian,None,None,1,Car,Going ahead,N,No,N,N,N,Unknown,M,34,NA,NA,NA
200501EO41010,Serious,2,1,17/8/2005,Wednesday,12:15,Single motorway,30,T-junction,Give-way sign,Zebra crossing,Daylight,Fine,Dry,None,None,2,1,Driver,M,37,Serious,Not pedestrian,None,None,2,Bicycle,Waiting to/Turning left,N,No,N,N,N,Unknown,M,37,NA,NA,NA
200501EO41011,Slight,2,2,10/9/2005,Saturday,12:40,Single motorway,30,T-junction,Give-way sign,No physical crossing facility,Daylight,Fine,Dry,None,None,1,1,Driver,F,44,Slight,Not pedestrian,None,None,1,Bicycle,Waiting to/Turning left,N,No,N,N,N,Unknown,F,44,NA,NA,NA
200501EO41011,Slight,2,2,10/9/2005,Saturday,12:40,Single motorway,30,T-junction,Give-way sign,No physical crossing facility,Daylight,Fine,Dry,None,None,1,1,Driver,F,44,Slight,Not pedestrian,None,None,2,Bicycle,Going ahead,N,No,N,N,N,Unknown,M,32,NA,NA,NA
200501EO41011,Slight,2,2,10/9/2005,Saturday,12:40,Single motorway,30,T-junction,Give-way sign,No physical crossing facility,Daylight,Fine,Dry,None,None,2,2,Driver,M,32,Slight,Not pedestrian,None,None,1,Bicycle,Waiting to/Turning left,N,No,N,N,N,Unknown,F,44,NA,NA,NA
200501EO41011,Slight,2,2,10/9/2005,Saturday,12:40,Single motorway,30,T-junction,Give-way sign,No physical crossing facility,Daylight,Fine,Dry,None,None,2,2,Driver,M,32,Slight,Not pedestrian,None,None,2,Bicycle,Going ahead,N,No,N,N,N,Unknown,M,32,NA,NA,NA
200501EO41012,Slight,2,1,5/9/2005,Monday,15:30,One way street,30,More than 4 sections,Give-way sign,No physical crossing facility,Daylight,Fine,Dry,None,None,1,1,Driver,M,37,Slight,Not pedestrian,None,None,1,Bicycle,Overtaking,N,No,N,N,N,Unknown,M,37,NA,NA,NA
200501EO41012,Slight,2,1,5/9/2005,Monday,15:30,One way street,30,More than 4 sections,Give-way sign,No physical crossing facility,Daylight,Fine,Dry,None,None,1,1,Driver,M,37,Slight,Not pedestrian,None,None,2,Taxi/Grab,Waiting to/Turning right,N,No,N,N,N,Unknown,M,27,2664,Heavy oil,14
200501EO41013,Slight,1,1,12/9/2005,Monday,17:15,Single motorway,30,T-junction,Give-way sign,Non-junction pedestrian light crossing,Daylight,Fine,Dry,None,None,1,1,Pedestrian,F,45,Slight,Crossing on facility,None,None,1,Goods Van,Going ahead,N,No,N,N,N,Unknown,M,41,2874,Heavy oil,6
200501EO41014,Slight,2,1,15/9/2005,Thursday,8:26,Single motorway,30,T-junction,Give-way sign,Zebra crossing,Daylight,Rain,Wet,None,None,1,1,Passenger,F,45,Slight,Not pedestrian,None,Seated,1,Bus/Coach,Waiting to/Turning right,N,No,N,N,N,Unknown,M,30,8500,Heavy oil,7
200501EO41014,Slight,2,1,15/9/2005,Thursday,8:26,Single motorway,30,T-junction,Give-way sign,Zebra crossing,Daylight,Rain,Wet,None,None,1,1,Passenger,F,45,Slight,Not pedestrian,None,Seated,2,Car,Going ahead,N,No,N,N,N,Unknown,M,35,1596,Petrol,2
200501EO41015,Slight,2,1,7/9/2005,Wednesday,22:02,Single motorway,30,T-junction,Traffic light,Traffic light,Lights lit,Fine,Dry,None,None,1,1,Driver,F,29,Slight,Not pedestrian,None,None,1,Car,Waiting to/Turning right,N,No,N,N,N,Unknown,F,29,1360,Petrol,3
200501EO41015,Slight,2,1,7/9/2005,Wednesday,22:02,Single motorway,30,T-junction,Traffic light,Traffic light,Lights lit,Fine,Dry,None,None,1,1,Driver,F,29,Slight,Not pedestrian,None,None,2,Car,Going ahead,N,No,N,N,N,Unknown,M,62,1998,Petrol,10
200501EO41016,Slight,1,1,12/9/2005,Monday,12:15,Single motorway,30,T-junction,Give-way sign,No physical crossing facility,Daylight,Fine,Dry,None,None,1,1,Pedestrian,F,80,Slight,Unknown,None,None,1,Car,Reversing,N,No,N,N,N,Unknown,F,56,NA,NA,NA
200501EO41018,Slight,2,1,14/9/2005,Wednesday,15:03,Single motorway,30,T-junction,Traffic light,Traffic light,Daylight,Fine,Dry,Traffic signal defective,None,2,1,Passenger,F,33,Slight,Not pedestrian,Front seat,None,1,Car,Going ahead,N,No,N,N,N,Unknown,M,35,1560,Heavy oil,NA
200501EO41018,Slight,2,1,14/9/2005,Wednesday,15:03,Single motorway,30,T-junction,Traffic light,Traffic light,Daylight,Fine,Dry,Traffic signal defective,None,2,1,Passenger,F,33,Slight,Not pedestrian,Front seat,None,2,Car,Moving off,N,No,N,N,N,Unknown,M,33,1595,Petrol,4
200501EO41019,Slight,1,1,18/9/2005,Sunday,0:09,Single motorway,30,T-junction,Give-way sign,No physical crossing facility,Lights lit,Fine,Dry,None,None,1,1,Pedestrian,M,20,Slight,Sidewalk,None,None,1,Bus/Coach,Moving off,N,No,N,N,N,Job,M,-1,NA,NA,NA
200501EO41020,Serious,1,1,15/9/2005,Thursday,21:50,Single motorway,30,Crossroad,Traffic light,Traffic light,Lights lit,Rain,Wet,None,None,1,1,Passenger,F,96,Serious,Not pedestrian,Rear seat,None,1,Taxi/Grab,Halting,N,No,N,N,N,Job,M,49,2664,Heavy oil,6
200501EO41021,Slight,2,1,17/9/2005,Saturday,12:15,Single motorway,30,Slip road,Give-way sign,No physical crossing facility,Daylight,Fine,Dry,None,None,1,1,Driver,F,19,Slight,Not pedestrian,None,None,1,Car,Going ahead,N,Skid,N,N,N,Unknown,F,19,1598,Petrol,2
200501EO41021,Slight,2,1,17/9/2005,Saturday,12:15,Single motorway,30,Slip road,Give-way sign,No physical crossing facility,Daylight,Fine,Dry,None,None,1,1,Driver,F,19,Slight,Not pedestrian,None,None,2,Car,Parking,N,No,N,N,N,Unknown,NA,-1,1998,Heavy oil,NA
200501EO41022,Slight,2,1,16/9/2005,Friday,20:59,One way street,30,More than 4 sections,Traffic light,Traffic light,Lights lit,Fine,Dry,None,None,2,1,Driver,M,23,Slight,Not pedestrian,None,None,1,Car,Going ahead,N,No,N,N,N,Unknown,M,69,1991,Heavy oil,1
200501EO41022,Slight,2,1,16/9/2005,Friday,20:59,One way street,30,More than 4 sections,Traffic light,Traffic light,Lights lit,Fine,Dry,None,None,2,1,Driver,M,23,Slight,Not pedestrian,None,None,2,Car,Going ahead,N,No,N,N,N,Unknown,M,23,1390,Petrol,6
200501EO41023,Serious,2,1,20/9/2005,Tuesday,19:30,Single motorway,30,T-junction,Give-way sign,No physical crossing facility,Lights lit,Fine,Dry,None,None,2,1,Driver,M,39,Serious,Not pedestrian,None,None,1,Car,Waiting to/Turning right,N,No,N,N,N,Unknown,M,34,1998,Petrol,6
200501EO41023,Serious,2,1,20/9/2005,Tuesday,19:30,Single motorway,30,T-junction,Give-way sign,No physical crossing facility,Lights lit,Fine,Dry,None,None,2,1,Driver,M,39,Serious,Not pedestrian,None,None,2,Motorcycle,Going ahead,N,No,N,N,N,Unknown,M,39,NA,NA,NA
200501EO41024,Slight,2,1,16/9/2005,Friday,13:05,Single motorway,30,T-junction,Give-way sign,Zebra crossing,Daylight,Fine,Dry,None,None,1,1,Driver,F,75,Slight,Not pedestrian,None,None,1,Car,Going ahead,N,No,N,N,N,Unknown,F,75,1995,Petrol,1
200501EO41024,Slight,2,1,16/9/2005,Friday,13:05,Single motorway,30,T-junction,Give-way sign,Zebra crossing,Daylight,Fine,Dry,None,None,1,1,Driver,F,75,Slight,Not pedestrian,None,None,2,Car,Going ahead,N,No,N,N,N,Unknown,M,32,1984,Petrol,12
200501EO41025,Slight,2,1,16/9/2005,Friday,19:45,Single motorway,30,T-junction,Give-way sign,No physical crossing facility,Daylight,Fine,Dry,None,None,2,1,Driver,M,31,Slight,Not pedestrian,None,None,1,Car,Waiting to/Turning left,N,No,N,N,N,Unknown,F,36,NA,NA,NA
200501EO41025,Slight,2,1,16/9/2005,Friday,19:45,Single motorway,30,T-junction,Give-way sign,No physical crossing facility,Daylight,Fine,Dry,None,None,2,1,Driver,M,31,Slight,Not pedestrian,None,None,2,Motorcycle,Going ahead,N,No,N,N,N,Unknown,M,31,NA,NA,NA
200501EO41026,Serious,1,1,20/9/2005,Tuesday,2:50,Dual motorway ,30,T-junction,Traffic light,Traffic light,Lights lit,Fine,Dry,None,None,1,1,Pedestrian,M,20,Serious,Crossing within 50m of facility,None,None,1,Car,Going ahead,N,No,N,N,N,Unknown,M,20,NA,NA,NA
200501EO41027,Serious,1,1,17/9/2005,Saturday,23:54,Single motorway,30,Crossroad,Traffic light,Traffic light,Lights lit,Fine,Dry,Road surface defective,None,1,1,Driver,M,16,Serious,Not pedestrian,None,None,1,Motorcycle,Going ahead,N,No,N,N,N,Unknown,M,16,49,Petrol,5
200501EO41028,Slight,2,2,15/9/2005,Thursday,11:30,Single motorway,30,T-junction,Give-way sign,No physical crossing facility,Daylight,Fine,Dry,None,None,1,1,Driver,M,-1,Slight,Not pedestrian,None,None,1,Car,Waiting to/Turning right,N,No,N,N,N,Unknown,M,-1,1587,Petrol,1
200501EO41028,Slight,2,2,15/9/2005,Thursday,11:30,Single motorway,30,T-junction,Give-way sign,No physical crossing facility,Daylight,Fine,Dry,None,None,1,1,Driver,M,-1,Slight,Not pedestrian,None,None,2,Car,Going ahead,Y,No,N,N,N,Unknown,M,-1,1124,Petrol,8
200501EO41028,Slight,2,2,15/9/2005,Thursday,11:30,Single motorway,30,T-junction,Give-way sign,No physical crossing facility,Daylight,Fine,Dry,None,None,1,2,Passenger,F,-1,Slight,Not pedestrian,Front seat,None,1,Car,Waiting to/Turning right,N,No,N,N,N,Unknown,M,-1,1587,Petrol,1
200501EO41028,Slight,2,2,15/9/2005,Thursday,11:30,Single motorway,30,T-junction,Give-way sign,No physical crossing facility,Daylight,Fine,Dry,None,None,1,2,Passenger,F,-1,Slight,Not pedestrian,Front seat,None,2,Car,Going ahead,Y,No,N,N,N,Unknown,M,-1,1124,Petrol,8
200501EO41029,Slight,2,1,8/9/2005,Thursday,9:15,Single motorway,30,Crossroad,Give-way sign,Zebra crossing,Daylight,Fine,Dry,None,None,2,1,Driver,M,-1,Slight,Not pedestrian,None,None,1,Car,Waiting to/Turning left,N,No,N,N,N,Unknown,F,51,NA,NA,NA
200501EO41029,Slight,2,1,8/9/2005,Thursday,9:15,Single motorway,30,Crossroad,Give-way sign,Zebra crossing,Daylight,Fine,Dry,None,None,2,1,Driver,M,-1,Slight,Not pedestrian,None,None,2,Bicycle,Going ahead,N,No,N,N,N,Unknown,M,-1,NA,NA,NA
200501EO41030,Slight,2,1,10/8/2005,Wednesday,19:55,Single motorway,30,Not at junction,NA,No physical crossing facility,Lights lit,Fine,Dry,None,None,1,1,Driver,M,19,Slight,Not pedestrian,None,None,1,Car,Halting,N,No,N,N,N,Unknown,M,19,NA,NA,NA
200501EO41030,Slight,2,1,10/8/2005,Wednesday,19:55,Single motorway,30,Not at junction,NA,No physical crossing facility,Lights lit,Fine,Dry,None,None,1,1,Driver,M,19,Slight,Not pedestrian,None,None,2,Car,Going ahead,N,No,N,N,N,Unknown,M,-1,NA,NA,NA
200501EO41031,Slight,2,1,19/9/2005,Monday,15:07,Single motorway,30,Not at junction,NA,No physical crossing facility,Daylight,Fine,Dry,None,None,1,1,Driver,M,20,Slight,Not pedestrian,None,None,1,Bicycle,Going ahead,N,No,N,N,N,Unknown,M,20,NA,NA,NA
200501EO41031,Slight,2,1,19/9/2005,Monday,15:07,Single motorway,30,Not at junction,NA,No physical crossing facility,Daylight,Fine,Dry,None,None,1,1,Driver,M,20,Slight,Not pedestrian,None,None,2,Car,Waiting to/Turning right,N,No,N,N,N,Unknown,M,-1,NA,NA,NA
200501EO41032,Slight,2,1,17/9/2005,Saturday,1:45,One way street,30,Crossroad,Traffic light,Traffic light,Lights lit,Fine,Dry,None,None,1,1,Driver,M,40,Slight,Not pedestrian,None,None,1,Car,Waiting,N,No,N,N,N,Unknown,M,40,1995,Heavy oil,3
200501EO41032,Slight,2,1,17/9/2005,Saturday,1:45,One way street,30,Crossroad,Traffic light,Traffic light,Lights lit,Fine,Dry,None,None,1,1,Driver,M,40,Slight,Not pedestrian,None,None,2,Car,Going ahead,N,No,N,N,N,Unknown,M,-1,1895,Petrol,5
200501EO41033,Slight,2,1,19/9/2005,Monday,19:00,Single motorway,30,T-junction,Traffic light,Traffic light,Daylight,Fine,Dry,None,None,1,1,Driver,M,30,Slight,Not pedestrian,None,None,1,Bicycle,Going ahead,N,No,N,N,N,Unknown,M,30,NA,NA,NA
200501EO41033,Slight,2,1,19/9/2005,Monday,19:00,Single motorway,30,T-junction,Traffic light,Traffic light,Daylight,Fine,Dry,None,None,1,1,Driver,M,30,Slight,Not pedestrian,None,None,2,Car,Going ahead,N,No,N,N,N,Unknown,M,-1,1998,Petrol,4
200501EO41034,Slight,2,1,19/9/2005,Monday,8:16,Single motorway,30,Roundabout,Give-way sign,Zebra crossing,Daylight,Fine,Dry,None,None,1,1,Driver,F,46,Slight,Not pedestrian,None,None,1,Bicycle,Going ahead,N,No,N,N,N,Unknown,F,46,NA,NA,NA
200501EO41034,Slight,2,1,19/9/2005,Monday,8:16,Single motorway,30,Roundabout,Give-way sign,Zebra crossing,Daylight,Fine,Dry,None,None,1,1,Driver,F,46,Slight,Not pedestrian,None,None,2,Car,Overtaking,N,No,N,N,N,Unknown,M,-1,1994,Heavy oil,8
200501EO41036,Slight,3,1,7/9/2005,Wednesday,9:53,Single motorway,30,T-junction,Traffic light,Traffic light,Daylight,Fine,Dry,None,None,2,1,Passenger,F,34,Slight,Not pedestrian,Rear seat,None,1,Car,Going ahead,N,No,N,N,N,Unknown,F,62,2171,Petrol,1
200501EO41036,Slight,3,1,7/9/2005,Wednesday,9:53,Single motorway,30,T-junction,Traffic light,Traffic light,Daylight,Fine,Dry,None,None,2,1,Passenger,F,34,Slight,Not pedestrian,Rear seat,None,2,Taxi/Grab,Going ahead,N,No,N,N,N,Unknown,M,66,2402,Heavy oil,3
200501EO41036,Slight,3,1,7/9/2005,Wednesday,9:53,Single motorway,30,T-junction,Traffic light,Traffic light,Daylight,Fine,Dry,None,None,2,1,Passenger,F,34,Slight,Not pedestrian,Rear seat,None,3,Motorcycle,Going ahead,N,No,N,N,N,Unknown,M,44,636,Petrol,3
200501EO41037,Slight,2,1,22/8/2005,Monday,7:12,Single motorway,30,Crossroad,Traffic light,No physical crossing facility,Daylight,Fine,Dry,None,None,2,1,Driver,M,48,Slight,Not pedestrian,None,None,1,Car,Going ahead,N,No,N,N,N,Unknown,M,23,1794,Petrol,11
200501EO41037,Slight,2,1,22/8/2005,Monday,7:12,Single motorway,30,Crossroad,Traffic light,No physical crossing facility,Daylight,Fine,Dry,None,None,2,1,Driver,M,48,Slight,Not pedestrian,None,None,2,Bicycle,Going ahead,N,No,N,N,N,Unknown,M,48,NA,NA,NA
200501EO41038,Slight,2,1,8/9/2005,Thursday,20:49,Single motorway,30,T-junction,Give-way sign,No physical crossing facility,Lights lit,Fine,Dry,None,None,2,1,Driver,F,39,Slight,Not pedestrian,None,None,1,Car,Waiting to/Turning right,N,No,N,N,N,Unknown,F,31,1299,Petrol,9
200501EO41038,Slight,2,1,8/9/2005,Thursday,20:49,Single motorway,30,T-junction,Give-way sign,No physical crossing facility,Lights lit,Fine,Dry,None,None,2,1,Driver,F,39,Slight,Not pedestrian,None,None,2,Bicycle,Going ahead,N,No,N,N,N,Unknown,F,39,NA,NA,NA
200501EO41039,Slight,2,1,14/9/2005,Wednesday,17:12,Dual motorway ,30,T-junction,Give-way sign,No physical crossing facility,Daylight,Fine,Dry,None,None,2,1,Driver,M,17,Slight,Not pedestrian,None,None,1,Car,Waiting to/Turning right,N,No,N,N,N,Unknown,M,34,NA,NA,NA
200501EO41039,Slight,2,1,14/9/2005,Wednesday,17:12,Dual motorway ,30,T-junction,Give-way sign,No physical crossing facility,Daylight,Fine,Dry,None,None,2,1,Driver,M,17,Slight,Not pedestrian,None,None,2,Motorcycle,Overtaking,N,No,N,N,N,Unknown,M,17,NA,NA,NA