Accident_Index,Accident_Severity,Number_of_Vehicles,Number_of_Casualties,Date,Day_of_Week,Time,Road_Type,Speed_Limit,Junction_Detail,Junction_Control,Pedestrian_Crossing_Type,Light_Conditions,Weather_Conditions,Road_Surface_Conditions,Special_Conditions_at_Site,Road_Hazards,Vehicle_Reference.x,Casualty_Reference,Casualty_Class,Sex_of_Casualty,Age_of_Casualty,Casualty_Severity,Pedestrian_Location,Car_Passenger,Bus_or_Coach_Passenger,Vehicle_Reference.y,Vehicle_Type,Vehicle_Manoeuvre,Vehicle_in_Restricted_Lane,Skidding_and_Overturning,Hit_Object_on_Road,Vehicle_veer_off_Road,Hit_Object_off_Road,Journey_Purpose_of_Driver,Sex_of_Driver,Age_of_Driver,Engine_Capacity_CC,Engine_Type,Age_of_Vehicle
200501EO41040,Slight,2,1,8/9/2005,Thursday,22:25,Single motorway,30,T-junction,Give-way sign,Traffic light,Lights lit,Fine,Dry,None,None,1,1,Passenger,M,19,Slight,Not pedestrian,Front seat,None,1,Car,U-turn,N,No,N,N,N,Unknown,M,21,1985,Petrol,7
200501EO41040,Slight,2,1,8/9/2005,Thursday,22:25,Single motorway,30,T-junction,Give-way sign,Traffic light,Lights lit,Fine,Dry,None,None,1,1,Passenger,M,19,Slight,Not pedestrian,Front seat,None,2,Car,Going ahead,N,No,N,N,N,Unknown,M,43,3000,Petrol,4
200501EO41041,Slight,1,2,23/9/2005,Friday,17:10,Single motorway,30,T-junction,Traffic light,Traffic light,Daylight,Fine,Dry,None,None,1,1,Pedestrian,F,50,Slight,Crossing on facility,None,None,1,Motorcycle,Going ahead,N,No,N,N,N,Unknown,M,23,599,Petrol,4
200501EO41041,Slight,1,2,23/9/2005,Friday,17:10,Single motorway,30,T-junction,Traffic light,Traffic light,Daylight,Fine,Dry,None,None,1,2,Driver,M,23,Slight,Not pedestrian,None,None,1,Motorcycle,Going ahead,N,No,N,N,N,Unknown,M,23,599,Petrol,4
200501EO41042,Slight,1,1,14/9/2005,Wednesday,14:12,One way street,30,T-junction,Traffic light,Traffic light,Daylight,Fine,Dry,None,None,1,1,Pedestrian,M,47,Slight,Crossing on facility,None,None,1,Taxi/Grab,Going ahead,N,No,N,N,N,Job,M,44,2402,Heavy oil,1
200501EO41043,Slight,2,1,5/9/2005,Monday,13:00,Single motorway,30,Not at junction,NA,No physical crossing facility,Daylight,Fine,Dry,None,None,1,1,Driver,M,32,Slight,Not pedestrian,None,None,1,Motorcycle,Going ahead,N,No,N,N,N,Unknown,M,32,599,Petrol,4
200501EO41043,Slight,2,1,5/9/2005,Monday,13:00,Single motorway,30,Not at junction,NA,No physical crossing facility,Daylight,Fine,Dry,None,None,1,1,Driver,M,32,Slight,Not pedestrian,None,None,2,Car,U-turn,N,No,N,N,N,Unknown,M,-1,1498,Petrol,8
200501EO41044,Slight,2,1,11/9/2005,Sunday,23:26,Single motorway,20,Crossroad,Give-way sign,Zebra crossing,Lights lit,Fine,Dry,None,None,2,1,Driver,M,45,Slight,Not pedestrian,None,None,1,Car,Waiting to/Turning right,N,No,N,N,N,Unknown,M,40,NA,NA,NA
200501EO41044,Slight,2,1,11/9/2005,Sunday,23:26,Single motorway,20,Crossroad,Give-way sign,Zebra crossing,Lights lit,Fine,Dry,None,None,2,1,Driver,M,45,Slight,Not pedestrian,None,None,2,Bicycle,Going ahead,N,No,N,N,N,Unknown,M,45,NA,NA,NA
200501EO41045,Slight,2,1,14/9/2005,Wednesday,13:29,Single motorway,30,Crossroad,Traffic light,No physical crossing facility,Daylight,Fine,Dry,None,None,2,1,Driver,M,21,Slight,Not pedestrian,None,None,1,Goods Van,Waiting to/Turning right,N,No,N,N,N,Unknown,M,26,2800,Heavy oil,3
200501EO41045,Slight,2,1,14/9/2005,Wednesday,13:29,Single motorway,30,Crossroad,Traffic light,No physical crossing facility,Daylight,Fine,Dry,None,None,2,1,Driver,M,21,Slight,Not pedestrian,None,None,2,Bicycle,Going ahead,N,No,N,N,N,Unknown,M,21,NA,NA,NA
200501EO41046,Slight,1,1,24/9/2005,Saturday,14:38,Single motorway,30,Not at junction,NA,No physical crossing facility,Daylight,Fine,Dry,None,None,1,1,Driver,F,43,Slight,Not pedestrian,None,None,1,Car,Going ahead,N,No,N,N,N,Unknown,F,43,1870,Heavy oil,12
200501EO41047,Slight,1,1,24/9/2005,Saturday,6:45,Single motorway,30,More than 4 sections,Traffic light,Traffic light,Daylight,Fine,Dry,None,None,1,1,Pedestrian,M,25,Slight,Crossing within 50m of facility,None,None,1,Car,Going ahead,N,No,N,N,N,Unknown,M,28,NA,NA,NA
200501EO41048,Slight,1,1,15/9/2005,Thursday,15:43,Single motorway,30,Not at junction,NA,No physical crossing facility,Daylight,Rain,Wet,None,None,1,1,Pedestrian,F,12,Slight,Elsewhere,None,None,1,Car,Going ahead,N,No,N,N,N,Unknown,M,22,1389,Petrol,11
200501EO41049,Slight,3,1,26/9/2005,Monday,9:26,Single motorway,30,Not at junction,NA,No physical crossing facility,Daylight,Fine,Dry,None,None,3,1,Driver,M,29,Slight,Not pedestrian,None,None,1,Car,Halting,N,No,N,N,N,Unknown,M,45,NA,NA,NA
200501EO41049,Slight,3,1,26/9/2005,Monday,9:26,Single motorway,30,Not at junction,NA,No physical crossing facility,Daylight,Fine,Dry,None,None,3,1,Driver,M,29,Slight,Not pedestrian,None,None,2,Goods Van,Moving off,N,No,N,N,N,Unknown,M,-1,NA,NA,NA
200501EO41049,Slight,3,1,26/9/2005,Monday,9:26,Single motorway,30,Not at junction,NA,No physical crossing facility,Daylight,Fine,Dry,None,None,3,1,Driver,M,29,Slight,Not pedestrian,None,None,3,Bicycle,Going ahead,N,No,N,N,N,Unknown,M,29,NA,NA,NA
200501EO41050,Serious,1,1,26/9/2005,Monday,13:30,One way street,30,T-junction,Give-way sign,No physical crossing facility,Daylight,Fine,Dry,None,None,1,1,Driver,F,52,Serious,Not pedestrian,None,None,1,Car,Going ahead,N,No,N,N,N,Unknown,F,52,1587,Petrol,12
200501EO41051,Slight,2,1,26/9/2005,Monday,8:40,Single motorway,30,T-junction,Give-way sign,No physical crossing facility,Daylight,Fine,Dry,None,None,1,1,Passenger,F,37,Slight,Not pedestrian,None,None,1,Motorcycle,Overtaking,N,No,N,N,N,Unknown,M,31,750,Petrol,18
200501EO41051,Slight,2,1,26/9/2005,Monday,8:40,Single motorway,30,T-junction,Give-way sign,No physical crossing facility,Daylight,Fine,Dry,None,None,1,1,Passenger,F,37,Slight,Not pedestrian,None,None,2,Goods Van,Changing lane,N,No,N,N,N,Unknown,M,38,NA,NA,NA
200501EO41052,Slight,1,1,26/9/2005,Monday,8:30,Single motorway,30,T-junction,Traffic light,Traffic light,Daylight,Fine,Dry,None,None,1,1,Pedestrian,F,13,Slight,Crossing on facility,None,None,1,Car,Waiting to/Turning left,N,No,N,N,N,Unknown,M,48,2979,Petrol,1
200501EO41053,Slight,2,1,22/9/2005,Thursday,22:55,Single motorway,30,Crossroad,Traffic light,Traffic light,Lights lit,Fine,Dry,None,None,1,1,Driver,F,35,Slight,Not pedestrian,None,None,1,Car,Waiting,N,No,N,N,N,Unknown,F,35,1390,Petrol,4
200501EO41053,Slight,2,1,22/9/2005,Thursday,22:55,Single motorway,30,Crossroad,Traffic light,Traffic light,Lights lit,Fine,Dry,None,None,1,1,Driver,F,35,Slight,Not pedestrian,None,None,2,Car,Going ahead,N,No,N,N,N,Unknown,M,-1,NA,NA,NA
200501EO41054,Slight,2,1,23/9/2005,Friday,19:10,Single motorway,30,Crossroad,Give-way sign,No physical crossing facility,Daylight,Fine,Wet,None,None,1,1,Driver,M,57,Slight,Not pedestrian,None,None,1,Motorcycle,Going ahead,N,No,N,N,N,Unknown,M,57,NA,NA,NA
200501EO41054,Slight,2,1,23/9/2005,Friday,19:10,Single motorway,30,Crossroad,Give-way sign,No physical crossing facility,Daylight,Fine,Wet,None,None,1,1,Driver,M,57,Slight,Not pedestrian,None,None,2,Car,Going ahead,N,No,N,N,N,Unknown,M,36,1985,Petrol,7
200501EO41055,Slight,1,1,29/9/2005,Thursday,23:55,Single motorway,30,More than 4 sections,Traffic light,Traffic light,Lights lit,Fine,Dry,None,None,1,1,Pedestrian,M,24,Slight,Crossing on facility,None,None,1,Car,Going ahead,N,No,N,N,N,Unknown,M,21,NA,NA,NA
200501EO41056,Slight,1,2,4/10/2005,Tuesday,21:44,Single motorway,30,T-junction,Give-way sign,No physical crossing facility,Lights lit,Fine,Dry,None,None,1,1,Driver,M,31,Slight,Not pedestrian,None,None,1,Motorcycle,Going ahead,N,Skid,N,N,N,Unknown,M,31,49,Petrol,6
200501EO41056,Slight,1,2,4/10/2005,Tuesday,21:44,Single motorway,30,T-junction,Give-way sign,No physical crossing facility,Lights lit,Fine,Dry,None,None,1,2,Pedestrian,F,21,Slight,Elsewhere,None,None,1,Motorcycle,Going ahead,N,Skid,N,N,N,Unknown,M,31,49,Petrol,6
200501EO41057,Slight,2,1,28/9/2005,Wednesday,21:30,One way street,30,Crossroad,Give-way sign,Non-junction pedestrian light crossing,Lights lit,Rain,Wet,None,None,1,1,Driver,M,42,Slight,Not pedestrian,None,None,1,Motorcycle,Going ahead,N,Skid,N,N,N,Unknown,M,42,124,Petrol,1
200501EO41057,Slight,2,1,28/9/2005,Wednesday,21:30,One way street,30,Crossroad,Give-way sign,Non-junction pedestrian light crossing,Lights lit,Rain,Wet,None,None,1,1,Driver,M,42,Slight,Not pedestrian,None,None,2,Goods Van,Waiting to/Turning right,N,No,N,N,N,Unknown,NA,-1,4250,Heavy oil,7
200501EO41058,Slight,1,1,27/9/2005,Tuesday,0:14,Single motorway,30,More than 4 sections,Traffic light,Traffic light,Lights lit,Fine,Dry,None,None,1,1,Pedestrian,M,47,Slight,Crossing within 50m of facility,None,None,1,Car,Waiting to/Turning left,N,No,N,N,N,Unknown,M,38,NA,NA,NA
200501EO41059,Slight,1,1,14/9/2005,Wednesday,17:53,Single motorway,30,T-junction,Give-way sign,No physical crossing facility,Daylight,Fine,Dry,None,None,1,1,Pedestrian,M,16,Slight,Elsewhere,None,None,1,Car,Going ahead,N,No,N,N,N,Unknown,M,23,NA,NA,NA
200501EO41060,Slight,1,1,29/9/2005,Thursday,20:02,Single motorway,30,T-junction,Traffic light,Traffic light,Lights lit,Fine,Dry,None,None,1,1,Pedestrian,M,32,Slight,Crossing within 50m of facility,None,None,1,Car,Going ahead,N,No,N,N,N,Unknown,F,27,NA,NA,NA
200501EO41061,Slight,1,1,29/9/2005,Thursday,18:05,Single motorway,30,T-junction,Give-way sign,No physical crossing facility,Daylight,Fine,Dry,None,None,1,1,Pedestrian,F,36,Slight,Elsewhere,None,None,1,Taxi/Grab,Waiting to/Turning right,N,No,N,N,N,Unknown,M,44,NA,NA,NA
200501EO41062,Slight,2,2,30/9/2005,Friday,14:00,Single motorway,30,Not at junction,NA,No physical crossing facility,Daylight,Fine,Dry,None,None,1,1,Pedestrian,M,59,Slight,Unknown,None,None,1,Goods Van,Parking,N,No,N,N,N,Unknown,M,55,NA,Heavy oil,7
200501EO41062,Slight,2,2,30/9/2005,Friday,14:00,Single motorway,30,Not at junction,NA,No physical crossing facility,Daylight,Fine,Dry,None,None,1,1,Pedestrian,M,59,Slight,Unknown,None,None,2,Goods Van,Parking,N,No,N,N,N,Unknown,M,59,NA,NA,NA
200501EO41062,Slight,2,2,30/9/2005,Friday,14:00,Single motorway,30,Not at junction,NA,No physical crossing facility,Daylight,Fine,Dry,None,None,1,2,Pedestrian,F,21,Slight,Unknown,None,None,1,Goods Van,Parking,N,No,N,N,N,Unknown,M,55,NA,Heavy oil,7
200501EO41062,Slight,2,2,30/9/2005,Friday,14:00,Single motorway,30,Not at junction,NA,No physical crossing facility,Daylight,Fine,Dry,None,None,1,2,Pedestrian,F,21,Slight,Unknown,None,None,2,Goods Van,Parking,N,No,N,N,N,Unknown,M,59,NA,NA,NA
200501EO41063,Slight,1,1,23/9/2005,Friday,14:20,Single motorway,30,T-junction,Give-way sign,No physical crossing facility,Daylight,Fine,Dry,None,None,1,1,Passenger,F,72,Slight,Not pedestrian,None,Standing,1,Bus/Coach,Waiting,N,No,N,N,N,Job,M,-1,NA,NA,NA
200501EO41064,Slight,1,1,1/10/2005,Saturday,20:12,Single motorway,30,Crossroad,Traffic light,Traffic light,Lights lit,Fine,Dry,None,None,1,1,Pedestrian,M,53,Slight,Crossing on facility,None,None,1,Bus/Coach,Waiting to/Turning right,N,No,N,N,N,Unknown,M,44,6370,Heavy oil,1
200501EO41065,Slight,1,2,26/9/2005,Monday,12:55,Single motorway,30,T-junction,Give-way sign,Zebra crossing,Daylight,Fine,Dry,None,None,1,1,Passenger,M,40,Slight,Not pedestrian,None,Standing,1,Bus/Coach,Halting,N,No,N,N,N,Job,M,-1,7300,Heavy oil,5
200501EO41065,Slight,1,2,26/9/2005,Monday,12:55,Single motorway,30,T-junction,Give-way sign,Zebra crossing,Daylight,Fine,Dry,None,None,1,2,Passenger,M,30,Slight,Not pedestrian,None,Standing,1,Bus/Coach,Halting,N,No,N,N,N,Job,M,-1,7300,Heavy oil,5
200501EO41066,Slight,2,1,2/10/2005,Sunday,17:10,One way street,30,T-junction,Give-way sign,No physical crossing facility,Daylight,Fine,Dry,None,None,1,1,Driver,F,29,Slight,Not pedestrian,None,None,1,Car,Going ahead,N,No,N,N,N,Unknown,F,29,NA,NA,NA
200501EO41066,Slight,2,1,2/10/2005,Sunday,17:10,One way street,30,T-junction,Give-way sign,No physical crossing facility,Daylight,Fine,Dry,None,None,1,1,Driver,F,29,Slight,Not pedestrian,None,None,2,Car,Waiting to/Turning right,N,No,N,N,N,Unknown,M,35,1598,Petrol,NA
200501EO41068,Slight,2,1,19/9/2005,Monday,17:10,Single motorway,30,Crossroad,Give-way sign,No physical crossing facility,Daylight,Fine,Dry,None,None,1,1,Driver,M,40,Slight,Not pedestrian,None,None,1,Motorcycle,Going ahead,N,No,N,N,N,Unknown,M,40,125,Petrol,NA
200501EO41068,Slight,2,1,19/9/2005,Monday,17:10,Single motorway,30,Crossroad,Give-way sign,No physical crossing facility,Daylight,Fine,Dry,None,None,1,1,Driver,M,40,Slight,Not pedestrian,None,None,2,Goods Van,Moving off,N,No,N,N,N,Unknown,NA,-1,NA,NA,NA
200501EO41069,Slight,2,1,27/9/2005,Tuesday,6:30,Single motorway,30,T-junction,Give-way sign,No physical crossing facility,Daylight,Rain,Wet,None,None,2,1,Driver,M,47,Slight,Not pedestrian,None,None,1,Taxi/Grab,Waiting to/Turning right,N,No,N,N,N,Unknown,M,-1,NA,NA,NA
200501EO41069,Slight,2,1,27/9/2005,Tuesday,6:30,Single motorway,30,T-junction,Give-way sign,No physical crossing facility,Daylight,Rain,Wet,None,None,2,1,Driver,M,47,Slight,Not pedestrian,None,None,2,Bicycle,Going ahead,N,No,N,N,N,Unknown,M,47,NA,NA,NA
200501EO41070,Slight,2,1,27/9/2005,Tuesday,9:30,Single motorway,30,T-junction,Give-way sign,No physical crossing facility,Daylight,Fine,Dry,None,None,2,1,Driver,M,33,Slight,Not pedestrian,None,None,1,Goods Van,Waiting to/Turning right,N,No,N,N,N,Unknown,M,40,2151,Heavy oil,2
200501EO41070,Slight,2,1,27/9/2005,Tuesday,9:30,Single motorway,30,T-junction,Give-way sign,No physical crossing facility,Daylight,Fine,Dry,None,None,2,1,Driver,M,33,Slight,Not pedestrian,None,None,2,Motorcycle,Going ahead,N,No,N,N,N,Unknown,M,33,124,Petrol,5
200501EO41071,Slight,2,2,28/9/2005,Wednesday,21:31,Single motorway,30,More than 4 sections,Traffic light,Traffic light,Lights lit,Rain,Wet,None,None,1,1,Driver,F,18,Slight,Not pedestrian,None,None,1,Car,Going ahead,N,No,N,N,N,Unknown,F,18,899,Petrol,8
200501EO41071,Slight,2,2,28/9/2005,Wednesday,21:31,Single motorway,30,More than 4 sections,Traffic light,Traffic light,Lights lit,Rain,Wet,None,None,1,1,Driver,F,18,Slight,Not pedestrian,None,None,2,Bus/Coach,Going ahead,N,No,N,N,N,Job,M,49,7300,Heavy oil,5
200501EO41071,Slight,2,2,28/9/2005,Wednesday,21:31,Single motorway,30,More than 4 sections,Traffic light,Traffic light,Lights lit,Rain,Wet,None,None,2,2,Driver,M,49,Slight,Not pedestrian,None,None,1,Car,Going ahead,N,No,N,N,N,Unknown,F,18,899,Petrol,8
200501EO41071,Slight,2,2,28/9/2005,Wednesday,21:31,Single motorway,30,More than 4 sections,Traffic light,Traffic light,Lights lit,Rain,Wet,None,None,2,2,Driver,M,49,Slight,Not pedestrian,None,None,2,Bus/Coach,Going ahead,N,No,N,N,N,Job,M,49,7300,Heavy oil,5
200501EO41072,Slight,1,1,1/10/2005,Saturday,9:20,Single motorway,30,T-junction,Give-way sign,No physical crossing facility,Daylight,Fine,Dry,None,None,1,1,Pedestrian,M,50,Slight,Elsewhere,None,None,1,Motorcycle,Overtaking,N,No,N,N,N,Unknown,F,22,599,Petrol,1
200501EO41073,Slight,3,1,25/9/2005,Sunday,1:05,Single motorway,30,Not at junction,NA,Traffic light,Lights lit,Fine,Dry,None,None,2,1,Driver,F,36,Slight,Not pedestrian,None,None,1,Car,Waiting,N,No,N,N,N,Unknown,M,36,1769,Petrol,5
200501EO41073,Slight,3,1,25/9/2005,Sunday,1:05,Single motorway,30,Not at junction,NA,Traffic light,Lights lit,Fine,Dry,None,None,2,1,Driver,F,36,Slight,Not pedestrian,None,None,2,Car,Waiting,N,No,N,N,N,Unknown,F,36,NA,NA,NA
200501EO41073,Slight,3,1,25/9/2005,Sunday,1:05,Single motorway,30,Not at junction,NA,Traffic light,Lights lit,Fine,Dry,None,None,2,1,Driver,F,36,Slight,Not pedestrian,None,None,3,Car,Going ahead,N,No,N,N,N,Unknown,M,35,NA,NA,NA
200501EO41074,Slight,2,2,3/10/2005,Monday,9:00,Single motorway,30,T-junction,Give-way sign,No physical crossing facility,Daylight,Fine,Dry,None,None,1,1,Driver,M,32,Slight,Not pedestrian,None,None,1,Motorcycle,Going ahead,N,No,N,N,N,Unknown,M,32,NA,NA,NA
200501EO41074,Slight,2,2,3/10/2005,Monday,9:00,Single motorway,30,T-junction,Give-way sign,No physical crossing facility,Daylight,Fine,Dry,None,None,1,1,Driver,M,32,Slight,Not pedestrian,None,None,2,Bicycle,Going ahead,N,No,N,N,N,Unknown,M,32,NA,NA,NA
200501EO41074,Slight,2,2,3/10/2005,Monday,9:00,Single motorway,30,T-junction,Give-way sign,No physical crossing facility,Daylight,Fine,Dry,None,None,2,2,Driver,M,32,Slight,Not pedestrian,None,None,1,Motorcycle,Going ahead,N,No,N,N,N,Unknown,M,32,NA,NA,NA
200501EO41074,Slight,2,2,3/10/2005,Monday,9:00,Single motorway,30,T-junction,Give-way sign,No physical crossing facility,Daylight,Fine,Dry,None,None,2,2,Driver,M,32,Slight,Not pedestrian,None,None,2,Bicycle,Going ahead,N,No,N,N,N,Unknown,M,32,NA,NA,NA
200501EO41075,Slight,2,1,4/10/2005,Tuesday,13:00,Single motorway,30,T-junction,Give-way sign,No physical crossing facility,Daylight,Fine,Dry,None,None,2,1,Driver,M,26,Slight,Not pedestrian,None,None,1,Car,Waiting to/Turning right,N,No,N,N,N,Unknown,M,19,1242,Petrol,6
200501EO41075,Slight,2,1,4/10/2005,Tuesday,13:00,Single motorway,30,T-junction,Give-way sign,No physical crossing facility,Daylight,Fine,Dry,None,None,2,1,Driver,M,26,Slight,Not pedestrian,None,None,2,Bicycle,Going ahead,N,No,N,N,N,Unknown,M,26,NA,NA,NA
200501EO41076,Slight,3,1,5/10/2005,Wednesday,19:15,Single motorway,30,Not at junction,NA,No physical crossing facility,Lights lit,Fine,Dry,None,None,2,1,Driver,F,41,Slight,Not pedestrian,None,None,1,Car,Going ahead,N,No,N,N,N,Unknown,M,40,1997,Heavy oil,17
200501EO41076,Slight,3,1,5/10/2005,Wednesday,19:15,Single motorway,30,Not at junction,NA,No physical crossing facility,Lights lit,Fine,Dry,None,None,2,1,Driver,F,41,Slight,Not pedestrian,None,None,2,Car,Parking,N,No,N,N,N,Unknown,F,41,1596,Petrol,2
200501EO41076,Slight,3,1,5/10/2005,Wednesday,19:15,Single motorway,30,Not at junction,NA,No physical crossing facility,Lights lit,Fine,Dry,None,None,2,1,Driver,F,41,Slight,Not pedestrian,None,None,3,Car,Parking,N,No,N,N,N,Unknown,M,-1,NA,NA,NA
200501EO41077,Serious,1,1,6/10/2005,Thursday,9:44,Single motorway,30,T-junction,Give-way sign,Zebra crossing,Daylight,Fine,Dry,None,None,1,1,Pedestrian,F,50,Serious,Crossing on facility,None,None,1,Bus/Coach,Going ahead,N,No,N,N,N,Job,F,43,3900,Heavy oil,2
200501EO41078,Serious,1,1,5/10/2005,Wednesday,13:38,Dual motorway ,30,More than 4 sections,Give-way sign,Zebra crossing,Daylight,Fine,Dry,None,None,1,1,Pedestrian,M,51,Serious,Crossing within 50m of facility,None,None,1,Car,Going ahead,N,No,N,N,N,Unknown,M,28,1391,Petrol,7
200501EO41079,Slight,1,1,7/10/2005,Friday,17:25,Dual motorway ,30,Not at junction,NA,No physical crossing facility,Daylight,Fine,Dry,None,None,1,1,Passenger,F,34,Slight,Not pedestrian,None,Standing,1,Bus/Coach,Going ahead,N,No,N,N,N,Job,M,44,8268,Heavy oil,NA
200501EO41080,Serious,2,1,3/10/2005,Monday,5:55,Single motorway,30,T-junction,Give-way sign,No physical crossing facility,Lights lit,Fine,Dry,None,None,2,1,Driver,M,30,Serious,Not pedestrian,None,None,1,Car,Waiting to/Turning right,N,No,N,N,N,Unknown,M,43,1997,Heavy oil,5
200501EO41080,Serious,2,1,3/10/2005,Monday,5:55,Single motorway,30,T-junction,Give-way sign,No physical crossing facility,Lights lit,Fine,Dry,None,None,2,1,Driver,M,30,Serious,Not pedestrian,None,None,2,Bicycle,Going ahead,N,No,N,N,N,Unknown,M,30,NA,NA,NA
200501EO41081,Slight,1,1,2/9/2005,Friday,23:52,Single motorway,30,Crossroad,Give-way sign,No physical crossing facility,Lights lit,Fine,Dry,None,None,1,1,Pedestrian,M,27,Slight,Sidewalk,None,None,1,Goods Van,Going ahead,N,No,N,N,N,Unknown,M,51,4250,Heavy oil,2
200501EO41082,Slight,2,1,3/10/2005,Monday,13:54,Single motorway,30,Not at junction,NA,Crossing with island,Daylight,Fine,Dry,None,None,1,1,Driver,F,49,Slight,Not pedestrian,None,None,1,Car,Going ahead,N,No,Y,N,N,Job,F,49,1599,Petrol,6
200501EO41082,Slight,2,1,3/10/2005,Monday,13:54,Single motorway,30,Not at junction,NA,Crossing with island,Daylight,Fine,Dry,None,None,1,1,Driver,F,49,Slight,Not pedestrian,None,None,2,Car,Parking,N,No,Y,N,N,Unknown,F,26,1341,Petrol,6
200501EO41083,Slight,2,1,3/9/2005,Saturday,4:00,Single motorway,30,T-junction,Traffic light,Traffic light,Lights lit,Fine,Dry,None,None,1,1,Driver,M,35,Slight,Not pedestrian,None,None,1,Car,Waiting to/Turning left,N,No,N,N,N,Unknown,M,35,NA,NA,NA
200501EO41083,Slight,2,1,3/9/2005,Saturday,4:00,Single motorway,30,T-junction,Traffic light,Traffic light,Lights lit,Fine,Dry,None,None,1,1,Driver,M,35,Slight,Not pedestrian,None,None,2,Car,Going ahead,N,No,N,N,N,Unknown,M,-1,NA,NA,NA
200501EO41084,Slight,2,1,16/9/2005,Friday,13:14,Single motorway,30,Crossroad,Traffic light,No physical crossing facility,Daylight,Fine,Dry,None,None,1,1,Driver,M,29,Slight,Not pedestrian,None,None,1,Motorcycle,Going ahead,N,No,N,N,N,Unknown,M,29,899,Petrol,8
200501EO41084,Slight,2,1,16/9/2005,Friday,13:14,Single motorway,30,Crossroad,Traffic light,No physical crossing facility,Daylight,Fine,Dry,None,None,1,1,Driver,M,29,Slight,Not pedestrian,None,None,2,Taxi/Grab,Waiting to/Turning left,N,No,N,N,N,Unknown,M,34,2402,Heavy oil,2
200501EO41086,Slight,2,1,22/9/2005,Thursday,21:01,Single motorway,30,Crossroad,Traffic light,Traffic light,Lights lit,Fine,Dry,None,None,1,1,Driver,M,31,Slight,Not pedestrian,None,None,1,Motorcycle,Waiting to/Turning right,N,No,N,N,N,Unknown,M,31,996,Petrol,8
200501EO41086,Slight,2,1,22/9/2005,Thursday,21:01,Single motorway,30,Crossroad,Traffic light,Traffic light,Lights lit,Fine,Dry,None,None,1,1,Driver,M,31,Slight,Not pedestrian,None,None,2,Car,Going ahead,N,No,N,N,N,Unknown,M,20,NA,NA,NA
200501EO41087,Serious,2,2,8/9/2005,Thursday,7:29,Single motorway,30,Mini-roundabout,Give-way sign,Non-junction pedestrian light crossing,Daylight,Fine,Dry,None,None,1,1,Driver,F,25,Serious,Not pedestrian,None,None,1,Bicycle,Going ahead,N,No,N,N,N,Unknown,F,25,NA,NA,NA
200501EO41087,Serious,2,2,8/9/2005,Thursday,7:29,Single motorway,30,Mini-roundabout,Give-way sign,Non-junction pedestrian light crossing,Daylight,Fine,Dry,None,None,1,1,Driver,F,25,Serious,Not pedestrian,None,None,2,Car,Waiting to/Turning right,N,No,N,N,N,Unknown,F,58,2254,Petrol,7
200501EO41087,Serious,2,2,8/9/2005,Thursday,7:29,Single motorway,30,Mini-roundabout,Give-way sign,Non-junction pedestrian light crossing,Daylight,Fine,Dry,None,None,2,2,Driver,F,58,Slight,Not pedestrian,None,None,1,Bicycle,Going ahead,N,No,N,N,N,Unknown,F,25,NA,NA,NA
200501EO41087,Serious,2,2,8/9/2005,Thursday,7:29,Single motorway,30,Mini-roundabout,Give-way sign,Non-junction pedestrian light crossing,Daylight,Fine,Dry,None,None,2,2,Driver,F,58,Slight,Not pedestrian,None,None,2,Car,Waiting to/Turning right,N,No,N,N,N,Unknown,F,58,2254,Petrol,7
200501EO41088,Slight,1,1,23/9/2005,Friday,19:00,Single motorway,30,Not at junction,NA,No physical crossing facility,Daylight,Fine,Dry,None,None,1,1,Pedestrian,M,50,Slight,Elsewhere,None,None,1,Goods Van,Going ahead,N,No,N,N,N,Unknown,M,-1,1753,Heavy oil,6
200501EO41089,Slight,1,1,23/9/2005,Friday,13:54,Single motorway,30,Not at junction,NA,No physical crossing facility,Daylight,Fine,Dry,None,None,1,1,Passenger,M,73,Slight,Not pedestrian,None,Alighting,1,Bus/Coach,Parking,N,No,N,N,N,Job,M,-1,NA,NA,NA
200501EO41091,Slight,2,1,25/9/2005,Sunday,8:20,Single motorway,30,T-junction,Give-way sign,No physical crossing facility,Daylight,Fine,Dry,None,None,2,1,Driver,M,28,Slight,Not pedestrian,None,None,1,Car,Waiting to/Turning right,N,No,N,N,N,Unknown,M,43,1796,Petrol,8
200501EO41091,Slight,2,1,25/9/2005,Sunday,8:20,Single motorway,30,T-junction,Give-way sign,No physical crossing facility,Daylight,Fine,Dry,None,None,2,1,Driver,M,28,Slight,Not pedestrian,None,None,2,Bicycle,Going ahead,N,No,N,N,N,Unknown,M,28,NA,NA,NA
200501EO41092,Slight,3,1,20/6/2005,Monday,1:25,One way street,30,T-junction,Give-way sign,No physical crossing facility,Lights lit,Fine,Dry,None,None,1,1,Passenger,M,17,Slight,Not pedestrian,None,None,1,Motorcycle,Going ahead,N,No,Y,N,N,Unknown,M,-1,NA,NA,NA