Accident_Index,Accident_Severity,Number_of_Vehicles,Number_of_Casualties,Date,Day_of_Week,Time,Road_Type,Speed_Limit,Junction_Detail,Junction_Control,Pedestrian_Crossing_Type,Light_Conditions,Weather_Conditions,Road_Surface_Conditions,Special_Conditions_at_Site,Road_Hazards,Vehicle_Reference.x,Casualty_Reference,Casualty_Class,Sex_of_Casualty,Age_of_Casualty,Casualty_Severity,Pedestrian_Location,Car_Passenger,Bus_or_Coach_Passenger,Vehicle_Reference.y,Vehicle_Type,Vehicle_Manoeuvre,Vehicle_in_Restricted_Lane,Skidding_and_Overturning,Hit_Object_on_Road,Vehicle_veer_off_Road,Hit_Object_off_Road,Journey_Purpose_of_Driver,Sex_of_Driver,Age_of_Driver,Engine_Capacity_CC,Engine_Type,Age_of_Vehicle
200501EO41140,Slight,2,1,13/10/2005,Thursday,22:00,Single motorway,30,Crossroad,Give-way sign,Zebra crossing,Lights lit,Fine,Dry,None,None,1,1,Driver,M,57,Slight,Not pedestrian,None,None,1,Car,Halting,N,No,N,N,N,Unknown,M,57,NA,NA,NA
200501EO41140,Slight,2,1,13/10/2005,Thursday,22:00,Single motorway,30,Crossroad,Give-way sign,Zebra crossing,Lights lit,Fine,Dry,None,None,1,1,Driver,M,57,Slight,Not pedestrian,None,None,2,Car,Going ahead,N,No,N,N,N,Unknown,M,53,1998,Petrol,11
200501EO41141,Slight,2,1,17/10/2005,Monday,19:05,Single motorway,30,T-junction,Give-way sign,No physical crossing facility,Daylight,Fine,Dry,None,None,1,1,Driver,M,50,Slight,Not pedestrian,None,None,1,Motorcycle,Overtaking,N,No,N,N,N,Unknown,M,50,49,Petrol,1
200501EO41141,Slight,2,1,17/10/2005,Monday,19:05,Single motorway,30,T-junction,Give-way sign,No physical crossing facility,Daylight,Fine,Dry,None,None,1,1,Driver,M,50,Slight,Not pedestrian,None,None,2,Car,Parking,N,No,N,N,N,Unknown,M,-1,1998,Petrol,7
200501EO41142,Slight,2,1,12/10/2005,Wednesday,13:10,Single motorway,30,Not at junction,NA,No physical crossing facility,Daylight,Fine,Dry,None,None,2,1,Driver,F,33,Slight,Not pedestrian,None,None,1,Car,Parking,N,No,N,N,N,Unknown,M,22,1298,Petrol,6
200501EO41142,Slight,2,1,12/10/2005,Wednesday,13:10,Single motorway,30,Not at junction,NA,No physical crossing facility,Daylight,Fine,Dry,None,None,2,1,Driver,F,33,Slight,Not pedestrian,None,None,2,Bicycle,Overtaking,N,No,N,N,N,Unknown,F,33,NA,NA,NA
200501EO41143,Slight,1,1,14/10/2005,Friday,14:10,One way street,30,More than 4 sections,Traffic light,No physical crossing facility,Daylight,Fine,Dry,None,None,1,1,Pedestrian,M,26,Slight,Elsewhere,None,None,1,Car,Going ahead,N,No,N,N,N,Unknown,M,52,NA,NA,NA
200501EO41144,Slight,2,1,12/10/2005,Wednesday,17:00,Single motorway,30,T-junction,Give-way sign,No physical crossing facility,Daylight,Rain,Wet,None,None,1,1,Driver,M,21,Slight,Not pedestrian,None,None,1,Motorcycle,Going ahead,N,No,N,N,N,Unknown,M,21,NA,NA,NA
200501EO41144,Slight,2,1,12/10/2005,Wednesday,17:00,Single motorway,30,T-junction,Give-way sign,No physical crossing facility,Daylight,Rain,Wet,None,None,1,1,Driver,M,21,Slight,Not pedestrian,None,None,2,Goods Van,Overtaking,N,No,N,N,N,Unknown,M,23,1997,Petrol,7
200501EO41145,Slight,1,1,15/10/2005,Saturday,19:20,Single motorway,30,Not at junction,NA,No physical crossing facility,Lights lit,Fine,Dry,None,None,1,1,Pedestrian,M,15,Slight,Elsewhere,None,None,1,Car,Going ahead,N,No,N,N,N,Unknown,M,63,1769,Petrol,1
200501EO41146,Slight,1,1,17/10/2005,Monday,10:00,Single motorway,30,T-junction,Give-way sign,No physical crossing facility,Daylight,Fine,Dry,None,None,1,1,Pedestrian,M,15,Slight,Elsewhere,None,None,1,Car,Going ahead,N,No,N,N,N,Unknown,NA,-1,NA,NA,NA
200501EO41147,Serious,2,1,18/10/2005,Tuesday,19:28,Single motorway,30,Crossroad,Traffic light,Traffic light,Lights lit,Rain,Wet,None,None,2,1,Driver,M,40,Serious,Not pedestrian,None,None,1,Car,Waiting to/Turning left,N,No,N,N,N,Unknown,M,53,2179,Heavy oil,3
200501EO41147,Serious,2,1,18/10/2005,Tuesday,19:28,Single motorway,30,Crossroad,Traffic light,Traffic light,Lights lit,Rain,Wet,None,None,2,1,Driver,M,40,Serious,Not pedestrian,None,None,2,Bicycle,Going ahead,N,No,N,N,N,Unknown,M,40,NA,NA,NA
200501EO41148,Slight,1,1,22/10/2005,Saturday,1:29,Single motorway,30,Not at junction,NA,No physical crossing facility,Lights lit,Fine,Dry,None,None,1,1,Pedestrian,M,16,Slight,Elsewhere,None,None,1,Unknown,Going ahead,N,No,N,N,N,Unknown,NA,-1,NA,NA,NA
200501EO41149,Slight,2,1,15/10/2005,Saturday,10:50,Dual motorway ,30,Crossroad,Traffic light,No physical crossing facility,Daylight,Fine,Dry,None,None,1,1,Driver,M,28,Slight,Not pedestrian,None,None,1,Motorcycle,Halting,N,No,N,N,N,Unknown,M,28,125,Petrol,2
200501EO41149,Slight,2,1,15/10/2005,Saturday,10:50,Dual motorway ,30,Crossroad,Traffic light,No physical crossing facility,Daylight,Fine,Dry,None,None,1,1,Driver,M,28,Slight,Not pedestrian,None,None,2,Car,Halting,N,No,N,N,N,Unknown,M,56,1998,Petrol,14
200501EO41150,Slight,3,1,19/10/2005,Wednesday,16:00,Dual motorway ,30,Unknown,Give-way sign,Non-junction pedestrian light crossing,Daylight,Fine,Wet,None,None,3,1,Passenger,F,5,Slight,Not pedestrian,Front seat,None,1,Car,Waiting to/Turning right,N,No,N,N,N,Unknown,M,35,1781,Petrol,5
200501EO41150,Slight,3,1,19/10/2005,Wednesday,16:00,Dual motorway ,30,Unknown,Give-way sign,Non-junction pedestrian light crossing,Daylight,Fine,Wet,None,None,3,1,Passenger,F,5,Slight,Not pedestrian,Front seat,None,2,Car,Waiting to/Turning right,N,No,N,N,N,Unknown,M,45,NA,NA,NA
200501EO41150,Slight,3,1,19/10/2005,Wednesday,16:00,Dual motorway ,30,Unknown,Give-way sign,Non-junction pedestrian light crossing,Daylight,Fine,Wet,None,None,3,1,Passenger,F,5,Slight,Not pedestrian,Front seat,None,3,Car,Waiting to/Turning right,N,Skid,N,N,N,Unknown,M,-1,2198,Petrol,6
200501EO41151,Slight,2,1,20/8/2005,Saturday,8:45,Single motorway,30,Crossroad,Traffic light,Traffic light,Daylight,Fine,Dry,None,None,1,1,Driver,M,-1,Slight,Not pedestrian,None,None,1,Bicycle,Going ahead,N,No,N,N,N,Unknown,M,-1,NA,NA,NA
200501EO41151,Slight,2,1,20/8/2005,Saturday,8:45,Single motorway,30,Crossroad,Traffic light,Traffic light,Daylight,Fine,Dry,None,None,1,1,Driver,M,-1,Slight,Not pedestrian,None,None,2,Goods Van,Changing lane,N,No,N,N,N,Unknown,NA,-1,2402,Heavy oil,NA
200501EO41153,Serious,1,1,22/10/2005,Saturday,5:35,Single motorway,30,Not at junction,NA,No physical crossing facility,Daylight,Fine,Dry,None,None,1,1,Pedestrian,M,58,Serious,Elsewhere,None,None,1,Motorcycle,Going ahead,N,No,N,N,N,Unknown,M,36,100,Petrol,6
200501EO41154,Slight,1,1,9/8/2005,Tuesday,8:50,Single motorway,30,Not at junction,NA,No physical crossing facility,Daylight,Fine,Dry,None,None,1,1,Pedestrian,F,27,Slight,Elsewhere,None,None,1,Goods Van,Going ahead,N,No,N,N,N,Unknown,M,43,1910,Heavy oil,2
200501EO41155,Slight,1,1,12/9/2005,Monday,18:00,Single motorway,30,Crossroad,Traffic light,No physical crossing facility,Daylight,Fine,Dry,None,None,1,1,Passenger,F,41,Slight,Not pedestrian,None,Standing,1,Bus/Coach,Halting,N,No,N,N,N,Job,M,60,8268,Heavy oil,2
200501EO41156,Slight,2,1,17/10/2005,Monday,12:36,Single motorway,30,Crossroad,Traffic light,No physical crossing facility,Daylight,Fine,Dry,None,None,1,1,Driver,M,-1,Slight,Not pedestrian,None,None,1,Bicycle,Going ahead,N,Skid,N,N,N,Unknown,M,-1,NA,NA,NA
200501EO41156,Slight,2,1,17/10/2005,Monday,12:36,Single motorway,30,Crossroad,Traffic light,No physical crossing facility,Daylight,Fine,Dry,None,None,1,1,Driver,M,-1,Slight,Not pedestrian,None,None,2,Goods Van,Parking,N,No,N,N,N,Unknown,M,-1,2283,Heavy oil,10
200501EO41157,Slight,2,1,19/10/2005,Wednesday,7:52,Single motorway,30,T-junction,Give-way sign,No physical crossing facility,Daylight,Fine,Dry,None,None,1,1,Driver,M,47,Slight,Not pedestrian,None,None,1,Motorcycle,Overtaking,N,Skid,N,N,N,Unknown,M,47,NA,NA,NA
200501EO41157,Slight,2,1,19/10/2005,Wednesday,7:52,Single motorway,30,T-junction,Give-way sign,No physical crossing facility,Daylight,Fine,Dry,None,None,1,1,Driver,M,47,Slight,Not pedestrian,None,None,2,Car,Waiting to/Turning right,N,No,N,N,N,Unknown,M,27,1997,Petrol,5
200501EO41158,Slight,2,1,17/10/2005,Monday,6:15,Single motorway,30,Private entrance,Give-way sign,No physical crossing facility,Lights lit,Fog,Wet,None,None,2,1,Driver,M,39,Slight,Not pedestrian,None,None,1,Goods Van,Waiting to/Turning right,N,No,N,N,N,Unknown,M,60,NA,NA,NA
200501EO41158,Slight,2,1,17/10/2005,Monday,6:15,Single motorway,30,Private entrance,Give-way sign,No physical crossing facility,Lights lit,Fog,Wet,None,None,2,1,Driver,M,39,Slight,Not pedestrian,None,None,2,Bicycle,Going ahead,N,No,N,N,N,Unknown,M,39,NA,NA,NA
200501EO41159,Slight,2,1,17/10/2005,Monday,14:59,Single motorway,30,Crossroad,Traffic light,Traffic light,Daylight,Fine,Dry,None,None,2,1,Driver,M,52,Slight,Not pedestrian,None,None,1,Car,Waiting to/Turning left,N,No,N,N,N,Unknown,F,29,1798,Petrol,2
200501EO41159,Slight,2,1,17/10/2005,Monday,14:59,Single motorway,30,Crossroad,Traffic light,Traffic light,Daylight,Fine,Dry,None,None,2,1,Driver,M,52,Slight,Not pedestrian,None,None,2,Bicycle,Going ahead,N,No,N,N,N,Unknown,M,52,NA,NA,NA
200501EO41160,Serious,2,1,14/10/2005,Friday,13:30,Single motorway,30,Not at junction,NA,No physical crossing facility,Daylight,Fine,Dry,None,None,1,1,Passenger,F,70,Serious,Not pedestrian,Front seat,None,1,Car,Going ahead,N,No,N,N,N,Unknown,M,76,1797,Petrol,14
200501EO41160,Serious,2,1,14/10/2005,Friday,13:30,Single motorway,30,Not at junction,NA,No physical crossing facility,Daylight,Fine,Dry,None,None,1,1,Passenger,F,70,Serious,Not pedestrian,Front seat,None,2,Car,Changing lane,N,No,N,N,N,Unknown,M,42,NA,NA,NA
200501EO41161,Slight,2,1,13/10/2005,Thursday,22:34,Dual motorway ,40,Crossroad,Traffic light,No physical crossing facility,Lights lit,Fine,Dry,None,None,2,1,Driver,M,16,Slight,Not pedestrian,None,None,1,Car,Going ahead,N,Skid,N,N,N,Unknown,M,37,NA,NA,NA
200501EO41161,Slight,2,1,13/10/2005,Thursday,22:34,Dual motorway ,40,Crossroad,Traffic light,No physical crossing facility,Lights lit,Fine,Dry,None,None,2,1,Driver,M,16,Slight,Not pedestrian,None,None,2,Bicycle,Going ahead,N,Skid,N,N,N,Unknown,M,16,NA,NA,NA
200501EO41162,Slight,2,1,19/10/2005,Wednesday,16:51,Single motorway,30,T-junction,Traffic light,Traffic light,Daylight,Fine,Dry,None,None,1,1,Driver,M,39,Slight,Not pedestrian,None,None,1,Car,Waiting to/Turning right,N,No,N,N,N,Unknown,M,39,NA,NA,NA
200501EO41162,Slight,2,1,19/10/2005,Wednesday,16:51,Single motorway,30,T-junction,Traffic light,Traffic light,Daylight,Fine,Dry,None,None,1,1,Driver,M,39,Slight,Not pedestrian,None,None,2,Car,Going ahead,N,No,N,N,N,Unknown,M,32,NA,NA,NA
200501EO41163,Slight,1,1,18/8/2005,Thursday,9:40,Single motorway,30,Not at junction,NA,No physical crossing facility,Daylight,Fine,Dry,None,None,1,1,Pedestrian,M,32,Slight,Sidewalk,None,None,1,Bus/Coach,Going ahead,N,No,Y,N,N,Job,M,-1,NA,Heavy oil,6
200501EO41164,Slight,3,1,18/10/2005,Tuesday,22:18,Single motorway,30,T-junction,Give-way sign,No physical crossing facility,Lights lit,Fine,Dry,None,None,1,1,Driver,M,30,Slight,Not pedestrian,None,None,1,Motorcycle,Changing lane,N,Skid,N,N,N,Unknown,M,30,781,Petrol,3
200501EO41164,Slight,3,1,18/10/2005,Tuesday,22:18,Single motorway,30,T-junction,Give-way sign,No physical crossing facility,Lights lit,Fine,Dry,None,None,1,1,Driver,M,30,Slight,Not pedestrian,None,None,2,Car,Changing lane,N,No,N,N,N,Unknown,M,35,1796,Petrol,5
200501EO41164,Slight,3,1,18/10/2005,Tuesday,22:18,Single motorway,30,T-junction,Give-way sign,No physical crossing facility,Lights lit,Fine,Dry,None,None,1,1,Driver,M,30,Slight,Not pedestrian,None,None,3,Car,Parking,N,No,N,N,N,Unknown,F,35,1998,Petrol,4
200501EO41165,Serious,1,1,9/6/2005,Thursday,0:06,Roundabout,30,Roundabout,Traffic light,Traffic light,Lights lit,Fine,Dry,None,None,1,1,Driver,M,27,Serious,Not pedestrian,None,None,1,Motorcycle,Going ahead,N,No,Y,N,N,Unknown,M,27,599,Petrol,5
200501EO41166,Slight,2,1,18/10/2005,Tuesday,16:45,Single motorway,30,Crossroad,Traffic light,Traffic light,Daylight,Fine,Dry,None,None,1,1,Driver,F,32,Slight,Not pedestrian,None,None,1,Bicycle,Going ahead,N,No,N,N,N,Unknown,F,32,NA,NA,NA
200501EO41166,Slight,2,1,18/10/2005,Tuesday,16:45,Single motorway,30,Crossroad,Traffic light,Traffic light,Daylight,Fine,Dry,None,None,1,1,Driver,F,32,Slight,Not pedestrian,None,None,2,Car,Waiting to/Turning left,N,No,N,N,N,Unknown,M,38,NA,NA,NA
200501EO41167,Slight,2,1,15/10/2005,Saturday,0:30,Single motorway,30,Not at junction,NA,No physical crossing facility,Lights lit,Fine,Dry,None,None,2,1,Driver,M,32,Slight,Not pedestrian,None,None,1,Car,Going ahead,N,No,N,N,N,Unknown,M,18,2295,Petrol,7
200501EO41167,Slight,2,1,15/10/2005,Saturday,0:30,Single motorway,30,Not at junction,NA,No physical crossing facility,Lights lit,Fine,Dry,None,None,2,1,Driver,M,32,Slight,Not pedestrian,None,None,2,Bicycle,Changing lane,N,No,N,N,N,Unknown,M,32,NA,NA,NA
200501EO41168,Slight,2,1,18/10/2005,Tuesday,15:08,Single motorway,30,Crossroad,Traffic light,Traffic light,Daylight,Fine,Dry,None,None,2,1,Driver,M,25,Slight,Not pedestrian,None,None,1,Car,Going ahead,N,No,N,N,N,Unknown,M,27,1598,Petrol,7
200501EO41168,Slight,2,1,18/10/2005,Tuesday,15:08,Single motorway,30,Crossroad,Traffic light,Traffic light,Daylight,Fine,Dry,None,None,2,1,Driver,M,25,Slight,Not pedestrian,None,None,2,Bicycle,Waiting to/Turning right,N,No,N,N,N,Unknown,M,25,NA,NA,NA
200501EO41169,Slight,2,1,19/10/2005,Wednesday,15:54,Single motorway,30,T-junction,Traffic light,Traffic light,Daylight,Fine,Dry,None,None,2,1,Driver,M,34,Slight,Not pedestrian,None,None,1,Bus/Coach,Going ahead,N,No,N,N,N,Job,M,36,8268,Heavy oil,3
200501EO41169,Slight,2,1,19/10/2005,Wednesday,15:54,Single motorway,30,T-junction,Traffic light,Traffic light,Daylight,Fine,Dry,None,None,2,1,Driver,M,34,Slight,Not pedestrian,None,None,2,Bicycle,Waiting to/Turning left,N,No,N,N,N,Unknown,M,34,NA,NA,NA
200501EO41170,Slight,2,1,19/10/2005,Wednesday,18:19,Single motorway,30,T-junction,Give-way sign,No physical crossing facility,Lights lit,Rain,Wet,None,None,2,1,Driver,F,26,Slight,Not pedestrian,None,None,1,Car,Waiting to/Turning left,N,No,N,N,N,Unknown,M,39,NA,NA,NA
200501EO41170,Slight,2,1,19/10/2005,Wednesday,18:19,Single motorway,30,T-junction,Give-way sign,No physical crossing facility,Lights lit,Rain,Wet,None,None,2,1,Driver,F,26,Slight,Not pedestrian,None,None,2,Bicycle,Going ahead,N,No,N,N,N,Unknown,F,26,NA,NA,NA
200501EO41171,Slight,2,1,18/10/2005,Tuesday,8:58,Single motorway,30,T-junction,Give-way sign,Zebra crossing,Daylight,Fine,Dry,None,None,1,1,Driver,F,23,Slight,Not pedestrian,None,None,1,Motorcycle,Going ahead,N,No,N,N,N,Unknown,F,23,124,Petrol,4
200501EO41171,Slight,2,1,18/10/2005,Tuesday,8:58,Single motorway,30,T-junction,Give-way sign,Zebra crossing,Daylight,Fine,Dry,None,None,1,1,Driver,F,23,Slight,Not pedestrian,None,None,2,Car,Waiting to/Turning right,N,No,N,N,N,Unknown,M,31,2999,Heavy oil,4
200501EO41172,Slight,2,1,22/10/2005,Saturday,13:30,Dual motorway ,30,Not at junction,NA,No physical crossing facility,Daylight,Fine,Dry,None,None,2,1,Passenger,F,12,Slight,Not pedestrian,Front seat,None,1,Car,Going ahead,N,No,N,N,N,Unknown,M,27,NA,NA,NA
200501EO41172,Slight,2,1,22/10/2005,Saturday,13:30,Dual motorway ,30,Not at junction,NA,No physical crossing facility,Daylight,Fine,Dry,None,None,2,1,Passenger,F,12,Slight,Not pedestrian,Front seat,None,2,Car,Going ahead,N,No,N,N,N,Unknown,M,43,NA,NA,NA
200501EO41173,Slight,2,1,14/10/2005,Friday,3:08,Single motorway,30,Crossroad,Traffic light,Traffic light,Lights lit,Fine,Dry,None,None,2,1,Driver,M,22,Slight,Not pedestrian,None,None,1,Car,Going ahead,N,No,N,N,N,Unknown,M,54,NA,NA,NA
200501EO41173,Slight,2,1,14/10/2005,Friday,3:08,Single motorway,30,Crossroad,Traffic light,Traffic light,Lights lit,Fine,Dry,None,None,2,1,Driver,M,22,Slight,Not pedestrian,None,None,2,Bicycle,Going ahead,N,No,N,N,N,Unknown,M,22,NA,NA,NA
200501EO41174,Slight,1,1,8/10/2005,Saturday,13:30,Single motorway,30,Not at junction,NA,Traffic light,Daylight,Unknown,Dry,None,None,1,1,Pedestrian,M,23,Slight,Crossing on facility,None,None,1,Car,Going ahead,N,No,N,N,N,Unknown,NA,-1,NA,NA,NA
200501EO41175,Slight,1,1,23/10/2005,Sunday,19:45,Single motorway,30,Unknown,Give-way sign,No physical crossing facility,Lights lit,Fine,Dry,None,None,1,1,Pedestrian,M,28,Slight,Elsewhere,None,None,1,Car,Waiting to/Turning left,N,No,N,N,N,Unknown,M,25,NA,NA,NA
200501EO41176,Slight,1,1,24/10/2005,Monday,8:30,Single motorway,30,T-junction,Give-way sign,No physical crossing facility,Daylight,Fine,Wet,None,None,1,1,Pedestrian,F,40,Slight,Elsewhere,None,None,1,Bicycle,Going ahead,N,No,N,N,N,Unknown,M,23,NA,NA,NA
200501EO41177,Slight,2,1,23/10/2005,Sunday,15:33,Single motorway,30,Not at junction,NA,No physical crossing facility,Daylight,Fine,Dry,None,None,1,1,Passenger,F,48,Slight,Not pedestrian,None,Seated,1,Bus/Coach,Going ahead,N,No,N,N,N,Unknown,M,38,8268,Heavy oil,2
200501EO41177,Slight,2,1,23/10/2005,Sunday,15:33,Single motorway,30,Not at junction,NA,No physical crossing facility,Daylight,Fine,Dry,None,None,1,1,Passenger,F,48,Slight,Not pedestrian,None,Seated,2,Car,Parking,N,No,N,N,N,Unknown,M,-1,NA,NA,NA
200501EO41178,Slight,2,2,21/10/2005,Friday,23:05,Single motorway,30,Not at junction,NA,No physical crossing facility,Lights lit,Fine,Dry,None,None,1,1,Passenger,F,27,Slight,Not pedestrian,None,None,1,Motorcycle,Going ahead,N,Skid,N,N,N,Unknown,M,24,124,Petrol,6
200501EO41178,Slight,2,2,21/10/2005,Friday,23:05,Single motorway,30,Not at junction,NA,No physical crossing facility,Lights lit,Fine,Dry,None,None,1,1,Passenger,F,27,Slight,Not pedestrian,None,None,2,Car,Overtaking,N,No,N,N,N,Unknown,M,-1,NA,NA,NA
200501EO41178,Slight,2,2,21/10/2005,Friday,23:05,Single motorway,30,Not at junction,NA,No physical crossing facility,Lights lit,Fine,Dry,None,None,1,2,Driver,M,24,Slight,Not pedestrian,None,None,1,Motorcycle,Going ahead,N,Skid,N,N,N,Unknown,M,24,124,Petrol,6
200501EO41178,Slight,2,2,21/10/2005,Friday,23:05,Single motorway,30,Not at junction,NA,No physical crossing facility,Lights lit,Fine,Dry,None,None,1,2,Driver,M,24,Slight,Not pedestrian,None,None,2,Car,Overtaking,N,No,N,N,N,Unknown,M,-1,NA,NA,NA
200501EO41179,Slight,2,1,24/10/2005,Monday,20:56,Single motorway,30,T-junction,Give-way sign,No physical crossing facility,Lights lit,Rain,Wet,None,None,2,1,Driver,F,26,Slight,Not pedestrian,None,None,1,Car,Waiting to/Turning right,Y,No,N,N,N,Unknown,M,41,1988,Petrol,8
200501EO41179,Slight,2,1,24/10/2005,Monday,20:56,Single motorway,30,T-junction,Give-way sign,No physical crossing facility,Lights lit,Rain,Wet,None,None,2,1,Driver,F,26,Slight,Not pedestrian,None,None,2,Bicycle,Going ahead,N,No,N,N,N,Unknown,F,26,NA,NA,NA
200501EO41180,Slight,1,1,21/10/2005,Friday,10:05,Single motorway,30,Crossroad,Give-way sign,No physical crossing facility,Daylight,Rain,Wet,None,None,1,1,Pedestrian,F,60,Slight,Elsewhere,None,None,1,Car,Going ahead,N,No,N,N,N,Unknown,M,29,NA,NA,NA
200501EO41181,Slight,2,1,20/10/2005,Thursday,17:30,Single motorway,30,Crossroad,Give-way sign,Zebra crossing,Lights lit,Rain,Wet,None,None,2,1,Passenger,M,18,Slight,Not pedestrian,None,None,1,Goods Van,Waiting to/Turning left,N,No,N,N,N,Job,M,31,12130,Heavy oil,1
200501EO41181,Slight,2,1,20/10/2005,Thursday,17:30,Single motorway,30,Crossroad,Give-way sign,Zebra crossing,Lights lit,Rain,Wet,None,None,2,1,Passenger,M,18,Slight,Not pedestrian,None,None,2,Goods Van,Waiting,N,No,N,N,N,Unknown,M,56,NA,NA,NA
200501EO41182,Slight,2,1,12/10/2005,Wednesday,14:25,Single motorway,30,Crossroad,Give-way sign,Zebra crossing,Daylight,Rain,Wet,None,None,1,1,Driver,M,18,Slight,Not pedestrian,None,None,1,Bicycle,Going ahead,N,No,N,N,N,Unknown,M,18,NA,NA,NA
200501EO41182,Slight,2,1,12/10/2005,Wednesday,14:25,Single motorway,30,Crossroad,Give-way sign,Zebra crossing,Daylight,Rain,Wet,None,None,1,1,Driver,M,18,Slight,Not pedestrian,None,None,2,Car,Waiting to/Turning left,N,No,N,N,N,Unknown,M,-1,NA,NA,NA
200501EO41183,Serious,1,1,13/10/2005,Thursday,16:43,Dual motorway ,30,T-junction,Traffic light,No physical crossing facility,Daylight,Fine,Dry,None,None,1,1,Pedestrian,F,28,Serious,Sidewalk,None,None,1,Bus/Coach,Halting,N,No,N,N,N,Job,M,37,9200,Petrol,NA
200501EO41184,Slight,2,1,21/10/2005,Friday,16:03,Single motorway,30,Crossroad,Give-way sign,Zebra crossing,Daylight,Fine,Dry,None,None,1,1,Driver,M,26,Slight,Not pedestrian,None,None,1,Motorcycle,Going ahead,N,No,N,N,N,Unknown,M,26,599,Petrol,4
200501EO41184,Slight,2,1,21/10/2005,Friday,16:03,Single motorway,30,Crossroad,Give-way sign,Zebra crossing,Daylight,Fine,Dry,None,None,1,1,Driver,M,26,Slight,Not pedestrian,None,None,2,Goods Van,U-turn,N,No,N,N,N,Unknown,M,-1,2461,Heavy oil,4
200501EO41185,Slight,2,1,22/10/2005,Saturday,20:00,Single motorway,30,T-junction,Give-way sign,No physical crossing facility,Lights lit,Fine,Dry,None,None,1,1,Driver,M,71,Slight,Not pedestrian,None,None,1,Car,Going ahead,N,No,N,N,N,Unknown,M,71,1997,Petrol,15
200501EO41185,Slight,2,1,22/10/2005,Saturday,20:00,Single motorway,30,T-junction,Give-way sign,No physical crossing facility,Lights lit,Fine,Dry,None,None,1,1,Driver,M,71,Slight,Not pedestrian,None,None,2,Car,Waiting to/Turning right,N,No,N,N,N,Unknown,M,29,1762,Petrol,8
200501EO41186,Slight,2,1,26/10/2005,Wednesday,13:10,Single motorway,30,T-junction,Give-way sign,Zebra crossing,Daylight,Fine,Dry,None,None,1,1,Driver,M,41,Slight,Not pedestrian,None,None,1,Car,Waiting,N,No,N,N,N,Unknown,M,41,1242,Petrol,2
200501EO41186,Slight,2,1,26/10/2005,Wednesday,13:10,Single motorway,30,T-junction,Give-way sign,Zebra crossing,Daylight,Fine,Dry,None,None,1,1,Driver,M,41,Slight,Not pedestrian,None,None,2,Car,Going ahead,N,No,N,N,N,Unknown,M,29,NA,NA,NA
200501EO41187,Slight,3,1,24/10/2005,Monday,8:15,Single motorway,30,T-junction,Give-way sign,Zebra crossing,Daylight,Rain,Wet,None,None,1,1,Driver,F,21,Slight,Not pedestrian,None,None,1,Car,Waiting,N,No,N,N,N,Unknown,F,21,NA,NA,NA
200501EO41187,Slight,3,1,24/10/2005,Monday,8:15,Single motorway,30,T-junction,Give-way sign,Zebra crossing,Daylight,Rain,Wet,None,None,1,1,Driver,F,21,Slight,Not pedestrian,None,None,2,Car,Going ahead,N,No,N,N,N,Unknown,M,53,NA,NA,NA
200501EO41187,Slight,3,1,24/10/2005,Monday,8:15,Single motorway,30,T-junction,Give-way sign,Zebra crossing,Daylight,Rain,Wet,None,None,1,1,Driver,F,21,Slight,Not pedestrian,None,None,3,Car,Waiting,N,No,N,N,N,Unknown,M,49,NA,NA,NA
200501EO41188,Serious,2,1,26/7/2005,Tuesday,14:25,One way street,30,Unknown,Give-way sign,No physical crossing facility,Daylight,Fine,Dry,None,None,1,1,Driver,M,40,Serious,Not pedestrian,None,None,1,Motorcycle,Going ahead,N,No,N,N,N,Unknown,M,40,955,Petrol,3
200501EO41188,Serious,2,1,26/7/2005,Tuesday,14:25,One way street,30,Unknown,Give-way sign,No physical crossing facility,Daylight,Fine,Dry,None,None,1,1,Driver,M,40,Serious,Not pedestrian,None,None,2,Goods Van,Waiting to/Turning right,N,No,N,N,N,Unknown,M,31,NA,NA,NA
200501EO41189,Slight,1,2,26/10/2005,Wednesday,17:40,One way street,30,Not at junction,NA,Traffic light,Lights lit,Fine,Dry,None,None,1,1,Driver,M,31,Slight,Not pedestrian,None,None,1,Motorcycle,Going ahead,N,No,N,N,N,Unknown,M,31,400,Petrol,14
200501EO41189,Slight,1,2,26/10/2005,Wednesday,17:40,One way street,30,Not at junction,NA,Traffic light,Lights lit,Fine,Dry,None,None,1,2,Pedestrian,F,23,Slight,Crossing within 50m of facility,None,None,1,Motorcycle,Going ahead,N,No,N,N,N,Unknown,M,31,400,Petrol,14
200501EO41190,Slight,2,1,11/10/2005,Tuesday,10:50,Single motorway,30,T-junction,Give-way sign,Non-junction pedestrian light crossing,Daylight,Fine,Dry,None,None,2,1,Driver,F,-1,Slight,Not pedestrian,None,None,1,Car,Moving off,N,No,N,N,N,Unknown,M,59,1781,Petrol,12
200501EO41190,Slight,2,1,11/10/2005,Tuesday,10:50,Single motorway,30,T-junction,Give-way sign,Non-junction pedestrian light crossing,Daylight,Fine,Dry,None,None,2,1,Driver,F,-1,Slight,Not pedestrian,None,None,2,Car,Waiting,N,No,N,N,N,Unknown,F,-1,1390,Petrol,2