Accident_Index,Accident_Severity,Number_of_Vehicles,Number_of_Casualties,Date,Day_of_Week,Time,Road_Type,Speed_Limit,Junction_Detail,Junction_Control,Pedestrian_Crossing_Type,Light_Conditions,Weather_Conditions,Road_Surface_Conditions,Special_Conditions_at_Site,Road_Hazards,Vehicle_Reference.x,Casualty_Reference,Casualty_Class,Sex_of_Casualty,Age_of_Casualty,Casualty_Severity,Pedestrian_Location,Car_Passenger,Bus_or_Coach_Passenger,Vehicle_Reference.y,Vehicle_Type,Vehicle_Manoeuvre,Vehicle_in_Restricted_Lane,Skidding_and_Overturning,Hit_Object_on_Road,Vehicle_veer_off_Road,Hit_Object_off_Road,Journey_Purpose_of_Driver,Sex_of_Driver,Age_of_Driver,Engine_Capacity_CC,Engine_Type,Age_of_Vehicle
200501EO41191,Slight,2,1,1/11/2005,Tuesday,19:48,Single motorway,30,Crossroad,Traffic light,Traffic light,Lights lit,Fine,Dry,None,None,1,1,Driver,M,23,Slight,Not pedestrian,None,None,1,Bicycle,Going ahead,N,No,N,N,N,Unknown,M,23,NA,NA,NA
200501EO41191,Slight,2,1,1/11/2005,Tuesday,19:48,Single motorway,30,Crossroad,Traffic light,Traffic light,Lights lit,Fine,Dry,None,None,1,1,Driver,M,23,Slight,Not pedestrian,None,None,2,Car,Changing lane,N,No,N,N,N,Unknown,M,30,NA,NA,NA
200501EO41192,Slight,1,1,26/10/2005,Wednesday,15:45,Dual motorway ,30,Not at junction,NA,Traffic light,Daylight,Fine,Dry,None,None,1,1,Passenger,F,22,Slight,Not pedestrian,None,Alighting,1,Bus/Coach,Going ahead,N,No,N,N,N,Job,M,29,NA,NA,NA
200501EO41193,Slight,1,1,28/10/2005,Friday,19:39,Single motorway,30,Crossroad,Traffic light,Traffic light,Lights lit,Fine,Dry,None,None,1,1,Pedestrian,M,25,Slight,Crossing on facility,None,None,1,Car,Going ahead,N,No,N,N,N,Unknown,M,34,1388,Petrol,8
200501EO41195,Slight,1,1,27/10/2005,Thursday,16:47,Dual motorway ,30,Crossroad,Traffic light,No physical crossing facility,Daylight,Fine,Dry,None,None,1,1,Pedestrian,F,27,Slight,Elsewhere,None,None,1,Motorcycle,Overtaking,N,No,N,N,N,Unknown,M,25,NA,NA,NA
200501EO41196,Slight,1,2,28/10/2005,Friday,11:50,Single motorway,30,Not at junction,NA,No physical crossing facility,Daylight,Rain,Wet,None,None,1,1,Driver,M,24,Slight,Not pedestrian,None,None,1,Motorcycle,Overtaking,N,No,N,N,N,Unknown,M,24,647,Petrol,8
200501EO41196,Slight,1,2,28/10/2005,Friday,11:50,Single motorway,30,Not at junction,NA,No physical crossing facility,Daylight,Rain,Wet,None,None,1,2,Pedestrian,M,-1,Slight,Elsewhere,None,None,1,Motorcycle,Overtaking,N,No,N,N,N,Unknown,M,24,647,Petrol,8
200501EO41197,Slight,1,1,16/10/2005,Sunday,2:10,One way street,30,More than 4 sections,Traffic light,Traffic light,Lights lit,Fine,Dry,None,None,1,1,Pedestrian,F,21,Slight,Crossing on facility,None,None,1,Car,Going ahead,N,No,N,N,N,Unknown,NA,-1,1896,Heavy oil,3
200501EO41198,Slight,2,2,28/10/2005,Friday,9:00,Single motorway,30,T-junction,Give-way sign,No physical crossing facility,Daylight,Fine,Dry,None,None,2,1,Driver,M,38,Slight,Not pedestrian,None,None,1,Car,Waiting to/Turning right,N,No,N,N,N,Unknown,M,58,1905,Heavy oil,7
200501EO41198,Slight,2,2,28/10/2005,Friday,9:00,Single motorway,30,T-junction,Give-way sign,No physical crossing facility,Daylight,Fine,Dry,None,None,2,1,Driver,M,38,Slight,Not pedestrian,None,None,2,Motorcycle,Going ahead,N,No,N,N,N,Unknown,M,38,NA,NA,NA
200501EO41198,Slight,2,2,28/10/2005,Friday,9:00,Single motorway,30,T-junction,Give-way sign,No physical crossing facility,Daylight,Fine,Dry,None,None,2,2,Passenger,F,-1,Slight,Not pedestrian,None,None,1,Car,Waiting to/Turning right,N,No,N,N,N,Unknown,M,58,1905,Heavy oil,7
200501EO41198,Slight,2,2,28/10/2005,Friday,9:00,Single motorway,30,T-junction,Give-way sign,No physical crossing facility,Daylight,Fine,Dry,None,None,2,2,Passenger,F,-1,Slight,Not pedestrian,None,None,2,Motorcycle,Going ahead,N,No,N,N,N,Unknown,M,38,NA,NA,NA
200501EO41199,Slight,1,1,27/10/2005,Thursday,8:30,Single motorway,30,T-junction,Give-way sign,No physical crossing facility,Daylight,Fine,Dry,None,None,1,1,Driver,M,32,Slight,Not pedestrian,None,None,1,Motorcycle,Going ahead,N,No,N,N,N,Unknown,M,32,988,Petrol,4
200501EO41200,Slight,2,1,28/10/2005,Friday,18:52,Single motorway,30,Not at junction,NA,No physical crossing facility,Lights lit,Fine,Dry,None,None,2,1,Passenger,F,30,Slight,Not pedestrian,Front seat,None,1,Car,Going ahead,N,No,N,N,N,Unknown,M,37,2946,Petrol,7
200501EO41200,Slight,2,1,28/10/2005,Friday,18:52,Single motorway,30,Not at junction,NA,No physical crossing facility,Lights lit,Fine,Dry,None,None,2,1,Passenger,F,30,Slight,Not pedestrian,Front seat,None,2,Car,Waiting,N,No,N,N,N,Unknown,F,36,1398,Petrol,NA
200501EO41201,Slight,2,1,30/10/2005,Sunday,19:10,Single motorway,30,Crossroad,Give-way sign,No physical crossing facility,Lights lit,Fine,Dry,None,None,1,1,Driver,M,17,Slight,Not pedestrian,None,None,1,Motorcycle,Going ahead,N,Skid,N,N,N,Unknown,M,17,124,Petrol,5
200501EO41201,Slight,2,1,30/10/2005,Sunday,19:10,Single motorway,30,Crossroad,Give-way sign,No physical crossing facility,Lights lit,Fine,Dry,None,None,1,1,Driver,M,17,Slight,Not pedestrian,None,None,2,Car,Going ahead,N,No,N,N,N,Unknown,M,47,1952,Heavy oil,16
200501EO41202,Serious,2,1,20/10/2005,Thursday,17:00,Single motorway,30,T-junction,Traffic light,Traffic light,Daylight,Fine,Dry,None,None,1,1,Driver,M,61,Serious,Not pedestrian,None,None,1,Bicycle,Waiting to/Turning right,N,No,N,N,N,Unknown,M,61,NA,NA,NA
200501EO41202,Serious,2,1,20/10/2005,Thursday,17:00,Single motorway,30,T-junction,Traffic light,Traffic light,Daylight,Fine,Dry,None,None,1,1,Driver,M,61,Serious,Not pedestrian,None,None,2,Taxi/Grab,Going ahead,N,No,N,N,N,Unknown,NA,-1,1598,Petrol,4
200501EO41203,Slight,2,1,17/10/2005,Monday,14:38,One way street,30,T-junction,Give-way sign,Zebra crossing,Daylight,Fine,Dry,None,None,1,1,Driver,M,38,Slight,Not pedestrian,None,None,1,Car,Going ahead,N,No,N,N,N,Unknown,M,38,1600,Petrol,6
200501EO41203,Slight,2,1,17/10/2005,Monday,14:38,One way street,30,T-junction,Give-way sign,Zebra crossing,Daylight,Fine,Dry,None,None,1,1,Driver,M,38,Slight,Not pedestrian,None,None,2,Car,Halting,N,No,N,N,N,Unknown,NA,-1,NA,NA,NA
200501EO41204,Slight,2,1,24/10/2005,Monday,18:35,Single motorway,30,T-junction,Give-way sign,No physical crossing facility,Lights lit,Rain,Wet,None,None,1,1,Driver,M,27,Slight,Not pedestrian,None,None,1,Car,Changing lane,N,No,N,N,N,Unknown,M,27,NA,NA,NA
200501EO41204,Slight,2,1,24/10/2005,Monday,18:35,Single motorway,30,T-junction,Give-way sign,No physical crossing facility,Lights lit,Rain,Wet,None,None,1,1,Driver,M,27,Slight,Not pedestrian,None,None,2,Car,Changing lane,N,No,N,N,N,Unknown,M,30,NA,NA,NA
200501EO41205,Slight,2,1,20/10/2005,Thursday,18:30,Single motorway,30,Crossroad,Give-way sign,No physical crossing facility,Lights lit,Fine,Dry,None,None,1,1,Driver,M,27,Slight,Not pedestrian,None,None,1,Bicycle,Going ahead,Y,No,N,N,N,Unknown,M,27,NA,NA,NA
200501EO41205,Slight,2,1,20/10/2005,Thursday,18:30,Single motorway,30,Crossroad,Give-way sign,No physical crossing facility,Lights lit,Fine,Dry,None,None,1,1,Driver,M,27,Slight,Not pedestrian,None,None,2,Taxi/Grab,Going ahead,N,No,N,N,N,Job,M,-1,2664,Heavy oil,5
200501EO41206,Slight,2,1,29/10/2005,Saturday,12:11,Single motorway,30,T-junction,Traffic light,No physical crossing facility,Daylight,Fine,Dry,None,None,1,1,Driver,M,32,Slight,Not pedestrian,None,None,1,Bicycle,Going ahead,N,No,N,N,N,Unknown,M,32,NA,NA,NA
200501EO41206,Slight,2,1,29/10/2005,Saturday,12:11,Single motorway,30,T-junction,Traffic light,No physical crossing facility,Daylight,Fine,Dry,None,None,1,1,Driver,M,32,Slight,Not pedestrian,None,None,2,Car,Going ahead,N,No,N,N,N,Unknown,NA,-1,NA,NA,NA
200501EO41207,Slight,2,1,26/10/2005,Wednesday,10:30,Single motorway,30,Not at junction,NA,No physical crossing facility,Daylight,Fine,Dry,None,None,1,1,Driver,F,34,Slight,Not pedestrian,None,None,1,Bicycle,Going ahead,N,No,N,N,N,Unknown,F,34,NA,NA,NA
200501EO41207,Slight,2,1,26/10/2005,Wednesday,10:30,Single motorway,30,Not at junction,NA,No physical crossing facility,Daylight,Fine,Dry,None,None,1,1,Driver,F,34,Slight,Not pedestrian,None,None,2,Car,Parking,N,No,N,N,N,Unknown,M,-1,NA,NA,NA
200501EO41208,Slight,1,1,28/10/2005,Friday,15:06,Single motorway,30,T-junction,Traffic light,No physical crossing facility,Daylight,Fine,Dry,None,None,1,1,Pedestrian,M,60,Slight,Unknown,None,None,1,Motorcycle,Going ahead,N,No,N,N,N,Unknown,NA,-1,NA,NA,NA
200501EO41209,Slight,2,1,30/10/2005,Sunday,23:42,Single motorway,30,Crossroad,Traffic light,Traffic light,Lights lit,Fine,Dry,None,None,1,1,Passenger,F,56,Slight,Not pedestrian,Front seat,None,1,Car,Going ahead,N,No,N,N,N,Unknown,M,62,NA,NA,NA
200501EO41209,Slight,2,1,30/10/2005,Sunday,23:42,Single motorway,30,Crossroad,Traffic light,Traffic light,Lights lit,Fine,Dry,None,None,1,1,Passenger,F,56,Slight,Not pedestrian,Front seat,None,2,Car,Going ahead,N,No,N,N,N,Unknown,NA,-1,NA,NA,NA
200501EO41210,Slight,2,1,29/10/2005,Saturday,19:12,Single motorway,30,Not at junction,NA,No physical crossing facility,Lights lit,Fine,Dry,None,None,2,1,Driver,F,41,Slight,Not pedestrian,None,None,1,Car,Going ahead,N,No,N,N,N,Unknown,M,34,2362,Petrol,4
200501EO41210,Slight,2,1,29/10/2005,Saturday,19:12,Single motorway,30,Not at junction,NA,No physical crossing facility,Lights lit,Fine,Dry,None,None,2,1,Driver,F,41,Slight,Not pedestrian,None,None,2,Car,Halting,N,No,N,N,N,Unknown,F,41,NA,NA,NA
200501EO41211,Slight,1,1,30/10/2005,Sunday,2:40,Single motorway,30,Not at junction,NA,No physical crossing facility,Lights lit,Fine,Dry,None,None,1,1,Pedestrian,F,22,Slight,Elsewhere,None,None,1,Car,Going ahead,N,No,N,N,N,Unknown,M,53,1762,Petrol,8
200501EO41212,Slight,1,1,21/10/2005,Friday,12:20,One way street,30,Not at junction,NA,No physical crossing facility,Daylight,Fine,Dry,None,None,1,1,Pedestrian,M,-1,Slight,Unknown,None,None,1,Bus/Coach,Halting,N,No,N,N,N,Job,M,37,8268,Heavy oil,1
200501EO41213,Slight,2,1,7/11/2005,Monday,13:13,Dual motorway ,30,T-junction,Traffic light,Traffic light,Daylight,Fine,Dry,None,None,1,1,Driver,M,56,Slight,Not pedestrian,None,None,1,Car,Going ahead,N,No,N,N,N,Unknown,M,56,NA,NA,NA
200501EO41213,Slight,2,1,7/11/2005,Monday,13:13,Dual motorway ,30,T-junction,Traffic light,Traffic light,Daylight,Fine,Dry,None,None,1,1,Driver,M,56,Slight,Not pedestrian,None,None,2,Bus/Coach,Waiting to/Turning left,N,No,N,N,N,Job,M,39,6370,Heavy oil,1
200501EO41214,Slight,1,1,23/10/2005,Sunday,23:07,Single motorway,30,T-junction,Traffic light,No physical crossing facility,Lights lit,Fine,Dry,None,None,1,1,Passenger,M,32,Slight,Not pedestrian,None,Alighting,1,Bus/Coach,Halting,N,No,N,N,N,Unknown,M,31,NA,NA,NA
200501EO41215,Serious,1,1,2/11/2005,Wednesday,9:05,Single motorway,30,Crossroad,Traffic light,Traffic light,Daylight,Fine,Dry,None,None,1,1,Pedestrian,F,22,Serious,Crossing within 50m of facility,None,None,1,Car,Going ahead,N,No,N,N,N,Unknown,M,70,NA,NA,NA
200501EO41216,Slight,1,1,30/10/2005,Sunday,20:08,Single motorway,30,Not at junction,NA,No physical crossing facility,Lights lit,Fine,Dry,None,None,1,1,Passenger,M,54,Slight,Not pedestrian,None,Standing,1,Bus/Coach,Waiting,N,No,N,N,N,Unknown,M,62,7300,Heavy oil,4
200501EO41217,Slight,1,1,17/9/2005,Saturday,10:12,Single motorway,30,Private entrance,Give-way sign,No physical crossing facility,Daylight,Fine,Dry,None,None,1,1,Driver,F,39,Slight,Not pedestrian,None,None,1,Car,Waiting to/Turning right,N,No,N,N,N,Unknown,F,39,1598,Petrol,4
200501EO41218,Slight,2,1,2/11/2005,Wednesday,9:50,Single motorway,30,T-junction,Give-way sign,No physical crossing facility,Daylight,Fine,Dry,None,None,1,1,Driver,M,35,Slight,Not pedestrian,None,None,1,Motorcycle,Overtaking,N,No,N,N,N,Unknown,M,35,599,Petrol,4
200501EO41218,Slight,2,1,2/11/2005,Wednesday,9:50,Single motorway,30,T-junction,Give-way sign,No physical crossing facility,Daylight,Fine,Dry,None,None,1,1,Driver,M,35,Slight,Not pedestrian,None,None,2,Car,Waiting to/Turning right,N,No,N,N,N,Unknown,F,42,1595,Petrol,16
200501EO41219,Serious,2,1,29/10/2005,Saturday,16:50,One way street,30,T-junction,Give-way sign,No physical crossing facility,Daylight,Fine,Dry,None,None,2,1,Driver,M,26,Serious,Not pedestrian,None,None,1,Car,Parking,N,No,N,N,N,Unknown,M,24,1149,Petrol,2
200501EO41219,Serious,2,1,29/10/2005,Saturday,16:50,One way street,30,T-junction,Give-way sign,No physical crossing facility,Daylight,Fine,Dry,None,None,2,1,Driver,M,26,Serious,Not pedestrian,None,None,2,Bicycle,Overtaking,N,No,N,N,N,Unknown,M,26,NA,NA,NA
200501EO41221,Slight,2,1,25/10/2005,Tuesday,15:30,Single motorway,30,Not at junction,NA,No physical crossing facility,Daylight,Fine,Dry,None,None,1,1,Driver,F,32,Slight,Not pedestrian,None,None,1,Bicycle,Going ahead,N,No,N,N,N,Unknown,F,32,NA,NA,NA
200501EO41221,Slight,2,1,25/10/2005,Tuesday,15:30,Single motorway,30,Not at junction,NA,No physical crossing facility,Daylight,Fine,Dry,None,None,1,1,Driver,F,32,Slight,Not pedestrian,None,None,2,Goods Van,Overtaking,N,No,N,N,N,Unknown,NA,-1,NA,NA,NA
200501EO41222,Slight,2,1,26/10/2005,Wednesday,8:20,Single motorway,30,T-junction,Give-way sign,No physical crossing facility,Daylight,Fine,Dry,None,None,1,1,Driver,M,34,Slight,Not pedestrian,None,None,1,Motorcycle,Going ahead,N,No,N,N,N,Unknown,M,34,49,Petrol,1
200501EO41222,Slight,2,1,26/10/2005,Wednesday,8:20,Single motorway,30,T-junction,Give-way sign,No physical crossing facility,Daylight,Fine,Dry,None,None,1,1,Driver,M,34,Slight,Not pedestrian,None,None,2,Car,Waiting to/Turning right,N,No,N,N,N,Unknown,M,-1,NA,NA,NA
200501EO41223,Slight,2,1,29/9/2005,Thursday,22:25,Single motorway,30,T-junction,Give-way sign,No physical crossing facility,Lights lit,Fine,Dry,None,None,2,1,Driver,M,40,Slight,Not pedestrian,None,None,1,Car,Halting,N,No,N,N,N,Unknown,M,28,1995,Petrol,3
200501EO41223,Slight,2,1,29/9/2005,Thursday,22:25,Single motorway,30,T-junction,Give-way sign,No physical crossing facility,Lights lit,Fine,Dry,None,None,2,1,Driver,M,40,Slight,Not pedestrian,None,None,2,Car,Going ahead,N,No,N,N,N,Unknown,M,40,1398,Petrol,4
200501EO41224,Serious,1,1,3/11/2005,Thursday,17:48,Single motorway,30,Not at junction,NA,No physical crossing facility,Lights lit,Fine,Dry,None,None,1,1,Pedestrian,M,54,Serious,Elsewhere,None,None,1,Motorcycle,Overtaking,N,No,N,N,N,Unknown,M,17,124,Petrol,NA
200501EO41227,Slight,2,1,29/10/2005,Saturday,9:00,Single motorway,30,Crossroad,Traffic light,Traffic light,Daylight,Fine,Dry,None,None,1,1,Driver,M,24,Slight,Not pedestrian,None,None,1,Car,Waiting,N,No,N,N,N,Unknown,M,24,1998,Petrol,12
200501EO41227,Slight,2,1,29/10/2005,Saturday,9:00,Single motorway,30,Crossroad,Traffic light,Traffic light,Daylight,Fine,Dry,None,None,1,1,Driver,M,24,Slight,Not pedestrian,None,None,2,Goods Van,Going ahead,N,No,N,N,N,Unknown,M,-1,NA,NA,NA
200501EO41228,Slight,1,1,2/11/2005,Wednesday,19:15,Single motorway,30,T-junction,Give-way sign,Zebra crossing,Lights lit,Rain,Wet,Road surface defective,None,1,1,Driver,M,39,Slight,Not pedestrian,None,None,1,Motorcycle,Going ahead,N,No,N,N,N,Unknown,M,39,125,Petrol,1
200501EO41229,Serious,2,2,26/10/2005,Wednesday,12:15,Dual motorway ,30,Private entrance,Give-way sign,No physical crossing facility,Daylight,Fine,Dry,None,None,1,1,Passenger,F,35,Slight,Not pedestrian,Front seat,None,1,Car,Waiting to/Turning left,N,No,N,N,N,Unknown,M,37,2198,Petrol,4
200501EO41229,Serious,2,2,26/10/2005,Wednesday,12:15,Dual motorway ,30,Private entrance,Give-way sign,No physical crossing facility,Daylight,Fine,Dry,None,None,1,1,Passenger,F,35,Slight,Not pedestrian,Front seat,None,2,Motorcycle,Overtaking,N,No,N,N,N,Unknown,M,53,1180,Petrol,7
200501EO41229,Serious,2,2,26/10/2005,Wednesday,12:15,Dual motorway ,30,Private entrance,Give-way sign,No physical crossing facility,Daylight,Fine,Dry,None,None,1,2,Driver,M,37,Serious,Not pedestrian,None,None,1,Car,Waiting to/Turning left,N,No,N,N,N,Unknown,M,37,2198,Petrol,4
200501EO41229,Serious,2,2,26/10/2005,Wednesday,12:15,Dual motorway ,30,Private entrance,Give-way sign,No physical crossing facility,Daylight,Fine,Dry,None,None,1,2,Driver,M,37,Serious,Not pedestrian,None,None,2,Motorcycle,Overtaking,N,No,N,N,N,Unknown,M,53,1180,Petrol,7
200501EO41230,Serious,2,1,1/11/2005,Tuesday,6:50,Single motorway,30,Not at junction,NA,No physical crossing facility,Lights lit,Fine,Dry,None,None,1,1,Driver,M,38,Serious,Not pedestrian,None,None,1,Bicycle,Going ahead,N,No,N,N,N,Unknown,M,38,NA,NA,NA
200501EO41230,Serious,2,1,1/11/2005,Tuesday,6:50,Single motorway,30,Not at junction,NA,No physical crossing facility,Lights lit,Fine,Dry,None,None,1,1,Driver,M,38,Serious,Not pedestrian,None,None,2,Goods Van,U-turn,N,No,N,N,N,Unknown,M,50,NA,NA,NA
200501EO41231,Slight,1,1,28/10/2005,Friday,10:51,Single motorway,30,T-junction,Give-way sign,No physical crossing facility,Daylight,Fine,Dry,None,None,1,1,Passenger,F,30,Slight,Not pedestrian,Front seat,None,1,Car,Going ahead,N,No,N,N,N,Unknown,M,28,NA,NA,NA
200501EO41232,Slight,2,1,13/10/2005,Thursday,8:10,Single motorway,30,T-junction,Traffic light,Traffic light,Daylight,Fine,Dry,None,None,2,1,Driver,M,37,Slight,Not pedestrian,None,None,1,Car,Waiting to/Turning left,N,No,N,N,N,Unknown,M,36,NA,NA,NA
200501EO41232,Slight,2,1,13/10/2005,Thursday,8:10,Single motorway,30,T-junction,Traffic light,Traffic light,Daylight,Fine,Dry,None,None,2,1,Driver,M,37,Slight,Not pedestrian,None,None,2,Bicycle,Going ahead,N,No,N,N,N,Unknown,M,37,NA,NA,NA
200501EO41233,Slight,1,1,23/10/2005,Sunday,19:20,Single motorway,30,Crossroad,Give-way sign,Zebra crossing,Lights lit,Fine,Dry,None,None,1,1,Pedestrian,F,53,Slight,Crossing on facility,None,None,1,Car,Going ahead,N,No,N,N,N,Unknown,M,33,1397,Petrol,1
200501EO41234,Slight,1,1,24/10/2005,Monday,17:21,Single motorway,30,T-junction,Give-way sign,No physical crossing facility,Daylight,Fine,Dry,None,None,1,1,Pedestrian,M,15,Slight,Elsewhere,None,None,1,Motorcycle,Going ahead,N,No,N,N,N,Unknown,M,33,738,Petrol,3
200501EO41235,Slight,2,1,25/10/2005,Tuesday,8:05,Single motorway,30,T-junction,Traffic light,Traffic light,Daylight,Fine,Wet,None,None,1,1,Driver,F,29,Slight,Not pedestrian,None,None,1,Bicycle,Waiting to/Turning right,N,No,N,N,N,Unknown,F,29,NA,NA,NA
200501EO41235,Slight,2,1,25/10/2005,Tuesday,8:05,Single motorway,30,T-junction,Traffic light,Traffic light,Daylight,Fine,Wet,None,None,1,1,Driver,F,29,Slight,Not pedestrian,None,None,2,Motorcycle,Going ahead,N,No,N,N,N,Unknown,NA,-1,NA,NA,NA
200501EO41236,Slight,2,1,28/10/2005,Friday,20:15,Single motorway,30,Not at junction,NA,No physical crossing facility,Lights lit,Fine,Dry,None,None,1,1,Driver,M,21,Slight,Not pedestrian,None,None,1,Motorcycle,Overtaking,N,No,N,N,N,Unknown,M,21,NA,NA,NA
200501EO41236,Slight,2,1,28/10/2005,Friday,20:15,Single motorway,30,Not at junction,NA,No physical crossing facility,Lights lit,Fine,Dry,None,None,1,1,Driver,M,21,Slight,Not pedestrian,None,None,2,Car,Overtaking,N,No,N,N,N,Unknown,M,22,1396,Petrol,7
200501EO41237,Slight,2,1,28/10/2005,Friday,2:00,Single motorway,30,Crossroad,Traffic light,Traffic light,Lights lit,Fine,Dry,None,None,1,1,Driver,F,45,Slight,Not pedestrian,None,None,1,Car,Waiting,N,No,N,N,N,Unknown,F,45,NA,NA,NA
200501EO41237,Slight,2,1,28/10/2005,Friday,2:00,Single motorway,30,Crossroad,Traffic light,Traffic light,Lights lit,Fine,Dry,None,None,1,1,Driver,F,45,Slight,Not pedestrian,None,None,2,Car,Going ahead,N,No,N,N,N,Unknown,NA,-1,NA,NA,NA
200501EO41238,Slight,2,1,30/10/2005,Sunday,1:30,Single motorway,30,T-junction,Give-way sign,No physical crossing facility,Lights lit,Rain,Wet,None,None,1,1,Passenger,F,21,Slight,Not pedestrian,Rear seat,None,1,Taxi/Grab,Going ahead,N,No,N,N,N,Unknown,M,63,2664,Heavy oil,10
200501EO41238,Slight,2,1,30/10/2005,Sunday,1:30,Single motorway,30,T-junction,Give-way sign,No physical crossing facility,Lights lit,Rain,Wet,None,None,1,1,Passenger,F,21,Slight,Not pedestrian,Rear seat,None,2,Car,U-turn,N,No,N,N,N,Unknown,NA,-1,973,Petrol,4
200501EO41239,Slight,1,1,31/10/2005,Monday,15:50,Single motorway,30,T-junction,Traffic light,Traffic light,Daylight,Fine,Dry,None,None,1,1,Pedestrian,F,49,Slight,Crossing on facility,None,None,1,Car,Going ahead,N,No,N,N,N,Unknown,F,61,NA,NA,NA
200501EO41240,Slight,2,2,30/1/2005,Sunday,20:00,Single motorway,30,Crossroad,Traffic light,Traffic light,Lights lit,Fine,Dry,None,None,1,1,Driver,F,34,Slight,Not pedestrian,None,None,1,Car,Waiting to/Turning left,N,No,N,N,N,Unknown,F,34,1994,Petrol,7
200501EO41240,Slight,2,2,30/1/2005,Sunday,20:00,Single motorway,30,Crossroad,Traffic light,Traffic light,Lights lit,Fine,Dry,None,None,1,1,Driver,F,34,Slight,Not pedestrian,None,None,2,Motorcycle,Going ahead,N,No,N,N,N,Unknown,M,-1,NA,NA,NA
200501EO41240,Slight,2,2,30/1/2005,Sunday,20:00,Single motorway,30,Crossroad,Traffic light,Traffic light,Lights lit,Fine,Dry,None,None,1,2,Passenger,M,-1,Slight,Not pedestrian,Front seat,None,1,Car,Waiting to/Turning left,N,No,N,N,N,Unknown,F,34,1994,Petrol,7
200501EO41240,Slight,2,2,30/1/2005,Sunday,20:00,Single motorway,30,Crossroad,Traffic light,Traffic light,Lights lit,Fine,Dry,None,None,1,2,Passenger,M,-1,Slight,Not pedestrian,Front seat,None,2,Motorcycle,Going ahead,N,No,N,N,N,Unknown,M,-1,NA,NA,NA
200501EO41241,Slight,2,1,7/11/2005,Monday,11:00,Single motorway,30,T-junction,Give-way sign,No physical crossing facility,Daylight,Fine,Dry,None,None,2,1,Driver,M,20,Slight,Not pedestrian,None,None,1,Car,Going ahead,N,No,N,N,N,Unknown,M,30,NA,NA,NA
200501EO41241,Slight,2,1,7/11/2005,Monday,11:00,Single motorway,30,T-junction,Give-way sign,No physical crossing facility,Daylight,Fine,Dry,None,None,2,1,Driver,M,20,Slight,Not pedestrian,None,None,2,Bicycle,Overtaking,N,No,N,N,N,Unknown,M,20,NA,NA,NA
200501EO41242,Slight,1,2,8/11/2005,Tuesday,12:59,Single motorway,30,Crossroad,Traffic light,Traffic light,Daylight,Fine,Dry,None,None,1,1,Driver,M,33,Slight,Not pedestrian,None,None,1,Motorcycle,Going ahead,N,No,N,N,N,Unknown,M,33,125,Petrol,1
200501EO41242,Slight,1,2,8/11/2005,Tuesday,12:59,Single motorway,30,Crossroad,Traffic light,Traffic light,Daylight,Fine,Dry,None,None,1,2,Pedestrian,F,-1,Slight,Crossing within 50m of facility,None,None,1,Motorcycle,Going ahead,N,No,N,N,N,Unknown,M,33,125,Petrol,1
200501EO41243,Serious,1,1,6/11/2005,Sunday,5:26,Single motorway,30,Crossroad,Traffic light,Traffic light,Lights lit,Fine,Dry,None,None,1,1,Driver,M,30,Serious,Not pedestrian,None,None,1,Motorcycle,Going ahead,N,No,Y,Y,Y,Unknown,M,30,124,Petrol,NA
200501EO41244,Slight,2,1,1/11/2005,Tuesday,12:55,Single motorway,30,Not at junction,NA,No physical crossing facility,Daylight,Fine,Dry,None,None,1,1,Driver,M,30,Slight,Not pedestrian,None,None,1,Car,Moving off,N,No,N,N,N,Unknown,M,30,1998,Petrol,6
200501EO41244,Slight,2,1,1/11/2005,Tuesday,12:55,Single motorway,30,Not at junction,NA,No physical crossing facility,Daylight,Fine,Dry,None,None,1,1,Driver,M,30,Slight,Not pedestrian,None,None,2,Car,Overtaking,N,No,N,N,N,Unknown,M,29,1781,Petrol,7
200501EO41245,Slight,2,2,5/11/2005,Saturday,17:55,Single motorway,30,Not at junction,NA,No physical crossing facility,Daylight,Fine,Dry,None,None,1,1,Passenger,F,33,Slight,Not pedestrian,Front seat,None,1,Car,Parking,N,No,N,N,N,Unknown,M,-1,NA,NA,NA
200501EO41245,Slight,2,2,5/11/2005,Saturday,17:55,Single motorway,30,Not at junction,NA,No physical crossing facility,Daylight,Fine,Dry,None,None,1,1,Passenger,F,33,Slight,Not pedestrian,Front seat,None,2,Car,Reversing,N,No,N,N,N,Unknown,F,-1,NA,NA,NA
200501EO41245,Slight,2,2,5/11/2005,Saturday,17:55,Single motorway,30,Not at junction,NA,No physical crossing facility,Daylight,Fine,Dry,None,None,1,2,Passenger,M,1,Slight,Not pedestrian,Rear seat,None,1,Car,Parking,N,No,N,N,N,Unknown,M,-1,NA,NA,NA
200501EO41245,Slight,2,2,5/11/2005,Saturday,17:55,Single motorway,30,Not at junction,NA,No physical crossing facility,Daylight,Fine,Dry,None,None,1,2,Passenger,M,1,Slight,Not pedestrian,Rear seat,None,2,Car,Reversing,N,No,N,N,N,Unknown,F,-1,NA,NA,NA