Accident_Index,Accident_Severity,Number_of_Vehicles,Number_of_Casualties,Date,Day_of_Week,Time,Road_Type,Speed_Limit,Junction_Detail,Junction_Control,Pedestrian_Crossing_Type,Light_Conditions,Weather_Conditions,Road_Surface_Conditions,Special_Conditions_at_Site,Road_Hazards,Vehicle_Reference.x,Casualty_Reference,Casualty_Class,Sex_of_Casualty,Age_of_Casualty,Casualty_Severity,Pedestrian_Location,Car_Passenger,Bus_or_Coach_Passenger,Vehicle_Reference.y,Vehicle_Type,Vehicle_Manoeuvre,Vehicle_in_Restricted_Lane,Skidding_and_Overturning,Hit_Object_on_Road,Vehicle_veer_off_Road,Hit_Object_off_Road,Journey_Purpose_of_Driver,Sex_of_Driver,Age_of_Driver,Engine_Capacity_CC,Engine_Type,Age_of_Vehicle
200501EO41246,Slight,2,1,1/11/2005,Tuesday,16:15,Single motorway,30,Crossroad,Traffic light,Traffic light,Daylight,Fine,Dry,None,None,1,1,Driver,F,32,Slight,Not pedestrian,None,None,1,Motorcycle,Overtaking,N,No,N,N,N,Unknown,F,32,NA,NA,NA
200501EO41246,Slight,2,1,1/11/2005,Tuesday,16:15,Single motorway,30,Crossroad,Traffic light,Traffic light,Daylight,Fine,Dry,None,None,1,1,Driver,F,32,Slight,Not pedestrian,None,None,2,Car,U-turn,N,No,N,N,N,Unknown,F,30,1390,Petrol,2
200501EO41248,Serious,1,1,3/11/2005,Thursday,7:55,Single motorway,30,Crossroad,Traffic light,Traffic light,Daylight,Fine,Dry,None,None,1,1,Pedestrian,F,11,Serious,Crossing within 50m of facility,None,None,1,Car,Going ahead,N,No,N,N,N,Unknown,M,33,1796,Petrol,13
200501EO41249,Slight,1,1,7/11/2005,Monday,17:00,Single motorway,30,T-junction,Give-way sign,No physical crossing facility,Daylight,Fine,Dry,None,None,1,1,Pedestrian,M,22,Slight,Elsewhere,None,None,1,Car,Going ahead,N,No,N,N,N,Unknown,M,39,NA,NA,NA
200501EO41250,Slight,1,1,11/11/2005,Friday,22:30,Single motorway,30,Crossroad,Traffic light,Traffic light,Lights lit,Fine,Dry,None,None,1,1,Pedestrian,F,45,Slight,Crossing on facility,None,None,1,Car,Going ahead,N,No,N,N,N,Unknown,M,67,1598,Petrol,16
200501EO41251,Slight,1,2,14/11/2005,Monday,8:35,Single motorway,30,Crossroad,Traffic light,Traffic light,Daylight,Fine,Dry,None,None,1,1,Passenger,F,23,Slight,Not pedestrian,None,None,1,Motorcycle,Halting,N,No,N,N,N,Unknown,M,30,498,Petrol,6
200501EO41251,Slight,1,2,14/11/2005,Monday,8:35,Single motorway,30,Crossroad,Traffic light,Traffic light,Daylight,Fine,Dry,None,None,1,2,Driver,M,30,Slight,Not pedestrian,None,None,1,Motorcycle,Halting,N,No,N,N,N,Unknown,M,30,498,Petrol,6
200501EO41252,Serious,2,1,10/11/2005,Thursday,8:00,Single motorway,30,Crossroad,Give-way sign,No physical crossing facility,Daylight,Fine,Dry,None,None,1,1,Driver,F,17,Serious,Not pedestrian,None,None,1,Motorcycle,Going ahead,N,No,N,N,N,Unknown,F,17,49,Petrol,2
200501EO41252,Serious,2,1,10/11/2005,Thursday,8:00,Single motorway,30,Crossroad,Give-way sign,No physical crossing facility,Daylight,Fine,Dry,None,None,1,1,Driver,F,17,Serious,Not pedestrian,None,None,2,Car,Going ahead,N,No,N,N,N,Unknown,F,40,1598,Petrol,1
200501EO41253,Slight,1,1,12/11/2005,Saturday,13:15,Single motorway,30,Not at junction,NA,No physical crossing facility,Daylight,Fine,Dry,None,None,1,1,Pedestrian,M,15,Slight,Elsewhere,None,None,1,Car,Going ahead,N,No,N,N,N,Unknown,F,56,NA,NA,NA
200501EO41254,Slight,2,1,11/11/2005,Friday,13:15,Single motorway,30,Crossroad,Give-way sign,No physical crossing facility,Daylight,Fine,Dry,None,None,1,1,Driver,M,32,Slight,Not pedestrian,None,None,1,Goods Van,Going ahead,N,No,N,N,N,Unknown,M,32,NA,NA,NA
200501EO41254,Slight,2,1,11/11/2005,Friday,13:15,Single motorway,30,Crossroad,Give-way sign,No physical crossing facility,Daylight,Fine,Dry,None,None,1,1,Driver,M,32,Slight,Not pedestrian,None,None,2,Car,Going ahead,N,No,N,N,N,Unknown,M,80,1998,Petrol,7
200501EO41255,Slight,4,1,13/7/2005,Wednesday,23:50,Single motorway,30,Unknown,Traffic light,No physical crossing facility,Lights lit,Fine,Dry,None,None,1,1,Driver,F,48,Slight,Not pedestrian,None,None,1,Car,Going ahead,N,No,N,N,N,Unknown,F,48,1298,Petrol,4
200501EO41255,Slight,4,1,13/7/2005,Wednesday,23:50,Single motorway,30,Unknown,Traffic light,No physical crossing facility,Lights lit,Fine,Dry,None,None,1,1,Driver,F,48,Slight,Not pedestrian,None,None,2,Car,Overtaking,N,No,N,N,N,Unknown,F,35,1396,Petrol,9
200501EO41255,Slight,4,1,13/7/2005,Wednesday,23:50,Single motorway,30,Unknown,Traffic light,No physical crossing facility,Lights lit,Fine,Dry,None,None,1,1,Driver,F,48,Slight,Not pedestrian,None,None,3,Car,Overtaking,N,No,N,N,N,Unknown,M,35,1998,Petrol,5
200501EO41255,Slight,4,1,13/7/2005,Wednesday,23:50,Single motorway,30,Unknown,Traffic light,No physical crossing facility,Lights lit,Fine,Dry,None,None,1,1,Driver,F,48,Slight,Not pedestrian,None,None,4,Car,Overtaking,N,No,N,N,N,Unknown,M,24,1392,Petrol,8
200501EO41256,Serious,1,1,13/11/2005,Sunday,19:05,Single motorway,30,Not at junction,NA,No physical crossing facility,Lights lit,Fine,Dry,None,None,1,1,Pedestrian,M,17,Serious,Elsewhere,None,None,1,Car,Going ahead,N,No,N,N,N,Unknown,M,-1,NA,NA,NA
200501EO41257,Slight,1,1,12/11/2005,Saturday,14:05,Single motorway,30,T-junction,Traffic light,Traffic light,Daylight,Fine,Dry,None,None,1,1,Passenger,M,1,Slight,Not pedestrian,None,Standing,1,Bus/Coach,Waiting,N,No,N,N,N,Unknown,M,32,3900,Heavy oil,1
200501EO41258,Serious,1,2,8/11/2005,Tuesday,20:00,Single motorway,30,T-junction,Give-way sign,No physical crossing facility,Lights lit,Fine,Dry,None,None,1,1,Driver,M,55,Slight,Not pedestrian,None,None,1,Motorcycle,Going ahead,N,No,N,N,N,Unknown,M,55,NA,NA,NA
200501EO41258,Serious,1,2,8/11/2005,Tuesday,20:00,Single motorway,30,T-junction,Give-way sign,No physical crossing facility,Lights lit,Fine,Dry,None,None,1,2,Pedestrian,M,34,Serious,Elsewhere,None,None,1,Motorcycle,Going ahead,N,No,N,N,N,Unknown,M,55,NA,NA,NA
200501EO41259,Slight,2,1,5/11/2005,Saturday,16:50,Single motorway,30,T-junction,Give-way sign,No physical crossing facility,Daylight,Fine,Wet,None,None,1,1,Driver,F,53,Slight,Not pedestrian,None,None,1,Car,Moving off,N,No,N,N,N,Unknown,F,53,2316,Petrol,16
200501EO41259,Slight,2,1,5/11/2005,Saturday,16:50,Single motorway,30,T-junction,Give-way sign,No physical crossing facility,Daylight,Fine,Wet,None,None,1,1,Driver,F,53,Slight,Not pedestrian,None,None,2,Car,Going ahead,N,No,N,N,N,Unknown,NA,-1,NA,NA,NA
200501EO41260,Slight,2,1,13/11/2005,Sunday,12:15,Single motorway,30,T-junction,Traffic light,Traffic light,Daylight,Fine,Dry,None,None,1,1,Driver,F,70,Slight,Not pedestrian,None,None,1,Car,Waiting to/Turning left,N,No,N,N,N,Unknown,F,70,NA,NA,NA
200501EO41260,Slight,2,1,13/11/2005,Sunday,12:15,Single motorway,30,T-junction,Traffic light,Traffic light,Daylight,Fine,Dry,None,None,1,1,Driver,F,70,Slight,Not pedestrian,None,None,2,Car,Overtaking,N,No,N,N,N,Unknown,NA,-1,NA,NA,NA
200501EO41264,Slight,2,1,15/11/2005,Tuesday,19:30,Single motorway,30,Not at junction,NA,No physical crossing facility,Daylight,Fine,Dry,None,None,1,1,Driver,M,55,Slight,Not pedestrian,None,None,1,Bicycle,Going ahead,N,No,N,N,N,Unknown,M,55,NA,NA,NA
200501EO41264,Slight,2,1,15/11/2005,Tuesday,19:30,Single motorway,30,Not at junction,NA,No physical crossing facility,Daylight,Fine,Dry,None,None,1,1,Driver,M,55,Slight,Not pedestrian,None,None,2,Car,Overtaking,N,No,N,N,N,Unknown,M,-1,NA,NA,NA
200501EO41265,Slight,1,1,14/11/2005,Monday,17:10,Single motorway,30,Not at junction,NA,No physical crossing facility,Lights lit,Fine,Dry,None,None,1,1,Pedestrian,M,15,Slight,Elsewhere,None,None,1,Goods Van,Reversing,N,No,N,N,N,Unknown,M,-1,1900,Heavy oil,3
200501EO41266,Slight,1,1,8/11/2005,Tuesday,5:40,Single motorway,30,Not at junction,NA,No physical crossing facility,Lights lit,Fine,Dry,None,None,1,1,Pedestrian,M,26,Slight,Elsewhere,None,None,1,Car,Going ahead,N,No,N,N,N,Unknown,M,34,NA,NA,NA
200501EO41267,Serious,1,1,21/10/2005,Friday,9:36,Single motorway,30,T-junction,Give-way sign,No physical crossing facility,Daylight,Fine,Dry,None,None,1,1,Pedestrian,M,16,Serious,Elsewhere,None,None,1,Car,Going ahead,N,No,N,N,N,Unknown,M,38,NA,NA,NA
200501EO41269,Slight,2,1,1/11/2005,Tuesday,12:54,Single motorway,30,Not at junction,NA,No physical crossing facility,Daylight,Fine,Dry,None,None,1,1,Driver,M,17,Slight,Not pedestrian,None,None,1,Motorcycle,Going ahead,N,No,N,N,N,Unknown,M,17,NA,NA,NA
200501EO41269,Slight,2,1,1/11/2005,Tuesday,12:54,Single motorway,30,Not at junction,NA,No physical crossing facility,Daylight,Fine,Dry,None,None,1,1,Driver,M,17,Slight,Not pedestrian,None,None,2,Goods Van,U-turn,N,No,N,N,N,Unknown,M,21,1753,Heavy oil,14
200501EO41270,Slight,2,1,15/11/2005,Tuesday,20:39,Single motorway,30,T-junction,Give-way sign,No physical crossing facility,Lights lit,Fine,Dry,None,None,1,1,Driver,M,19,Slight,Not pedestrian,None,None,1,Motorcycle,Going ahead,N,No,N,N,N,Unknown,M,19,NA,NA,NA
200501EO41270,Slight,2,1,15/11/2005,Tuesday,20:39,Single motorway,30,T-junction,Give-way sign,No physical crossing facility,Lights lit,Fine,Dry,None,None,1,1,Driver,M,19,Slight,Not pedestrian,None,None,2,Car,Going ahead,N,No,N,N,N,Unknown,F,35,NA,NA,NA
200501EO41271,Slight,2,1,16/11/2005,Wednesday,8:00,Single motorway,30,T-junction,Give-way sign,No physical crossing facility,Daylight,Fine,Dry,None,None,2,1,Driver,M,25,Slight,Not pedestrian,None,None,1,Car,Going ahead,N,No,N,N,N,Unknown,F,40,1896,Heavy oil,8
200501EO41271,Slight,2,1,16/11/2005,Wednesday,8:00,Single motorway,30,T-junction,Give-way sign,No physical crossing facility,Daylight,Fine,Dry,None,None,2,1,Driver,M,25,Slight,Not pedestrian,None,None,2,Bicycle,Going ahead,N,No,N,N,N,Unknown,M,25,NA,NA,NA
200501EO41272,Slight,2,1,23/9/2005,Friday,18:30,Single motorway,30,T-junction,Give-way sign,No physical crossing facility,Daylight,Fine,Dry,None,None,1,1,Driver,M,28,Slight,Not pedestrian,None,None,1,Bicycle,Going ahead,N,No,N,N,N,Unknown,M,28,NA,NA,NA
200501EO41272,Slight,2,1,23/9/2005,Friday,18:30,Single motorway,30,T-junction,Give-way sign,No physical crossing facility,Daylight,Fine,Dry,None,None,1,1,Driver,M,28,Slight,Not pedestrian,None,None,2,Car,Waiting to/Turning right,N,No,N,N,N,Unknown,M,-1,1834,Petrol,9
200501EO41273,Slight,1,1,16/11/2005,Wednesday,14:00,Single motorway,30,Crossroad,Traffic light,No physical crossing facility,Daylight,Fine,Dry,Road surface defective,None,1,1,Driver,M,25,Slight,Not pedestrian,None,None,1,Motorcycle,Going ahead,N,No,N,N,N,Unknown,M,25,NA,NA,NA
200501EO41274,Slight,2,1,17/11/2005,Thursday,6:00,Single motorway,30,Not at junction,NA,No physical crossing facility,Daylight,Unknown,Dry,None,None,1,1,Driver,M,18,Slight,Not pedestrian,None,None,1,Motorcycle,Going ahead,N,Skid,N,N,N,Unknown,M,18,124,Petrol,3
200501EO41274,Slight,2,1,17/11/2005,Thursday,6:00,Single motorway,30,Not at junction,NA,No physical crossing facility,Daylight,Unknown,Dry,None,None,1,1,Driver,M,18,Slight,Not pedestrian,None,None,2,Car,Parking,N,No,N,N,N,Unknown,NA,-1,NA,NA,NA
200501EO41275,Slight,4,1,19/11/2005,Saturday,4:30,Single motorway,30,Not at junction,NA,No physical crossing facility,Lights lit,Fine,Wet,None,None,1,1,Driver,M,27,Slight,Not pedestrian,None,None,1,Car,Going ahead,N,No,N,N,N,Unknown,M,27,NA,NA,NA
200501EO41275,Slight,4,1,19/11/2005,Saturday,4:30,Single motorway,30,Not at junction,NA,No physical crossing facility,Lights lit,Fine,Wet,None,None,1,1,Driver,M,27,Slight,Not pedestrian,None,None,2,Car,Parking,N,No,N,N,N,Unknown,NA,-1,NA,NA,NA
200501EO41275,Slight,4,1,19/11/2005,Saturday,4:30,Single motorway,30,Not at junction,NA,No physical crossing facility,Lights lit,Fine,Wet,None,None,1,1,Driver,M,27,Slight,Not pedestrian,None,None,3,Car,Parking,N,No,N,N,N,Unknown,NA,-1,NA,NA,NA
200501EO41275,Slight,4,1,19/11/2005,Saturday,4:30,Single motorway,30,Not at junction,NA,No physical crossing facility,Lights lit,Fine,Wet,None,None,1,1,Driver,M,27,Slight,Not pedestrian,None,None,4,Car,Parking,N,No,N,N,N,Unknown,NA,-1,1289,Petrol,6
200501EO41276,Slight,2,1,31/10/2005,Monday,6:30,Single motorway,30,T-junction,Give-way sign,Traffic light,Lights lit,Rain,Wet,None,None,1,1,Driver,M,40,Slight,Not pedestrian,None,None,1,Car,Going ahead,N,No,N,N,N,Unknown,M,40,1587,Petrol,6
200501EO41276,Slight,2,1,31/10/2005,Monday,6:30,Single motorway,30,T-junction,Give-way sign,Traffic light,Lights lit,Rain,Wet,None,None,1,1,Driver,M,40,Slight,Not pedestrian,None,None,2,Goods Van,U-turn,N,No,N,N,N,Unknown,F,57,NA,Heavy oil,8
200501EO41277,Slight,2,2,28/10/2005,Friday,14:25,Single motorway,30,Crossroad,Give-way sign,No physical crossing facility,Daylight,Fine,Dry,None,None,1,1,Passenger,M,41,Slight,Not pedestrian,Front seat,None,1,Car,Moving off,N,No,N,N,N,Unknown,M,37,NA,NA,NA
200501EO41277,Slight,2,2,28/10/2005,Friday,14:25,Single motorway,30,Crossroad,Give-way sign,No physical crossing facility,Daylight,Fine,Dry,None,None,1,1,Passenger,M,41,Slight,Not pedestrian,Front seat,None,2,Car,Going ahead,N,No,N,N,N,Unknown,M,61,1951,Heavy oil,4
200501EO41277,Slight,2,2,28/10/2005,Friday,14:25,Single motorway,30,Crossroad,Give-way sign,No physical crossing facility,Daylight,Fine,Dry,None,None,1,2,Driver,M,37,Slight,Not pedestrian,None,None,1,Car,Moving off,N,No,N,N,N,Unknown,M,37,NA,NA,NA
200501EO41277,Slight,2,2,28/10/2005,Friday,14:25,Single motorway,30,Crossroad,Give-way sign,No physical crossing facility,Daylight,Fine,Dry,None,None,1,2,Driver,M,37,Slight,Not pedestrian,None,None,2,Car,Going ahead,N,No,N,N,N,Unknown,M,61,1951,Heavy oil,4
200501EO41278,Slight,2,1,16/11/2005,Wednesday,8:20,Single motorway,30,T-junction,Give-way sign,No physical crossing facility,Daylight,Rain,Wet,None,None,2,1,Driver,M,35,Slight,Not pedestrian,None,None,1,Goods Van,Waiting to/Turning right,N,No,N,N,N,Unknown,M,70,6871,Heavy oil,7
200501EO41278,Slight,2,1,16/11/2005,Wednesday,8:20,Single motorway,30,T-junction,Give-way sign,No physical crossing facility,Daylight,Rain,Wet,None,None,2,1,Driver,M,35,Slight,Not pedestrian,None,None,2,Motorcycle,Going ahead,N,Skid,N,N,N,Unknown,M,35,124,Petrol,NA
200501EO41279,Slight,1,1,17/11/2005,Thursday,16:11,Single motorway,30,T-junction,Traffic light,Traffic light,Lights lit,Fine,Dry,None,None,1,1,Driver,M,39,Slight,Not pedestrian,None,None,1,Motorcycle,Going ahead,N,No,N,N,N,Unknown,M,39,650,Petrol,16
200501EO41280,Slight,1,1,18/11/2005,Friday,1:15,Single motorway,30,T-junction,Give-way sign,No physical crossing facility,Lights lit,Fine,Wet,None,None,1,1,Driver,M,26,Slight,Not pedestrian,None,None,1,Car,Going ahead,N,No,Y,Y,Y,Unknown,M,26,1794,Petrol,13
200501EO41281,Slight,2,1,18/11/2005,Friday,9:15,Single motorway,30,T-junction,Traffic light,Traffic light,Daylight,Fine,Dry,None,None,2,1,Driver,F,42,Slight,Not pedestrian,None,None,1,Car,Going ahead,N,No,N,N,N,Unknown,M,63,NA,NA,NA
200501EO41281,Slight,2,1,18/11/2005,Friday,9:15,Single motorway,30,T-junction,Traffic light,Traffic light,Daylight,Fine,Dry,None,None,2,1,Driver,F,42,Slight,Not pedestrian,None,None,2,Bicycle,Going ahead,N,No,N,N,N,Unknown,F,42,NA,NA,NA
200501EO41283,Slight,1,1,27/10/2005,Thursday,20:48,Single motorway,30,T-junction,Traffic light,Traffic light,Lights lit,Fine,Wet,None,None,1,1,Pedestrian,M,34,Slight,Crossing on facility,None,None,1,Motorcycle,Going ahead,N,No,N,N,N,Unknown,M,31,740,Petrol,11
200501EO41285,Serious,1,1,20/11/2005,Sunday,0:30,Single motorway,30,Not at junction,NA,No physical crossing facility,Lights lit,Fine,Dry,None,None,1,1,Pedestrian,M,33,Serious,Elsewhere,None,None,1,Car,Going ahead,N,No,N,N,N,Unknown,M,-1,NA,NA,NA
200501EO41286,Slight,2,1,20/11/2005,Sunday,6:30,Single motorway,30,Private entrance,Give-way sign,No physical crossing facility,Lights lit,Fine,Dry,None,None,1,1,Driver,M,46,Slight,Not pedestrian,None,None,1,Taxi/Grab,Going ahead,N,No,N,N,N,Unknown,M,46,1794,Petrol,5
200501EO41286,Slight,2,1,20/11/2005,Sunday,6:30,Single motorway,30,Private entrance,Give-way sign,No physical crossing facility,Lights lit,Fine,Dry,None,None,1,1,Driver,M,46,Slight,Not pedestrian,None,None,2,Car,Waiting to/Turning left,N,No,N,N,N,Unknown,NA,-1,NA,NA,NA
200501EO41287,Slight,2,1,18/11/2005,Friday,20:45,Single motorway,30,Not at junction,NA,No physical crossing facility,Lights lit,Fine,Dry,None,None,1,1,Driver,F,61,Slight,Not pedestrian,None,None,1,Car,Going ahead,N,No,N,N,N,Unknown,F,61,1898,Petrol,2
200501EO41287,Slight,2,1,18/11/2005,Friday,20:45,Single motorway,30,Not at junction,NA,No physical crossing facility,Lights lit,Fine,Dry,None,None,1,1,Driver,F,61,Slight,Not pedestrian,None,None,2,Car,Parking,N,No,N,N,N,Unknown,M,-1,NA,NA,NA
200501EO41288,Slight,1,1,9/11/2005,Wednesday,2:15,Single motorway,30,T-junction,Give-way sign,No physical crossing facility,Lights lit,Rain,Wet,None,None,1,1,Driver,M,26,Slight,Not pedestrian,None,None,1,Car,Going ahead,N,No,Y,Y,Y,Unknown,M,26,1769,Heavy oil,16
200501EO41289,Slight,2,1,19/11/2005,Saturday,19:20,Single motorway,30,More than 4 sections,Traffic light,Traffic light,Lights lit,Fine,Dry,None,None,1,1,Passenger,F,28,Slight,Not pedestrian,Front seat,None,1,Car,Going ahead,N,No,N,N,N,Unknown,M,26,NA,NA,NA
200501EO41289,Slight,2,1,19/11/2005,Saturday,19:20,Single motorway,30,More than 4 sections,Traffic light,Traffic light,Lights lit,Fine,Dry,None,None,1,1,Passenger,F,28,Slight,Not pedestrian,Front seat,None,2,Car,Going ahead,N,No,N,N,N,Unknown,M,51,1998,Petrol,10
200501EO41290,Slight,1,2,17/11/2005,Thursday,8:37,Single motorway,30,T-junction,Give-way sign,No physical crossing facility,Daylight,Fine,Dry,None,None,1,1,Pedestrian,F,28,Slight,Elsewhere,None,None,1,Car,Waiting to/Turning right,N,No,N,N,N,Unknown,NA,-1,1590,Petrol,10
200501EO41290,Slight,1,2,17/11/2005,Thursday,8:37,Single motorway,30,T-junction,Give-way sign,No physical crossing facility,Daylight,Fine,Dry,None,None,1,2,Pedestrian,F,1,Slight,Elsewhere,None,None,1,Car,Waiting to/Turning right,N,No,N,N,N,Unknown,NA,-1,1590,Petrol,10
200501EO41291,Slight,1,1,2/11/2005,Wednesday,17:12,Single motorway,30,Not at junction,NA,No physical crossing facility,Daylight,Fine,Dry,None,None,1,1,Pedestrian,F,70,Slight,Elsewhere,None,None,1,Bus/Coach,Moving off,N,No,N,N,N,Job,M,26,5900,Heavy oil,7
200501EO41292,Slight,1,1,9/11/2005,Wednesday,12:15,Dual motorway ,30,T-junction,Traffic light,Traffic light,Daylight,Fine,Dry,None,None,1,1,Pedestrian,M,17,Slight,Crossing within 50m of facility,None,None,1,Motorcycle,Going ahead,N,No,N,N,N,Unknown,NA,-1,NA,Electric,NA
200501EO41293,Slight,2,1,12/11/2005,Saturday,18:40,Single motorway,30,T-junction,Give-way sign,No physical crossing facility,Lights lit,Fine,Dry,None,None,2,1,Driver,M,56,Slight,Not pedestrian,None,None,1,Car,U-turn,N,No,N,N,N,Unknown,M,32,1800,Petrol,5
200501EO41293,Slight,2,1,12/11/2005,Saturday,18:40,Single motorway,30,T-junction,Give-way sign,No physical crossing facility,Lights lit,Fine,Dry,None,None,2,1,Driver,M,56,Slight,Not pedestrian,None,None,2,Motorcycle,Going ahead,N,No,N,N,N,Unknown,M,56,NA,NA,NA
200501EO41294,Slight,1,1,18/11/2005,Friday,19:15,Single motorway,30,Not at junction,NA,No physical crossing facility,Daylight,Fine,Dry,None,None,1,1,Driver,M,33,Slight,Not pedestrian,None,None,1,Motorcycle,Going ahead,N,No,N,N,N,Unknown,M,33,NA,NA,NA
200501EO41295,Slight,2,1,8/10/2005,Saturday,4:10,Dual motorway ,30,Crossroad,Traffic light,Traffic light,Lights lit,Fine,Dry,None,None,1,1,Passenger,M,24,Slight,Not pedestrian,Front seat,None,1,Car,Waiting to/Turning right,N,No,N,N,N,Unknown,M,23,1296,Petrol,23
200501EO41295,Slight,2,1,8/10/2005,Saturday,4:10,Dual motorway ,30,Crossroad,Traffic light,Traffic light,Lights lit,Fine,Dry,None,None,1,1,Passenger,M,24,Slight,Not pedestrian,Front seat,None,2,Car,Going ahead,N,No,N,N,N,Unknown,M,-1,NA,NA,NA
200501EO41296,Slight,2,1,18/11/2005,Friday,18:35,Single motorway,30,T-junction,Give-way sign,No physical crossing facility,Daylight,Fine,Dry,None,None,1,1,Driver,M,28,Slight,Not pedestrian,None,None,1,Bicycle,Going ahead,N,No,N,N,N,Unknown,M,28,NA,NA,NA
200501EO41296,Slight,2,1,18/11/2005,Friday,18:35,Single motorway,30,T-junction,Give-way sign,No physical crossing facility,Daylight,Fine,Dry,None,None,1,1,Driver,M,28,Slight,Not pedestrian,None,None,2,Car,Going ahead,N,No,N,N,N,Unknown,M,-1,1781,Petrol,7
200501EO41297,Slight,2,1,17/11/2005,Thursday,9:15,Single motorway,30,Not at junction,NA,No physical crossing facility,Daylight,Fine,Dry,None,None,2,1,Passenger,M,-1,Slight,Not pedestrian,None,Standing,1,Car,Waiting,N,No,N,N,N,Unknown,F,45,NA,NA,NA
200501EO41297,Slight,2,1,17/11/2005,Thursday,9:15,Single motorway,30,Not at junction,NA,No physical crossing facility,Daylight,Fine,Dry,None,None,2,1,Passenger,M,-1,Slight,Not pedestrian,None,Standing,2,Bus/Coach,Waiting,N,No,N,N,N,Unknown,M,-1,NA,NA,NA
200501EO41298,Slight,2,1,7/9/2005,Wednesday,8:54,Single motorway,30,Crossroad,Traffic light,Traffic light,Daylight,Fine,Dry,None,None,1,1,Driver,M,29,Slight,Not pedestrian,None,None,1,Bicycle,Moving off,N,No,N,N,N,Unknown,M,29,NA,NA,NA
200501EO41298,Slight,2,1,7/9/2005,Wednesday,8:54,Single motorway,30,Crossroad,Traffic light,Traffic light,Daylight,Fine,Dry,None,None,1,1,Driver,M,29,Slight,Not pedestrian,None,None,2,Bus/Coach,Going ahead,N,No,N,N,N,Job,M,45,6370,Heavy oil,1
200501EO41299,Serious,2,1,9/9/2005,Friday,12:30,Single motorway,30,T-junction,Give-way sign,No physical crossing facility,Daylight,Fine,Dry,None,None,1,1,Driver,M,40,Serious,Not pedestrian,None,None,1,Bicycle,Going ahead,N,No,N,N,N,Unknown,M,40,NA,NA,NA
200501EO41299,Serious,2,1,9/9/2005,Friday,12:30,Single motorway,30,T-junction,Give-way sign,No physical crossing facility,Daylight,Fine,Dry,None,None,1,1,Driver,M,40,Serious,Not pedestrian,None,None,2,Motorcycle,Going ahead,N,No,N,N,N,Unknown,NA,-1,NA,NA,NA
200501EO41300,Slight,1,1,27/9/2005,Tuesday,12:23,Single motorway,30,Crossroad,Traffic light,Traffic light,Daylight,Fine,Dry,None,None,1,1,Driver,M,46,Slight,Not pedestrian,None,None,1,Motorcycle,Going ahead,N,Skid,N,N,N,Unknown,M,46,49,Petrol,3
200501EO41301,Slight,2,3,17/10/2005,Monday,19:40,Single motorway,30,Crossroad,Traffic light,No physical crossing facility,Lights lit,Fine,Dry,None,None,2,1,Passenger,F,22,Slight,Not pedestrian,None,Seated,1,Car,Changing lane,N,No,Y,N,N,Unknown,F,64,1275,Petrol,11
200501EO41301,Slight,2,3,17/10/2005,Monday,19:40,Single motorway,30,Crossroad,Traffic light,No physical crossing facility,Lights lit,Fine,Dry,None,None,2,1,Passenger,F,22,Slight,Not pedestrian,None,Seated,2,Bus/Coach,Changing lane,N,No,N,N,N,Job,M,43,NA,NA,NA
200501EO41301,Slight,2,3,17/10/2005,Monday,19:40,Single motorway,30,Crossroad,Traffic light,No physical crossing facility,Lights lit,Fine,Dry,None,None,2,2,Passenger,F,26,Slight,Not pedestrian,None,Seated,1,Car,Changing lane,N,No,Y,N,N,Unknown,F,64,1275,Petrol,11
200501EO41301,Slight,2,3,17/10/2005,Monday,19:40,Single motorway,30,Crossroad,Traffic light,No physical crossing facility,Lights lit,Fine,Dry,None,None,2,2,Passenger,F,26,Slight,Not pedestrian,None,Seated,2,Bus/Coach,Changing lane,N,No,N,N,N,Job,M,43,NA,NA,NA
200501EO41301,Slight,2,3,17/10/2005,Monday,19:40,Single motorway,30,Crossroad,Traffic light,No physical crossing facility,Lights lit,Fine,Dry,None,None,2,3,Passenger,F,45,Slight,Not pedestrian,None,Seated,1,Car,Changing lane,N,No,Y,N,N,Unknown,F,64,1275,Petrol,11
200501EO41301,Slight,2,3,17/10/2005,Monday,19:40,Single motorway,30,Crossroad,Traffic light,No physical crossing facility,Lights lit,Fine,Dry,None,None,2,3,Passenger,F,45,Slight,Not pedestrian,None,Seated,2,Bus/Coach,Changing lane,N,No,N,N,N,Job,M,43,NA,NA,NA
200501EO41302,Slight,3,2,2/10/2005,Sunday,1:30,Single motorway,30,Not at junction,NA,No physical crossing facility,Lights lit,Fine,Dry,None,None,1,1,Driver,F,-1,Slight,Not pedestrian,None,None,1,Car,Going ahead,N,No,N,N,N,Unknown,F,-1,NA,NA,NA
200501EO41302,Slight,3,2,2/10/2005,Sunday,1:30,Single motorway,30,Not at junction,NA,No physical crossing facility,Lights lit,Fine,Dry,None,None,1,1,Driver,F,-1,Slight,Not pedestrian,None,None,2,Car,Going ahead,N,No,N,N,N,Unknown,F,-1,1900,Heavy oil,5