Accident_Index,Accident_Severity,Number_of_Vehicles,Number_of_Casualties,Date,Day_of_Week,Time,Road_Type,Speed_Limit,Junction_Detail,Junction_Control,Pedestrian_Crossing_Type,Light_Conditions,Weather_Conditions,Road_Surface_Conditions,Special_Conditions_at_Site,Road_Hazards,Vehicle_Reference.x,Casualty_Reference,Casualty_Class,Sex_of_Casualty,Age_of_Casualty,Casualty_Severity,Pedestrian_Location,Car_Passenger,Bus_or_Coach_Passenger,Vehicle_Reference.y,Vehicle_Type,Vehicle_Manoeuvre,Vehicle_in_Restricted_Lane,Skidding_and_Overturning,Hit_Object_on_Road,Vehicle_veer_off_Road,Hit_Object_off_Road,Journey_Purpose_of_Driver,Sex_of_Driver,Age_of_Driver,Engine_Capacity_CC,Engine_Type,Age_of_Vehicle
200501EO41351,Slight,2,1,23/11/2005,Wednesday,8:06,Single motorway,30,T-junction,Give-way sign,No physical crossing facility,Lights unlit,Fine,Wet,None,None,1,1,Passenger,F,27,Slight,Not pedestrian,None,None,2,Goods Van,Going ahead,N,Skid,N,N,N,Job,F,65,7685,Heavy oil,5
200501EO41352,Slight,2,1,5/10/2005,Wednesday,17:55,Dual motorway ,30,T-junction,Give-way sign,No physical crossing facility,Lights lit,Fine,Dry,None,None,1,1,Driver,F,41,Slight,Not pedestrian,None,None,1,Bicycle,Going ahead,N,No,N,N,N,Unknown,F,41,NA,NA,NA
200501EO41352,Slight,2,1,5/10/2005,Wednesday,17:55,Dual motorway ,30,T-junction,Give-way sign,No physical crossing facility,Lights lit,Fine,Dry,None,None,1,1,Driver,F,41,Slight,Not pedestrian,None,None,2,Car,Parking,N,No,N,N,N,Unknown,NA,-1,1998,Petrol,8
200501EO41353,Slight,2,1,3/9/2005,Saturday,17:20,Single motorway,30,Crossroad,Traffic light,Traffic light,Daylight,Fine,Dry,None,None,2,1,Driver,F,26,Slight,Not pedestrian,None,None,1,Car,Going ahead,N,No,N,N,N,Unknown,M,46,1598,Petrol,1
200501EO41353,Slight,2,1,3/9/2005,Saturday,17:20,Single motorway,30,Crossroad,Traffic light,Traffic light,Daylight,Fine,Dry,None,None,2,1,Driver,F,26,Slight,Not pedestrian,None,None,2,Car,Halting,N,No,N,N,N,Unknown,F,26,1389,Petrol,5
200501EO41354,Serious,2,1,28/11/2005,Monday,10:36,Single motorway,30,Not at junction,NA,Traffic light,Daylight,Fine,Dry,None,Previous accident,2,1,Driver,F,46,Serious,Not pedestrian,None,None,1,Car,U-turn,N,No,Y,N,N,Unknown,M,59,1905,Heavy oil,8
200501EO41354,Serious,2,1,28/11/2005,Monday,10:36,Single motorway,30,Not at junction,NA,Traffic light,Daylight,Fine,Dry,None,Previous accident,2,1,Driver,F,46,Serious,Not pedestrian,None,None,2,Motorcycle,Going ahead,N,No,Y,N,N,Unknown,F,46,NA,NA,NA
200501EO41355,Slight,3,4,7/11/2005,Monday,19:20,Single motorway,30,T-junction,Give-way sign,No physical crossing facility,Lights lit,Fine,Dry,None,None,1,1,Driver,M,30,Slight,Not pedestrian,None,None,1,Car,Overtaking,N,No,N,N,N,Unknown,M,30,1761,Petrol,7
200501EO41355,Slight,3,4,7/11/2005,Monday,19:20,Single motorway,30,T-junction,Give-way sign,No physical crossing facility,Lights lit,Fine,Dry,None,None,1,1,Driver,M,30,Slight,Not pedestrian,None,None,2,Car,Reversing,N,No,N,N,N,Unknown,F,25,1781,Petrol,12
200501EO41355,Slight,3,4,7/11/2005,Monday,19:20,Single motorway,30,T-junction,Give-way sign,No physical crossing facility,Lights lit,Fine,Dry,None,None,1,1,Driver,M,30,Slight,Not pedestrian,None,None,3,Car,Halting,N,No,N,N,N,Unknown,NA,-1,1560,Heavy oil,NA
200501EO41355,Slight,3,4,7/11/2005,Monday,19:20,Single motorway,30,T-junction,Give-way sign,No physical crossing facility,Lights lit,Fine,Dry,None,None,2,2,Driver,F,25,Slight,Not pedestrian,None,None,1,Car,Overtaking,N,No,N,N,N,Unknown,M,30,1761,Petrol,7
200501EO41355,Slight,3,4,7/11/2005,Monday,19:20,Single motorway,30,T-junction,Give-way sign,No physical crossing facility,Lights lit,Fine,Dry,None,None,2,2,Driver,F,25,Slight,Not pedestrian,None,None,2,Car,Reversing,N,No,N,N,N,Unknown,F,25,1781,Petrol,12
200501EO41355,Slight,3,4,7/11/2005,Monday,19:20,Single motorway,30,T-junction,Give-way sign,No physical crossing facility,Lights lit,Fine,Dry,None,None,2,2,Driver,F,25,Slight,Not pedestrian,None,None,3,Car,Halting,N,No,N,N,N,Unknown,NA,-1,1560,Heavy oil,NA
200501EO41355,Slight,3,4,7/11/2005,Monday,19:20,Single motorway,30,T-junction,Give-way sign,No physical crossing facility,Lights lit,Fine,Dry,None,None,2,3,Passenger,M,63,Slight,Not pedestrian,Front seat,None,1,Car,Overtaking,N,No,N,N,N,Unknown,M,30,1761,Petrol,7
200501EO41355,Slight,3,4,7/11/2005,Monday,19:20,Single motorway,30,T-junction,Give-way sign,No physical crossing facility,Lights lit,Fine,Dry,None,None,2,3,Passenger,M,63,Slight,Not pedestrian,Front seat,None,2,Car,Reversing,N,No,N,N,N,Unknown,F,25,1781,Petrol,12
200501EO41355,Slight,3,4,7/11/2005,Monday,19:20,Single motorway,30,T-junction,Give-way sign,No physical crossing facility,Lights lit,Fine,Dry,None,None,2,3,Passenger,M,63,Slight,Not pedestrian,Front seat,None,3,Car,Halting,N,No,N,N,N,Unknown,NA,-1,1560,Heavy oil,NA
200501EO41355,Slight,3,4,7/11/2005,Monday,19:20,Single motorway,30,T-junction,Give-way sign,No physical crossing facility,Lights lit,Fine,Dry,None,None,2,4,Passenger,F,63,Slight,Not pedestrian,Rear seat,None,1,Car,Overtaking,N,No,N,N,N,Unknown,M,30,1761,Petrol,7
200501EO41355,Slight,3,4,7/11/2005,Monday,19:20,Single motorway,30,T-junction,Give-way sign,No physical crossing facility,Lights lit,Fine,Dry,None,None,2,4,Passenger,F,63,Slight,Not pedestrian,Rear seat,None,2,Car,Reversing,N,No,N,N,N,Unknown,F,25,1781,Petrol,12
200501EO41355,Slight,3,4,7/11/2005,Monday,19:20,Single motorway,30,T-junction,Give-way sign,No physical crossing facility,Lights lit,Fine,Dry,None,None,2,4,Passenger,F,63,Slight,Not pedestrian,Rear seat,None,3,Car,Halting,N,No,N,N,N,Unknown,NA,-1,1560,Heavy oil,NA
200501EO41356,Slight,1,1,6/12/2005,Tuesday,10:47,Single motorway,30,Not at junction,NA,No physical crossing facility,Daylight,Fine,Dry,None,None,1,1,Pedestrian,M,39,Slight,Elsewhere,None,None,1,Bus/Coach,Moving off,N,No,N,N,N,Job,M,-1,NA,NA,NA
200501EO41357,Slight,2,1,26/10/2005,Wednesday,17:54,Single motorway,30,T-junction,Give-way sign,No physical crossing facility,Lights lit,Fine,Dry,None,None,2,1,Driver,M,11,Slight,Not pedestrian,None,None,1,Car,Going ahead,N,No,N,N,N,Unknown,M,-1,NA,NA,NA
200501EO41357,Slight,2,1,26/10/2005,Wednesday,17:54,Single motorway,30,T-junction,Give-way sign,No physical crossing facility,Lights lit,Fine,Dry,None,None,2,1,Driver,M,11,Slight,Not pedestrian,None,None,2,Bicycle,Going ahead,N,No,N,N,N,Unknown,M,11,NA,NA,NA
200501EO41358,Slight,1,1,5/11/2005,Saturday,13:40,Single motorway,30,Not at junction,NA,No physical crossing facility,Daylight,Fine,Dry,None,None,1,1,Passenger,F,77,Slight,Not pedestrian,None,Standing,1,Bus/Coach,Waiting,N,No,N,N,N,Unknown,M,63,7300,Heavy oil,NA
200501EO41359,Serious,1,2,28/8/2005,Sunday,6:15,Single motorway,30,Not at junction,NA,No physical crossing facility,Daylight,Fine,Dry,None,None,1,1,Passenger,F,15,Serious,Not pedestrian,Rear seat,None,1,Car,Going ahead,N,No,Y,Y,Y,Unknown,M,33,1396,Petrol,12
200501EO41359,Serious,1,2,28/8/2005,Sunday,6:15,Single motorway,30,Not at junction,NA,No physical crossing facility,Daylight,Fine,Dry,None,None,1,2,Passenger,F,33,Serious,Not pedestrian,Front seat,None,1,Car,Going ahead,N,No,Y,Y,Y,Unknown,M,33,1396,Petrol,12
200501EO41360,Slight,1,1,2/12/2005,Friday,17:00,Single motorway,30,Not at junction,NA,Zebra crossing,Lights lit,Fine,Dry,None,None,1,1,Pedestrian,M,46,Slight,Unknown,None,None,1,Motorcycle,Going ahead,N,No,N,N,N,Unknown,M,-1,NA,NA,NA
200501EO41361,Slight,1,1,20/11/2005,Sunday,8:30,Single motorway,30,Not at junction,NA,No physical crossing facility,Daylight,Fine,Dry,None,None,1,1,Pedestrian,M,61,Slight,Sidewalk,None,None,1,Car,Reversing,N,No,N,N,N,Unknown,M,32,2498,Petrol,8
200501EO41362,Slight,2,1,2/12/2005,Friday,9:35,Single motorway,30,T-junction,Give-way sign,No physical crossing facility,Daylight,Fine,Dry,None,None,1,1,Driver,M,34,Slight,Not pedestrian,None,None,1,Bicycle,Going ahead,N,No,N,N,N,Unknown,M,34,NA,NA,NA
200501EO41362,Slight,2,1,2/12/2005,Friday,9:35,Single motorway,30,T-junction,Give-way sign,No physical crossing facility,Daylight,Fine,Dry,None,None,1,1,Driver,M,34,Slight,Not pedestrian,None,None,2,Goods Van,U-turn,N,No,N,N,N,Unknown,M,-1,NA,NA,NA
200501EO41363,Serious,2,1,16/8/2005,Tuesday,20:46,Single motorway,30,Crossroad,Traffic light,Traffic light,Lights lit,Fine,Dry,None,None,2,1,Driver,M,29,Serious,Not pedestrian,None,None,1,Car,Going ahead,N,No,N,N,N,Unknown,F,62,NA,NA,NA
200501EO41363,Serious,2,1,16/8/2005,Tuesday,20:46,Single motorway,30,Crossroad,Traffic light,Traffic light,Lights lit,Fine,Dry,None,None,2,1,Driver,M,29,Serious,Not pedestrian,None,None,2,Motorcycle,Going ahead,N,No,N,N,N,Unknown,M,29,124,Petrol,3
200501EO41364,Serious,2,1,13/11/2005,Sunday,19:34,Dual motorway ,30,T-junction,Give-way sign,Zebra crossing,Lights lit,Fine,Dry,None,None,1,1,Driver,M,23,Serious,Not pedestrian,None,None,1,Motorcycle,Going ahead,N,No,N,N,N,Unknown,M,23,85,Petrol,6
200501EO41364,Serious,2,1,13/11/2005,Sunday,19:34,Dual motorway ,30,T-junction,Give-way sign,Zebra crossing,Lights lit,Fine,Dry,None,None,1,1,Driver,M,23,Serious,Not pedestrian,None,None,2,Car,Waiting to/Turning right,N,No,N,N,N,Unknown,M,39,NA,NA,NA
200501EO41365,Slight,2,1,11/12/2005,Sunday,14:00,Single motorway,30,T-junction,Traffic light,No physical crossing facility,Daylight,Fine,Dry,None,None,2,1,Driver,F,-1,Slight,Not pedestrian,None,None,1,Car,Going ahead,N,Skid,N,Y,Y,Unknown,M,31,1997,Heavy oil,4
200501EO41365,Slight,2,1,11/12/2005,Sunday,14:00,Single motorway,30,T-junction,Traffic light,No physical crossing facility,Daylight,Fine,Dry,None,None,2,1,Driver,F,-1,Slight,Not pedestrian,None,None,2,Car,U-turn,N,No,N,N,N,Unknown,F,-1,1390,Petrol,2
200501EO41367,Slight,1,1,29/11/2005,Tuesday,19:57,Single motorway,30,Not at junction,NA,No physical crossing facility,Daylight,Fine,Dry,None,None,1,1,Pedestrian,M,12,Slight,Elsewhere,None,None,1,Car,Going ahead,N,No,N,N,N,Unknown,M,50,1951,Heavy oil,NA
200501EO41370,Slight,2,1,21/12/2005,Wednesday,13:30,Single motorway,30,T-junction,Give-way sign,No physical crossing facility,Daylight,Fine,Dry,None,None,1,1,Driver,M,45,Slight,Not pedestrian,None,None,1,Bicycle,Going ahead,N,No,N,N,N,Unknown,M,45,NA,NA,NA
200501EO41370,Slight,2,1,21/12/2005,Wednesday,13:30,Single motorway,30,T-junction,Give-way sign,No physical crossing facility,Daylight,Fine,Dry,None,None,1,1,Driver,M,45,Slight,Not pedestrian,None,None,2,Goods Van,Waiting to/Turning left,N,No,N,N,N,Unknown,M,-1,2402,Heavy oil,4
200501EO41371,Slight,3,5,14/12/2005,Wednesday,10:25,Dual motorway ,30,Not at junction,NA,No physical crossing facility,Daylight,Fine,Dry,None,None,1,1,Driver,F,41,Slight,Not pedestrian,None,None,1,Car,Going ahead,N,No,N,N,N,Unknown,F,41,NA,NA,NA
200501EO41371,Slight,3,5,14/12/2005,Wednesday,10:25,Dual motorway ,30,Not at junction,NA,No physical crossing facility,Daylight,Fine,Dry,None,None,1,1,Driver,F,41,Slight,Not pedestrian,None,None,2,Car,Waiting,N,No,N,N,N,Unknown,M,37,NA,NA,NA
200501EO41371,Slight,3,5,14/12/2005,Wednesday,10:25,Dual motorway ,30,Not at junction,NA,No physical crossing facility,Daylight,Fine,Dry,None,None,1,1,Driver,F,41,Slight,Not pedestrian,None,None,3,Car,Waiting,N,No,N,N,N,Unknown,M,32,2400,Heavy oil,14
200501EO41371,Slight,3,5,14/12/2005,Wednesday,10:25,Dual motorway ,30,Not at junction,NA,No physical crossing facility,Daylight,Fine,Dry,None,None,2,2,Driver,M,37,Slight,Not pedestrian,None,None,1,Car,Going ahead,N,No,N,N,N,Unknown,F,41,NA,NA,NA
200501EO41371,Slight,3,5,14/12/2005,Wednesday,10:25,Dual motorway ,30,Not at junction,NA,No physical crossing facility,Daylight,Fine,Dry,None,None,2,2,Driver,M,37,Slight,Not pedestrian,None,None,2,Car,Waiting,N,No,N,N,N,Unknown,M,37,NA,NA,NA
200501EO41371,Slight,3,5,14/12/2005,Wednesday,10:25,Dual motorway ,30,Not at junction,NA,No physical crossing facility,Daylight,Fine,Dry,None,None,2,2,Driver,M,37,Slight,Not pedestrian,None,None,3,Car,Waiting,N,No,N,N,N,Unknown,M,32,2400,Heavy oil,14
200501EO41371,Slight,3,5,14/12/2005,Wednesday,10:25,Dual motorway ,30,Not at junction,NA,No physical crossing facility,Daylight,Fine,Dry,None,None,2,3,Passenger,M,45,Slight,Not pedestrian,Front seat,None,1,Car,Going ahead,N,No,N,N,N,Unknown,F,41,NA,NA,NA
200501EO41371,Slight,3,5,14/12/2005,Wednesday,10:25,Dual motorway ,30,Not at junction,NA,No physical crossing facility,Daylight,Fine,Dry,None,None,2,3,Passenger,M,45,Slight,Not pedestrian,Front seat,None,2,Car,Waiting,N,No,N,N,N,Unknown,M,37,NA,NA,NA
200501EO41371,Slight,3,5,14/12/2005,Wednesday,10:25,Dual motorway ,30,Not at junction,NA,No physical crossing facility,Daylight,Fine,Dry,None,None,2,3,Passenger,M,45,Slight,Not pedestrian,Front seat,None,3,Car,Waiting,N,No,N,N,N,Unknown,M,32,2400,Heavy oil,14
200501EO41371,Slight,3,5,14/12/2005,Wednesday,10:25,Dual motorway ,30,Not at junction,NA,No physical crossing facility,Daylight,Fine,Dry,None,None,2,4,Passenger,M,55,Slight,Not pedestrian,Rear seat,None,1,Car,Going ahead,N,No,N,N,N,Unknown,F,41,NA,NA,NA
200501EO41371,Slight,3,5,14/12/2005,Wednesday,10:25,Dual motorway ,30,Not at junction,NA,No physical crossing facility,Daylight,Fine,Dry,None,None,2,4,Passenger,M,55,Slight,Not pedestrian,Rear seat,None,2,Car,Waiting,N,No,N,N,N,Unknown,M,37,NA,NA,NA
200501EO41371,Slight,3,5,14/12/2005,Wednesday,10:25,Dual motorway ,30,Not at junction,NA,No physical crossing facility,Daylight,Fine,Dry,None,None,2,4,Passenger,M,55,Slight,Not pedestrian,Rear seat,None,3,Car,Waiting,N,No,N,N,N,Unknown,M,32,2400,Heavy oil,14
200501EO41371,Slight,3,5,14/12/2005,Wednesday,10:25,Dual motorway ,30,Not at junction,NA,No physical crossing facility,Daylight,Fine,Dry,None,None,3,5,Driver,M,32,Slight,Not pedestrian,None,None,1,Car,Going ahead,N,No,N,N,N,Unknown,F,41,NA,NA,NA
200501EO41371,Slight,3,5,14/12/2005,Wednesday,10:25,Dual motorway ,30,Not at junction,NA,No physical crossing facility,Daylight,Fine,Dry,None,None,3,5,Driver,M,32,Slight,Not pedestrian,None,None,2,Car,Waiting,N,No,N,N,N,Unknown,M,37,NA,NA,NA
200501EO41371,Slight,3,5,14/12/2005,Wednesday,10:25,Dual motorway ,30,Not at junction,NA,No physical crossing facility,Daylight,Fine,Dry,None,None,3,5,Driver,M,32,Slight,Not pedestrian,None,None,3,Car,Waiting,N,No,N,N,N,Unknown,M,32,2400,Heavy oil,14
200501EO41372,Slight,1,1,29/11/2005,Tuesday,18:32,Single motorway,30,T-junction,Give-way sign,No physical crossing facility,Daylight,Fine,Dry,None,None,1,1,Driver,M,29,Slight,Not pedestrian,None,None,1,Bicycle,Going ahead,N,No,N,N,N,Unknown,M,29,NA,NA,NA
200501EO41373,Slight,2,1,28/11/2005,Monday,17:50,Single motorway,30,Crossroad,Traffic light,Traffic light,Lights lit,Rain,Wet,None,None,2,1,Driver,M,39,Slight,Not pedestrian,None,None,1,Car,Going ahead,N,No,N,N,N,Unknown,M,54,NA,NA,NA
200501EO41373,Slight,2,1,28/11/2005,Monday,17:50,Single motorway,30,Crossroad,Traffic light,Traffic light,Lights lit,Rain,Wet,None,None,2,1,Driver,M,39,Slight,Not pedestrian,None,None,2,Car,Waiting to/Turning right,N,No,N,N,N,Unknown,M,39,NA,NA,NA
200501EO41374,Slight,2,1,24/11/2005,Thursday,17:08,Single motorway,30,T-junction,Give-way sign,No physical crossing facility,Daylight,Fine,Dry,None,None,1,1,Driver,M,33,Slight,Not pedestrian,None,None,1,Motorcycle,Going ahead,N,No,N,N,N,Unknown,M,33,599,Petrol,2
200501EO41374,Slight,2,1,24/11/2005,Thursday,17:08,Single motorway,30,T-junction,Give-way sign,No physical crossing facility,Daylight,Fine,Dry,None,None,1,1,Driver,M,33,Slight,Not pedestrian,None,None,2,Car,Waiting to/Turning right,N,No,N,N,N,Unknown,M,54,1597,Petrol,11
200501EO41375,Slight,1,1,28/11/2005,Monday,9:35,Single motorway,30,Not at junction,NA,No physical crossing facility,Daylight,Fine,Dry,None,None,1,1,Pedestrian,M,40,Slight,Sidewalk,None,None,1,Bus/Coach,Going ahead,N,No,N,N,N,Unknown,M,29,NA,NA,NA
200501EO41376,Slight,2,1,30/11/2005,Wednesday,3:55,Single motorway,30,T-junction,Give-way sign,No physical crossing facility,Lights lit,Fine,Dry,None,None,2,1,Driver,M,27,Slight,Not pedestrian,None,None,1,Bus/Coach,Halting,N,No,N,N,N,Unknown,M,50,NA,NA,NA
200501EO41376,Slight,2,1,30/11/2005,Wednesday,3:55,Single motorway,30,T-junction,Give-way sign,No physical crossing facility,Lights lit,Fine,Dry,None,None,2,1,Driver,M,27,Slight,Not pedestrian,None,None,2,Car,U-turn,N,No,N,N,N,Unknown,M,27,973,Petrol,5
200501EO41377,Serious,1,1,12/12/2005,Monday,20:59,Single motorway,30,Not at junction,NA,No physical crossing facility,Lights lit,Fine,Dry,None,None,1,1,Pedestrian,F,62,Serious,Elsewhere,None,None,1,Car,Going ahead,N,No,N,N,N,Unknown,M,-1,NA,NA,NA
200501EO41378,Slight,1,1,13/12/2005,Tuesday,0:08,Slip road,30,Crossroad,Traffic light,Traffic light,Lights lit,Fine,Dry,None,None,1,1,Pedestrian,M,43,Slight,Crossing on facility,None,None,1,Car,Going ahead,N,No,N,N,N,Unknown,M,32,1796,Petrol,8
200501EO41379,Slight,3,1,4/8/2005,Thursday,20:05,Single motorway,30,Not at junction,NA,No physical crossing facility,Daylight,Fine,Dry,None,None,1,1,Driver,M,17,Slight,Not pedestrian,None,None,1,Motorcycle,Going ahead,N,No,Y,Y,Y,Unknown,M,17,NA,NA,NA
200501EO41379,Slight,3,1,4/8/2005,Thursday,20:05,Single motorway,30,Not at junction,NA,No physical crossing facility,Daylight,Fine,Dry,None,None,1,1,Driver,M,17,Slight,Not pedestrian,None,None,2,Car,Parking,N,No,N,N,N,Unknown,F,-1,NA,NA,NA
200501EO41379,Slight,3,1,4/8/2005,Thursday,20:05,Single motorway,30,Not at junction,NA,No physical crossing facility,Daylight,Fine,Dry,None,None,1,1,Driver,M,17,Slight,Not pedestrian,None,None,3,Car,Parking,N,No,N,N,N,Unknown,M,39,1796,Petrol,4
200501EO41380,Slight,1,1,2/8/2005,Tuesday,10:25,Single motorway,30,T-junction,Give-way sign,No physical crossing facility,Daylight,Fine,Dry,None,None,1,1,Pedestrian,F,37,Slight,Footbridge,None,None,1,Bus/Coach,Halting,N,No,N,N,N,Unknown,M,62,NA,Heavy oil,6
200501EO41382,Serious,2,2,13/8/2005,Saturday,1:40,Single motorway,30,Crossroad,Traffic light,Traffic light,Lights lit,Fine,Dry,None,None,1,1,Passenger,M,36,Serious,Not pedestrian,Rear seat,None,1,Taxi/Grab,Moving off,N,No,N,N,N,Unknown,M,52,2664,Heavy oil,4
200501EO41382,Serious,2,2,13/8/2005,Saturday,1:40,Single motorway,30,Crossroad,Traffic light,Traffic light,Lights lit,Fine,Dry,None,None,1,1,Passenger,M,36,Serious,Not pedestrian,Rear seat,None,2,Car,Going ahead,N,No,N,Y,Y,Unknown,M,21,1598,Petrol,9
200501EO41382,Serious,2,2,13/8/2005,Saturday,1:40,Single motorway,30,Crossroad,Traffic light,Traffic light,Lights lit,Fine,Dry,None,None,1,2,Driver,M,52,Slight,Not pedestrian,None,None,1,Taxi/Grab,Moving off,N,No,N,N,N,Unknown,M,52,2664,Heavy oil,4
200501EO41382,Serious,2,2,13/8/2005,Saturday,1:40,Single motorway,30,Crossroad,Traffic light,Traffic light,Lights lit,Fine,Dry,None,None,1,2,Driver,M,52,Slight,Not pedestrian,None,None,2,Car,Going ahead,N,No,N,Y,Y,Unknown,M,21,1598,Petrol,9
200501EO41383,Slight,2,2,15/12/2005,Thursday,8:40,Single motorway,30,T-junction,Give-way sign,Zebra crossing,Daylight,Fine,Dry,None,None,2,1,Passenger,F,44,Slight,Not pedestrian,Rear seat,None,1,Bus/Coach,Halting,N,No,N,N,N,Unknown,M,50,NA,Heavy oil,6
200501EO41383,Slight,2,2,15/12/2005,Thursday,8:40,Single motorway,30,T-junction,Give-way sign,Zebra crossing,Daylight,Fine,Dry,None,None,2,1,Passenger,F,44,Slight,Not pedestrian,Rear seat,None,2,Taxi/Grab,Going ahead,N,No,N,N,N,Unknown,M,46,1984,Petrol,3
200501EO41383,Slight,2,2,15/12/2005,Thursday,8:40,Single motorway,30,T-junction,Give-way sign,Zebra crossing,Daylight,Fine,Dry,None,None,2,2,Passenger,F,24,Slight,Not pedestrian,Rear seat,None,1,Bus/Coach,Halting,N,No,N,N,N,Unknown,M,50,NA,Heavy oil,6
200501EO41383,Slight,2,2,15/12/2005,Thursday,8:40,Single motorway,30,T-junction,Give-way sign,Zebra crossing,Daylight,Fine,Dry,None,None,2,2,Passenger,F,24,Slight,Not pedestrian,Rear seat,None,2,Taxi/Grab,Going ahead,N,No,N,N,N,Unknown,M,46,1984,Petrol,3
200501EO41384,Slight,2,1,15/12/2005,Thursday,17:00,Single motorway,30,Not at junction,NA,No physical crossing facility,Daylight,Fine,Dry,None,None,1,1,Driver,M,43,Slight,Not pedestrian,None,None,1,Car,Parking,N,No,N,N,N,Unknown,M,43,NA,NA,NA
200501EO41384,Slight,2,1,15/12/2005,Thursday,17:00,Single motorway,30,Not at junction,NA,No physical crossing facility,Daylight,Fine,Dry,None,None,1,1,Driver,M,43,Slight,Not pedestrian,None,None,2,Car,Going ahead,N,No,N,N,N,Unknown,M,-1,NA,NA,NA
200501EO41385,Slight,2,1,30/11/2005,Wednesday,21:13,Single motorway,30,T-junction,Give-way sign,No physical crossing facility,Lights lit,Rain,Wet,None,None,2,1,Driver,M,40,Slight,Not pedestrian,None,None,1,Car,Waiting to/Turning right,N,No,N,N,N,Unknown,M,29,NA,NA,NA
200501EO41385,Slight,2,1,30/11/2005,Wednesday,21:13,Single motorway,30,T-junction,Give-way sign,No physical crossing facility,Lights lit,Rain,Wet,None,None,2,1,Driver,M,40,Slight,Not pedestrian,None,None,2,Bicycle,Going ahead,N,No,N,N,N,Unknown,M,40,NA,NA,NA
200501EO41386,Slight,2,1,14/12/2005,Wednesday,17:19,Single motorway,30,Not at junction,NA,No physical crossing facility,Lights lit,Rain,Wet,None,None,1,1,Driver,F,38,Slight,Not pedestrian,None,None,1,Motorcycle,Going ahead,N,No,N,N,N,Unknown,F,38,49,Petrol,1
200501EO41386,Slight,2,1,14/12/2005,Wednesday,17:19,Single motorway,30,Not at junction,NA,No physical crossing facility,Lights lit,Rain,Wet,None,None,1,1,Driver,F,38,Slight,Not pedestrian,None,None,2,Car,U-turn,N,No,N,N,N,Unknown,M,64,NA,NA,NA
200501EO41387,Slight,2,1,23/11/2005,Wednesday,12:46,Single motorway,30,Not at junction,NA,No physical crossing facility,Daylight,Fine,Dry,None,None,2,1,Driver,M,46,Slight,Not pedestrian,None,None,1,Car,Waiting to/Turning right,N,No,N,N,N,Unknown,M,34,NA,NA,NA
200501EO41387,Slight,2,1,23/11/2005,Wednesday,12:46,Single motorway,30,Not at junction,NA,No physical crossing facility,Daylight,Fine,Dry,None,None,2,1,Driver,M,46,Slight,Not pedestrian,None,None,2,Bicycle,Going ahead,N,No,N,N,N,Unknown,M,46,NA,NA,NA
200501EO41388,Slight,2,2,1/12/2005,Thursday,22:17,Single motorway,30,More than 4 sections,Traffic light,Traffic light,Lights lit,Rain,Wet,None,None,1,1,Passenger,F,23,Slight,Not pedestrian,Front seat,None,1,Car,Waiting to/Turning right,N,No,N,N,N,Unknown,M,28,NA,NA,NA
200501EO41388,Slight,2,2,1/12/2005,Thursday,22:17,Single motorway,30,More than 4 sections,Traffic light,Traffic light,Lights lit,Rain,Wet,None,None,1,1,Passenger,F,23,Slight,Not pedestrian,Front seat,None,2,Car,Going ahead,N,No,N,N,N,Unknown,F,43,NA,NA,NA
200501EO41388,Slight,2,2,1/12/2005,Thursday,22:17,Single motorway,30,More than 4 sections,Traffic light,Traffic light,Lights lit,Rain,Wet,None,None,1,2,Driver,M,28,Slight,Not pedestrian,None,None,1,Car,Waiting to/Turning right,N,No,N,N,N,Unknown,M,28,NA,NA,NA
200501EO41388,Slight,2,2,1/12/2005,Thursday,22:17,Single motorway,30,More than 4 sections,Traffic light,Traffic light,Lights lit,Rain,Wet,None,None,1,2,Driver,M,28,Slight,Not pedestrian,None,None,2,Car,Going ahead,N,No,N,N,N,Unknown,F,43,NA,NA,NA
200501EO41389,Slight,2,2,17/12/2005,Saturday,14:00,Single motorway,30,T-junction,Give-way sign,No physical crossing facility,Daylight,Fine,Dry,None,None,1,1,Driver,M,47,Slight,Not pedestrian,None,None,1,Goods Van,Overtaking,N,No,N,N,N,Unknown,M,47,2151,Heavy oil,NA
200501EO41389,Slight,2,2,17/12/2005,Saturday,14:00,Single motorway,30,T-junction,Give-way sign,No physical crossing facility,Daylight,Fine,Dry,None,None,1,1,Driver,M,47,Slight,Not pedestrian,None,None,2,Taxi/Grab,Going ahead,N,No,N,N,N,Job,M,53,2664,Heavy oil,12
200501EO41389,Slight,2,2,17/12/2005,Saturday,14:00,Single motorway,30,T-junction,Give-way sign,No physical crossing facility,Daylight,Fine,Dry,None,None,2,2,Driver,M,53,Slight,Not pedestrian,None,None,1,Goods Van,Overtaking,N,No,N,N,N,Unknown,M,47,2151,Heavy oil,NA
200501EO41389,Slight,2,2,17/12/2005,Saturday,14:00,Single motorway,30,T-junction,Give-way sign,No physical crossing facility,Daylight,Fine,Dry,None,None,2,2,Driver,M,53,Slight,Not pedestrian,None,None,2,Taxi/Grab,Going ahead,N,No,N,N,N,Job,M,53,2664,Heavy oil,12