Accident_Index,Accident_Severity,Number_of_Vehicles,Number_of_Casualties,Date,Day_of_Week,Time,Road_Type,Speed_Limit,Junction_Detail,Junction_Control,Pedestrian_Crossing_Type,Light_Conditions,Weather_Conditions,Road_Surface_Conditions,Special_Conditions_at_Site,Road_Hazards,Vehicle_Reference.x,Casualty_Reference,Casualty_Class,Sex_of_Casualty,Age_of_Casualty,Casualty_Severity,Pedestrian_Location,Car_Passenger,Bus_or_Coach_Passenger,Vehicle_Reference.y,Vehicle_Type,Vehicle_Manoeuvre,Vehicle_in_Restricted_Lane,Skidding_and_Overturning,Hit_Object_on_Road,Vehicle_veer_off_Road,Hit_Object_off_Road,Journey_Purpose_of_Driver,Sex_of_Driver,Age_of_Driver,Engine_Capacity_CC,Engine_Type,Age_of_Vehicle
200501EO41390,Slight,1,1,28/11/2005,Monday,14:31,Single motorway,30,Not at junction,NA,No physical crossing facility,Daylight,Fine,Dry,None,None,1,1,Pedestrian,M,15,Slight,Elsewhere,None,None,1,Car,Going ahead,N,No,N,N,N,Unknown,M,33,1951,Heavy oil,1
200501EO41391,Slight,2,3,5/12/2005,Monday,21:54,One way street,30,Crossroad,Give-way sign,No physical crossing facility,Lights lit,Fine,Dry,None,None,1,1,Driver,M,-1,Slight,Not pedestrian,None,None,1,Taxi/Grab,Going ahead,N,No,N,N,N,Unknown,M,-1,2664,Heavy oil,7
200501EO41391,Slight,2,3,5/12/2005,Monday,21:54,One way street,30,Crossroad,Give-way sign,No physical crossing facility,Lights lit,Fine,Dry,None,None,1,1,Driver,M,-1,Slight,Not pedestrian,None,None,2,Bus/Coach,Waiting to/Turning right,N,No,N,N,N,Job,M,31,8268,Heavy oil,2
200501EO41391,Slight,2,3,5/12/2005,Monday,21:54,One way street,30,Crossroad,Give-way sign,No physical crossing facility,Lights lit,Fine,Dry,None,None,1,2,Passenger,M,47,Slight,Not pedestrian,Rear seat,None,1,Taxi/Grab,Going ahead,N,No,N,N,N,Unknown,M,-1,2664,Heavy oil,7
200501EO41391,Slight,2,3,5/12/2005,Monday,21:54,One way street,30,Crossroad,Give-way sign,No physical crossing facility,Lights lit,Fine,Dry,None,None,1,2,Passenger,M,47,Slight,Not pedestrian,Rear seat,None,2,Bus/Coach,Waiting to/Turning right,N,No,N,N,N,Job,M,31,8268,Heavy oil,2
200501EO41391,Slight,2,3,5/12/2005,Monday,21:54,One way street,30,Crossroad,Give-way sign,No physical crossing facility,Lights lit,Fine,Dry,None,None,1,3,Passenger,F,29,Slight,Not pedestrian,Rear seat,None,1,Taxi/Grab,Going ahead,N,No,N,N,N,Unknown,M,-1,2664,Heavy oil,7
200501EO41391,Slight,2,3,5/12/2005,Monday,21:54,One way street,30,Crossroad,Give-way sign,No physical crossing facility,Lights lit,Fine,Dry,None,None,1,3,Passenger,F,29,Slight,Not pedestrian,Rear seat,None,2,Bus/Coach,Waiting to/Turning right,N,No,N,N,N,Job,M,31,8268,Heavy oil,2
200501EO41392,Slight,2,1,7/12/2005,Wednesday,9:56,Single motorway,30,T-junction,Give-way sign,No physical crossing facility,Daylight,Fine,Wet,None,None,2,1,Driver,M,23,Slight,Not pedestrian,None,None,1,Car,Waiting to/Turning right,N,No,N,N,N,Unknown,M,36,NA,NA,NA
200501EO41392,Slight,2,1,7/12/2005,Wednesday,9:56,Single motorway,30,T-junction,Give-way sign,No physical crossing facility,Daylight,Fine,Wet,None,None,2,1,Driver,M,23,Slight,Not pedestrian,None,None,2,Motorcycle,Going ahead,N,No,N,N,N,Unknown,M,23,NA,NA,NA
200501EO41393,Slight,1,1,14/12/2005,Wednesday,18:24,Single motorway,30,Crossroad,Traffic light,Traffic light,Lights lit,Fine,Wet,None,None,1,1,Pedestrian,F,56,Slight,Crossing on facility,None,None,1,Motorcycle,Going ahead,N,Skid,N,N,N,Unknown,F,36,NA,NA,NA
200501EO41394,Slight,1,1,14/12/2005,Wednesday,14:25,Single motorway,30,Not at junction,NA,No physical crossing facility,Daylight,Fine,Dry,None,None,1,1,Passenger,F,44,Slight,Not pedestrian,None,Standing,1,Bus/Coach,Going ahead,N,No,N,N,N,Job,M,-1,NA,NA,NA
200501EO41395,Slight,1,1,30/11/2005,Wednesday,12:30,Single motorway,30,T-junction,Give-way sign,No physical crossing facility,Daylight,Fine,Dry,None,None,1,1,Passenger,F,77,Slight,Not pedestrian,None,Standing,1,Bus/Coach,Going ahead,N,No,N,N,N,Unknown,M,-1,NA,NA,NA
200501EO41396,Slight,1,1,6/12/2005,Tuesday,16:52,Slip road,30,T-junction,Give-way sign,Non-junction pedestrian light crossing,Lights lit,Rain,Wet,None,None,1,1,Pedestrian,M,19,Slight,Crossing on facility,None,None,1,Car,Going ahead,N,Skid,N,N,N,Unknown,F,39,3199,Petrol,8
200501EO41397,Slight,1,1,13/12/2005,Tuesday,21:00,Roundabout,30,Roundabout,Give-way sign,Zebra crossing,Lights lit,Fine,Dry,None,None,1,1,Passenger,M,33,Slight,Not pedestrian,None,Alighting,1,Bus/Coach,Going ahead,N,No,N,N,N,Job,M,40,7300,Heavy oil,2
200501EO41398,Slight,1,1,7/12/2005,Wednesday,8:55,Single motorway,30,Crossroad,Give-way sign,No physical crossing facility,Daylight,Rain,Wet,None,None,1,1,Driver,M,26,Slight,Not pedestrian,None,None,1,Motorcycle,Going ahead,N,No,N,N,N,Unknown,M,26,124,Petrol,7
200501EO41399,Slight,2,1,12/12/2005,Monday,18:30,Single motorway,30,T-junction,Traffic light,Traffic light,Lights lit,Fine,Wet,None,None,1,1,Driver,M,52,Slight,Not pedestrian,None,None,1,Taxi/Grab,Going ahead,N,No,N,N,N,Unknown,M,52,2402,Heavy oil,1
200501EO41399,Slight,2,1,12/12/2005,Monday,18:30,Single motorway,30,T-junction,Traffic light,Traffic light,Lights lit,Fine,Wet,None,None,1,1,Driver,M,52,Slight,Not pedestrian,None,None,2,Taxi/Grab,Halting,N,No,N,N,N,Unknown,M,47,2664,Heavy oil,9
200501EO41400,Slight,2,1,30/11/2005,Wednesday,12:38,Single motorway,30,T-junction,Give-way sign,No physical crossing facility,Daylight,Fine,Dry,None,None,1,1,Driver,M,20,Slight,Not pedestrian,None,None,1,Goods Van,Parking,N,No,N,N,N,Unknown,M,20,NA,NA,NA
200501EO41400,Slight,2,1,30/11/2005,Wednesday,12:38,Single motorway,30,T-junction,Give-way sign,No physical crossing facility,Daylight,Fine,Dry,None,None,1,1,Driver,M,20,Slight,Not pedestrian,None,None,2,Goods Van,Overtaking,N,No,Y,N,N,Job,M,39,2500,Heavy oil,4
200501EO41401,Slight,1,1,30/11/2005,Wednesday,7:45,Single motorway,30,T-junction,Give-way sign,Zebra crossing,Daylight,Fine,Dry,None,None,1,1,Pedestrian,F,25,Slight,Crossing on facility,None,None,1,Car,Going ahead,N,No,N,N,N,Unknown,F,37,1341,Petrol,2
200501EO41402,Slight,2,1,6/12/2005,Tuesday,9:35,Dual motorway ,30,T-junction,Give-way sign,No physical crossing facility,Daylight,Fine,Dry,None,None,1,1,Driver,M,25,Slight,Not pedestrian,None,None,1,Motorcycle,Overtaking,N,No,N,N,N,Unknown,M,25,85,Petrol,5
200501EO41402,Slight,2,1,6/12/2005,Tuesday,9:35,Dual motorway ,30,T-junction,Give-way sign,No physical crossing facility,Daylight,Fine,Dry,None,None,1,1,Driver,M,25,Slight,Not pedestrian,None,None,2,Car,Waiting to/Turning right,N,No,N,N,N,Unknown,M,41,NA,NA,NA
200501EO41403,Slight,2,1,6/12/2005,Tuesday,19:33,Single motorway,30,T-junction,Give-way sign,No physical crossing facility,Lights lit,Fine,Dry,None,None,1,1,Driver,F,45,Slight,Not pedestrian,None,None,1,Car,Halting,N,No,N,N,N,Unknown,F,45,1299,Petrol,3
200501EO41403,Slight,2,1,6/12/2005,Tuesday,19:33,Single motorway,30,T-junction,Give-way sign,No physical crossing facility,Lights lit,Fine,Dry,None,None,1,1,Driver,F,45,Slight,Not pedestrian,None,None,2,Car,Going ahead,N,No,N,N,N,Unknown,M,-1,2597,Petrol,3
200501EO41404,Slight,2,1,9/12/2005,Friday,20:25,Single motorway,30,Not at junction,NA,No physical crossing facility,Lights lit,Fine,Dry,None,None,1,1,Driver,M,28,Slight,Not pedestrian,None,None,1,Motorcycle,Going ahead,N,No,N,N,N,To/From Work,M,28,NA,NA,NA
200501EO41404,Slight,2,1,9/12/2005,Friday,20:25,Single motorway,30,Not at junction,NA,No physical crossing facility,Lights lit,Fine,Dry,None,None,1,1,Driver,M,28,Slight,Not pedestrian,None,None,2,Car,Moving off,N,No,N,N,N,Unknown,M,32,1296,Petrol,6
200501EO41405,Slight,2,1,3/12/2005,Saturday,16:00,Single motorway,30,Private entrance,Give-way sign,No physical crossing facility,Lights lit,Fine,Dry,None,None,1,1,Driver,M,17,Slight,Not pedestrian,None,None,1,Motorcycle,Overtaking,N,No,N,N,N,Unknown,M,17,NA,NA,NA
200501EO41405,Slight,2,1,3/12/2005,Saturday,16:00,Single motorway,30,Private entrance,Give-way sign,No physical crossing facility,Lights lit,Fine,Dry,None,None,1,1,Driver,M,17,Slight,Not pedestrian,None,None,2,Car,Waiting to/Turning right,N,No,N,N,N,Unknown,M,30,1598,Petrol,1
200501EO41406,Slight,2,1,1/12/2005,Thursday,10:24,Single motorway,30,T-junction,Stop sign,No physical crossing facility,Daylight,Rain,Wet,None,None,2,1,Driver,M,42,Slight,Not pedestrian,None,None,1,Goods Van,Waiting to/Turning right,N,No,N,N,N,Unknown,M,32,NA,NA,NA
200501EO41406,Slight,2,1,1/12/2005,Thursday,10:24,Single motorway,30,T-junction,Stop sign,No physical crossing facility,Daylight,Rain,Wet,None,None,2,1,Driver,M,42,Slight,Not pedestrian,None,None,2,Bicycle,Overtaking,N,No,N,N,N,Unknown,M,42,NA,NA,NA
200501EO41407,Slight,2,1,14/12/2005,Wednesday,21:00,Single motorway,30,T-junction,Give-way sign,No physical crossing facility,Lights lit,Fine,Dry,None,None,2,1,Driver,M,33,Slight,Not pedestrian,None,None,1,Car,Waiting to/Turning right,N,No,N,N,N,Unknown,M,71,1389,Petrol,11
200501EO41407,Slight,2,1,14/12/2005,Wednesday,21:00,Single motorway,30,T-junction,Give-way sign,No physical crossing facility,Lights lit,Fine,Dry,None,None,2,1,Driver,M,33,Slight,Not pedestrian,None,None,2,Motorcycle,Going ahead,N,Skid,N,Y,N,Unknown,M,33,NA,NA,NA
200501EO41408,Serious,1,1,15/12/2005,Thursday,12:00,Single motorway,30,Not at junction,NA,Traffic light,Daylight,Unknown,Dry,None,None,1,1,Pedestrian,F,26,Serious,Crossing on facility,None,None,1,Motorcycle,Going ahead,N,No,N,N,N,Unknown,NA,-1,NA,NA,NA
200501EO41409,Serious,2,1,25/11/2005,Friday,9:30,Single motorway,30,T-junction,Give-way sign,Zebra crossing,Daylight,Fine,Dry,None,None,1,1,Driver,M,39,Serious,Not pedestrian,None,None,1,Bicycle,Going ahead,N,No,N,N,N,Unknown,M,39,NA,NA,NA
200501EO41409,Serious,2,1,25/11/2005,Friday,9:30,Single motorway,30,T-junction,Give-way sign,Zebra crossing,Daylight,Fine,Dry,None,None,1,1,Driver,M,39,Serious,Not pedestrian,None,None,2,Goods Van,Overtaking,Y,No,N,N,N,Unknown,M,-1,NA,NA,NA
200501EO41410,Slight,2,1,16/12/2005,Friday,9:25,Single motorway,30,T-junction,Give-way sign,Non-junction pedestrian light crossing,Daylight,Fine,Dry,None,None,1,1,Driver,M,38,Slight,Not pedestrian,None,None,1,Bicycle,Going ahead,N,No,N,N,N,Unknown,M,38,NA,NA,NA
200501EO41410,Slight,2,1,16/12/2005,Friday,9:25,Single motorway,30,T-junction,Give-way sign,Non-junction pedestrian light crossing,Daylight,Fine,Dry,None,None,1,1,Driver,M,38,Slight,Not pedestrian,None,None,2,Goods Van,Overtaking,N,No,N,N,N,Job,M,-1,NA,NA,NA
200501EO41411,Slight,2,1,4/12/2005,Sunday,17:05,Single motorway,30,Not at junction,NA,No physical crossing facility,Lights lit,Fine,Wet,None,None,1,1,Driver,F,39,Slight,Not pedestrian,None,None,1,Car,Going ahead,N,No,N,N,N,Unknown,F,39,1595,Petrol,5
200501EO41411,Slight,2,1,4/12/2005,Sunday,17:05,Single motorway,30,Not at junction,NA,No physical crossing facility,Lights lit,Fine,Wet,None,None,1,1,Driver,F,39,Slight,Not pedestrian,None,None,2,Car,Going ahead,N,No,N,N,N,Unknown,M,-1,NA,NA,NA
200501EO41412,Serious,2,1,7/12/2005,Wednesday,16:53,Single motorway,30,Crossroad,Traffic light,Traffic light,Lights lit,Fine,Dry,None,None,2,1,Driver,M,25,Serious,Not pedestrian,None,None,1,Goods Van,Waiting to/Turning right,N,No,N,N,N,Unknown,M,22,2151,Heavy oil,2
200501EO41412,Serious,2,1,7/12/2005,Wednesday,16:53,Single motorway,30,Crossroad,Traffic light,Traffic light,Lights lit,Fine,Dry,None,None,2,1,Driver,M,25,Serious,Not pedestrian,None,None,2,Motorcycle,Overtaking,N,No,N,N,N,Unknown,M,25,50,Petrol,3
200501EO41413,Slight,1,1,28/11/2005,Monday,10:09,Single motorway,30,Crossroad,Traffic light,Traffic light,Daylight,Fine,Wet,None,None,1,1,Passenger,F,44,Slight,Not pedestrian,None,Standing,1,Bus/Coach,Waiting to/Turning right,N,No,Y,Y,Y,Job,M,43,NA,Heavy oil,6
200501EO41414,Serious,1,1,21/12/2005,Wednesday,13:00,Single motorway,30,Crossroad,Give-way sign,No physical crossing facility,Daylight,Fine,Dry,None,None,1,1,Pedestrian,F,42,Serious,Elsewhere,None,None,1,Goods Van,Going ahead,N,No,N,N,N,Job,M,27,4250,Heavy oil,2
200501EO41415,Serious,1,1,10/11/2005,Thursday,16:06,Single motorway,30,T-junction,Give-way sign,No physical crossing facility,Lights lit,Fine,Dry,None,None,1,1,Pedestrian,M,7,Serious,Elsewhere,None,None,1,Motorcycle,Going ahead,N,No,N,N,N,Unknown,M,52,1084,Petrol,9
200501EO41416,Slight,2,1,4/12/2005,Sunday,18:55,Single motorway,30,Crossroad,Traffic light,Traffic light,Lights lit,Fine,Wet,None,None,1,1,Passenger,F,48,Slight,Not pedestrian,Rear seat,None,1,Car,Going ahead,N,No,N,N,N,Unknown,M,24,NA,NA,NA
200501EO41416,Slight,2,1,4/12/2005,Sunday,18:55,Single motorway,30,Crossroad,Traffic light,Traffic light,Lights lit,Fine,Wet,None,None,1,1,Passenger,F,48,Slight,Not pedestrian,Rear seat,None,2,Car,Going ahead,N,No,N,N,N,Unknown,M,38,NA,NA,NA
200501EO41417,Slight,2,1,6/12/2005,Tuesday,21:25,Single motorway,30,T-junction,Give-way sign,No physical crossing facility,Lights lit,Fine,Dry,None,None,2,1,Driver,M,-1,Slight,Not pedestrian,None,None,1,Taxi/Grab,Waiting to/Turning right,N,No,N,N,N,Job,M,53,2664,Heavy oil,8
200501EO41417,Slight,2,1,6/12/2005,Tuesday,21:25,Single motorway,30,T-junction,Give-way sign,No physical crossing facility,Lights lit,Fine,Dry,None,None,2,1,Driver,M,-1,Slight,Not pedestrian,None,None,2,Bicycle,Going ahead,N,No,N,N,N,Unknown,M,-1,NA,NA,NA
200501EO41418,Slight,1,1,8/12/2005,Thursday,15:35,Single motorway,30,T-junction,Give-way sign,No physical crossing facility,Daylight,Fine,Dry,None,None,1,1,Pedestrian,M,85,Slight,Elsewhere,None,None,1,Goods Van,Reversing,N,No,N,N,N,Unknown,M,-1,NA,NA,NA
200501EO41419,Slight,1,1,3/11/2005,Thursday,17:55,Single motorway,30,Not at junction,NA,No physical crossing facility,Lights lit,Fine,Dry,None,None,1,1,Passenger,F,27,Slight,Not pedestrian,None,Standing,1,Bus/Coach,Going ahead,N,No,N,N,N,Unknown,NA,-1,NA,NA,NA
200501EO41420,Slight,2,1,2/11/2005,Wednesday,18:15,Single motorway,30,T-junction,Give-way sign,No physical crossing facility,Daylight,Fine,Dry,None,None,1,1,Driver,M,20,Slight,Not pedestrian,None,None,1,Motorcycle,Overtaking,N,No,N,N,N,Unknown,M,20,125,Petrol,7
200501EO41420,Slight,2,1,2/11/2005,Wednesday,18:15,Single motorway,30,T-junction,Give-way sign,No physical crossing facility,Daylight,Fine,Dry,None,None,1,1,Driver,M,20,Slight,Not pedestrian,None,None,2,Car,Waiting to/Turning right,N,No,N,N,N,Unknown,F,46,2967,Petrol,2
200501EO41421,Slight,1,1,16/12/2005,Friday,17:03,Dual motorway ,30,T-junction,Give-way sign,No physical crossing facility,Lights lit,Fine,Dry,None,None,1,1,Driver,M,36,Slight,Not pedestrian,None,None,1,Bicycle,Going ahead,N,No,N,N,N,Unknown,M,36,NA,NA,NA
200501EO41422,Slight,2,1,1/11/2005,Tuesday,10:48,Single motorway,30,Not at junction,NA,No physical crossing facility,Daylight,Fine,Dry,None,None,2,1,Driver,F,53,Slight,Not pedestrian,None,None,1,Car,Going ahead,N,No,N,N,N,Unknown,M,43,NA,NA,NA
200501EO41422,Slight,2,1,1/11/2005,Tuesday,10:48,Single motorway,30,Not at junction,NA,No physical crossing facility,Daylight,Fine,Dry,None,None,2,1,Driver,F,53,Slight,Not pedestrian,None,None,2,Car,Going ahead,N,No,N,N,N,Unknown,F,53,1781,Petrol,4
200501EO41424,Slight,4,1,25/12/2005,Sunday,11:10,Dual motorway ,30,Unknown,Give-way sign,No physical crossing facility,Daylight,Fine,Wet,None,None,2,1,Driver,M,31,Slight,Not pedestrian,None,None,1,Car,Parking,N,No,N,N,N,Unknown,F,-1,1781,Petrol,16
200501EO41424,Slight,4,1,25/12/2005,Sunday,11:10,Dual motorway ,30,Unknown,Give-way sign,No physical crossing facility,Daylight,Fine,Wet,None,None,2,1,Driver,M,31,Slight,Not pedestrian,None,None,2,Car,Going ahead,N,No,N,N,N,Unknown,M,31,NA,NA,NA
200501EO41424,Slight,4,1,25/12/2005,Sunday,11:10,Dual motorway ,30,Unknown,Give-way sign,No physical crossing facility,Daylight,Fine,Wet,None,None,2,1,Driver,M,31,Slight,Not pedestrian,None,None,3,Car,Parking,N,No,N,N,N,Unknown,M,30,NA,NA,NA
200501EO41424,Slight,4,1,25/12/2005,Sunday,11:10,Dual motorway ,30,Unknown,Give-way sign,No physical crossing facility,Daylight,Fine,Wet,None,None,2,1,Driver,M,31,Slight,Not pedestrian,None,None,4,Car,Parking,N,No,N,N,N,Unknown,M,-1,NA,NA,NA
200501EO41425,Slight,2,1,26/12/2005,Monday,13:40,Single motorway,30,Not at junction,NA,Zebra crossing,Daylight,Fine,Dry,None,None,1,1,Driver,M,39,Slight,Not pedestrian,None,None,1,Car,Going ahead,N,No,N,N,N,Unknown,M,39,1896,Heavy oil,NA
200501EO41425,Slight,2,1,26/12/2005,Monday,13:40,Single motorway,30,Not at junction,NA,Zebra crossing,Daylight,Fine,Dry,None,None,1,1,Driver,M,39,Slight,Not pedestrian,None,None,2,Car,Going ahead,N,Skid,N,N,N,Unknown,M,-1,NA,NA,NA
200501EO41426,Slight,2,1,14/12/2005,Wednesday,17:45,Single motorway,30,Crossroad,Traffic light,No physical crossing facility,Lights lit,Fine,Dry,None,None,1,1,Driver,F,26,Slight,Not pedestrian,None,None,1,Bicycle,Going ahead,N,No,N,N,N,Unknown,F,26,NA,NA,NA
200501EO41426,Slight,2,1,14/12/2005,Wednesday,17:45,Single motorway,30,Crossroad,Traffic light,No physical crossing facility,Lights lit,Fine,Dry,None,None,1,1,Driver,F,26,Slight,Not pedestrian,None,None,2,Car,Waiting to/Turning right,N,No,N,N,N,Unknown,F,-1,1951,Heavy oil,2
200501EO41427,Slight,2,1,2/12/2005,Friday,23:15,Single motorway,30,Unknown,Give-way sign,No physical crossing facility,Lights lit,Rain,Wet,None,None,1,1,Driver,M,23,Slight,Not pedestrian,None,None,1,Motorcycle,Going ahead,N,No,Y,N,N,Unknown,M,23,124,Petrol,2
200501EO41427,Slight,2,1,2/12/2005,Friday,23:15,Single motorway,30,Unknown,Give-way sign,No physical crossing facility,Lights lit,Rain,Wet,None,None,1,1,Driver,M,23,Slight,Not pedestrian,None,None,2,Car,Overtaking,N,No,Y,N,N,Unknown,F,-1,1798,Petrol,7
200501EO41428,Slight,1,1,30/11/2005,Wednesday,20:10,Single motorway,30,Not at junction,NA,No physical crossing facility,Lights lit,Fine,Wet,None,None,1,1,Pedestrian,F,32,Slight,Elsewhere,None,None,1,Car,Going ahead,N,No,N,N,N,Unknown,F,33,1390,Petrol,3
200501EO41429,Slight,2,1,4/12/2005,Sunday,8:40,Single motorway,30,Crossroad,Traffic light,No physical crossing facility,Daylight,Fine,Dry,None,None,2,1,Driver,M,29,Slight,Not pedestrian,None,None,1,Car,Waiting to/Turning right,N,No,N,N,N,Unknown,M,62,1995,Petrol,9
200501EO41429,Slight,2,1,4/12/2005,Sunday,8:40,Single motorway,30,Crossroad,Traffic light,No physical crossing facility,Daylight,Fine,Dry,None,None,2,1,Driver,M,29,Slight,Not pedestrian,None,None,2,Motorcycle,Going ahead,N,Skid,N,Y,Y,Unknown,M,29,NA,NA,NA
200501EO41430,Slight,1,1,9/12/2005,Friday,13:00,Single motorway,30,T-junction,Give-way sign,No physical crossing facility,Daylight,Fine,Dry,None,None,1,1,Passenger,F,77,Slight,Not pedestrian,None,Seated,1,Bus/Coach,Halting,N,No,N,N,N,Job,M,34,NA,Heavy oil,7
200501EO41431,Slight,2,1,2/12/2005,Friday,17:30,Single motorway,30,T-junction,Give-way sign,No physical crossing facility,Lights lit,Fine with strong winds,Wet,None,None,1,1,Driver,M,27,Slight,Not pedestrian,None,None,1,Motorcycle,Going ahead,N,No,N,N,N,Unknown,M,27,398,Petrol,15
200501EO41431,Slight,2,1,2/12/2005,Friday,17:30,Single motorway,30,T-junction,Give-way sign,No physical crossing facility,Lights lit,Fine with strong winds,Wet,None,None,1,1,Driver,M,27,Slight,Not pedestrian,None,None,2,Goods Van,Waiting to/Turning left,N,No,N,N,N,Unknown,M,36,NA,NA,NA
200501EO41432,Slight,1,1,5/12/2005,Monday,13:20,Single motorway,30,Crossroad,Traffic light,Traffic light,Daylight,Fine,Dry,None,None,1,1,Pedestrian,M,68,Slight,Crossing on facility,None,None,1,Bus/Coach,Waiting to/Turning left,N,No,N,N,N,Job,M,57,NA,Heavy oil,6
200501EO41434,Slight,1,1,19/12/2005,Monday,17:25,Single motorway,30,T-junction,Traffic light,Traffic light,Lights lit,Fine,Dry,None,None,1,1,Pedestrian,M,38,Slight,Unknown,None,None,1,Taxi/Grab,Going ahead,N,No,N,N,N,Job,M,49,1995,Heavy oil,NA
200501EO41435,Slight,3,2,4/12/2005,Sunday,19:51,Single motorway,30,T-junction,Traffic light,No physical crossing facility,Lights lit,Fine,Dry,Roadworks,None,1,1,Driver,M,25,Slight,Not pedestrian,None,None,1,Car,Halting,N,No,N,N,N,Unknown,M,25,1598,Petrol,10
200501EO41435,Slight,3,2,4/12/2005,Sunday,19:51,Single motorway,30,T-junction,Traffic light,No physical crossing facility,Lights lit,Fine,Dry,Roadworks,None,1,1,Driver,M,25,Slight,Not pedestrian,None,None,2,Car,Halting,N,No,N,N,N,Unknown,M,22,1721,Petrol,16
200501EO41435,Slight,3,2,4/12/2005,Sunday,19:51,Single motorway,30,T-junction,Traffic light,No physical crossing facility,Lights lit,Fine,Dry,Roadworks,None,1,1,Driver,M,25,Slight,Not pedestrian,None,None,3,Car,Going ahead,N,No,N,N,N,Unknown,NA,-1,NA,NA,NA
200501EO41435,Slight,3,2,4/12/2005,Sunday,19:51,Single motorway,30,T-junction,Traffic light,No physical crossing facility,Lights lit,Fine,Dry,Roadworks,None,2,2,Driver,M,22,Slight,Not pedestrian,None,None,1,Car,Halting,N,No,N,N,N,Unknown,M,25,1598,Petrol,10
200501EO41435,Slight,3,2,4/12/2005,Sunday,19:51,Single motorway,30,T-junction,Traffic light,No physical crossing facility,Lights lit,Fine,Dry,Roadworks,None,2,2,Driver,M,22,Slight,Not pedestrian,None,None,2,Car,Halting,N,No,N,N,N,Unknown,M,22,1721,Petrol,16
200501EO41435,Slight,3,2,4/12/2005,Sunday,19:51,Single motorway,30,T-junction,Traffic light,No physical crossing facility,Lights lit,Fine,Dry,Roadworks,None,2,2,Driver,M,22,Slight,Not pedestrian,None,None,3,Car,Going ahead,N,No,N,N,N,Unknown,NA,-1,NA,NA,NA
200501EO41436,Slight,2,1,12/12/2005,Monday,19:08,Dual motorway ,30,Not at junction,NA,No physical crossing facility,Lights lit,Fine,Dry,None,None,2,1,Driver,F,28,Slight,Not pedestrian,None,None,1,Car,Parking,N,No,N,N,N,Unknown,M,36,NA,NA,NA
200501EO41436,Slight,2,1,12/12/2005,Monday,19:08,Dual motorway ,30,Not at junction,NA,No physical crossing facility,Lights lit,Fine,Dry,None,None,2,1,Driver,F,28,Slight,Not pedestrian,None,None,2,Bicycle,Going ahead,N,No,N,N,N,Unknown,F,28,NA,NA,NA
200501EO41438,Slight,2,1,20/12/2005,Tuesday,11:43,Single motorway,30,T-junction,Give-way sign,No physical crossing facility,Daylight,Fine,Dry,None,None,1,1,Driver,M,31,Slight,Not pedestrian,None,None,1,Motorcycle,Halting,N,No,N,N,N,Unknown,M,31,599,Petrol,NA
200501EO41438,Slight,2,1,20/12/2005,Tuesday,11:43,Single motorway,30,T-junction,Give-way sign,No physical crossing facility,Daylight,Fine,Dry,None,None,1,1,Driver,M,31,Slight,Not pedestrian,None,None,2,Car,Waiting to/Turning left,N,No,N,N,N,Unknown,M,55,1597,Petrol,14
200501EO41439,Slight,2,1,29/12/2005,Thursday,23:00,Single motorway,30,Not at junction,NA,No physical crossing facility,Lights lit,Fine,Wet,None,None,1,1,Driver,M,40,Slight,Not pedestrian,None,None,1,Car,Going ahead,N,No,N,N,N,Unknown,M,40,1762,Petrol,6
200501EO41439,Slight,2,1,29/12/2005,Thursday,23:00,Single motorway,30,Not at junction,NA,No physical crossing facility,Lights lit,Fine,Wet,None,None,1,1,Driver,M,40,Slight,Not pedestrian,None,None,2,Bus/Coach,Going ahead,N,No,N,N,N,Job,NA,-1,NA,NA,NA
200501EO41440,Slight,2,1,8/12/2005,Thursday,9:20,Single motorway,30,Crossroad,Traffic light,Traffic light,Daylight,Rain,Wet,None,None,2,1,Driver,F,30,Slight,Not pedestrian,None,None,1,Car,Waiting to/Turning right,N,No,N,N,N,Unknown,M,43,1997,Heavy oil,NA
200501EO41440,Slight,2,1,8/12/2005,Thursday,9:20,Single motorway,30,Crossroad,Traffic light,Traffic light,Daylight,Rain,Wet,None,None,2,1,Driver,F,30,Slight,Not pedestrian,None,None,2,Motorcycle,Going ahead,N,No,N,N,N,Unknown,F,30,124,Petrol,1
200501EO41441,Serious,2,1,14/12/2005,Wednesday,17:22,Single motorway,30,Not at junction,NA,No physical crossing facility,Lights lit,Rain,Wet,None,None,2,1,Driver,F,33,Serious,Not pedestrian,None,None,1,Car,Parking,N,No,N,N,N,Unknown,M,26,1800,Petrol,6
200501EO41441,Serious,2,1,14/12/2005,Wednesday,17:22,Single motorway,30,Not at junction,NA,No physical crossing facility,Lights lit,Rain,Wet,None,None,2,1,Driver,F,33,Serious,Not pedestrian,None,None,2,Bicycle,Going ahead,N,No,N,N,N,Unknown,F,33,NA,NA,NA
200501EO41442,Slight,3,1,16/12/2005,Friday,9:32,Single motorway,30,Not at junction,NA,Non-junction pedestrian light crossing,Daylight,Fine,Dry,None,None,3,1,Driver,M,54,Slight,Not pedestrian,None,None,1,Car,Waiting,N,No,N,N,N,Unknown,M,41,NA,NA,NA