Accident_Index,Accident_Severity,Number_of_Vehicles,Number_of_Casualties,Date,Day_of_Week,Time,Road_Type,Speed_Limit,Junction_Detail,Junction_Control,Pedestrian_Crossing_Type,Light_Conditions,Weather_Conditions,Road_Surface_Conditions,Special_Conditions_at_Site,Road_Hazards,Vehicle_Reference.x,Casualty_Reference,Casualty_Class,Sex_of_Casualty,Age_of_Casualty,Casualty_Severity,Pedestrian_Location,Car_Passenger,Bus_or_Coach_Passenger,Vehicle_Reference.y,Vehicle_Type,Vehicle_Manoeuvre,Vehicle_in_Restricted_Lane,Skidding_and_Overturning,Hit_Object_on_Road,Vehicle_veer_off_Road,Hit_Object_off_Road,Journey_Purpose_of_Driver,Sex_of_Driver,Age_of_Driver,Engine_Capacity_CC,Engine_Type,Age_of_Vehicle
200501EO41442,Slight,3,1,16/12/2005,Friday,9:32,Single motorway,30,Not at junction,NA,Non-junction pedestrian light crossing,Daylight,Fine,Dry,None,None,3,1,Driver,M,54,Slight,Not pedestrian,None,None,2,Goods Van,Going ahead,N,No,N,N,N,Unknown,M,40,2496,Heavy oil,6
200501EO41442,Slight,3,1,16/12/2005,Friday,9:32,Single motorway,30,Not at junction,NA,Non-junction pedestrian light crossing,Daylight,Fine,Dry,None,None,3,1,Driver,M,54,Slight,Not pedestrian,None,None,3,Car,Waiting,N,No,N,N,N,Unknown,M,54,NA,NA,NA
200501EO41443,Slight,2,1,10/12/2005,Saturday,9:40,Single motorway,30,T-junction,Stop sign,No physical crossing facility,Daylight,Fine,Dry,None,None,2,1,Pedestrian,F,41,Slight,Sidewalk,None,None,1,Car,Parking,N,No,N,N,N,Unknown,F,35,3960,Petrol,12
200501EO41443,Slight,2,1,10/12/2005,Saturday,9:40,Single motorway,30,T-junction,Stop sign,No physical crossing facility,Daylight,Fine,Dry,None,None,2,1,Pedestrian,F,41,Slight,Sidewalk,None,None,2,Goods Van,Going ahead,N,No,N,N,N,Job,M,55,5480,Heavy oil,12
200501EO41444,Slight,1,1,10/12/2005,Saturday,8:16,Single motorway,30,More than 4 sections,Give-way sign,Zebra crossing,Daylight,Fine,Dry,None,None,1,1,Pedestrian,M,23,Slight,Crossing within 50m of facility,None,None,1,Car,Waiting to/Turning left,N,No,N,N,N,Unknown,NA,-1,NA,NA,NA
200501EO41445,Slight,2,2,3/12/2005,Saturday,0:20,Single motorway,30,Crossroad,Traffic light,Traffic light,Lights lit,Fine,Wet,None,None,1,1,Driver,M,38,Slight,Not pedestrian,None,None,1,Taxi/Grab,Going ahead,N,No,N,N,N,Unknown,M,38,2792,Petrol,3
200501EO41445,Slight,2,2,3/12/2005,Saturday,0:20,Single motorway,30,Crossroad,Traffic light,Traffic light,Lights lit,Fine,Wet,None,None,1,1,Driver,M,38,Slight,Not pedestrian,None,None,2,Car,Waiting to/Turning right,N,No,N,N,N,Unknown,M,41,NA,NA,NA
200501EO41445,Slight,2,2,3/12/2005,Saturday,0:20,Single motorway,30,Crossroad,Traffic light,Traffic light,Lights lit,Fine,Wet,None,None,2,2,Driver,M,41,Slight,Not pedestrian,None,None,1,Taxi/Grab,Going ahead,N,No,N,N,N,Unknown,M,38,2792,Petrol,3
200501EO41445,Slight,2,2,3/12/2005,Saturday,0:20,Single motorway,30,Crossroad,Traffic light,Traffic light,Lights lit,Fine,Wet,None,None,2,2,Driver,M,41,Slight,Not pedestrian,None,None,2,Car,Waiting to/Turning right,N,No,N,N,N,Unknown,M,41,NA,NA,NA
200501EO41446,Slight,1,1,9/12/2005,Friday,12:40,Single motorway,30,Not at junction,NA,No physical crossing facility,Daylight,Fine,Dry,None,None,1,1,Pedestrian,F,19,Slight,Elsewhere,None,None,1,Goods Van,Going ahead,N,No,N,N,N,Unknown,M,27,1753,Heavy oil,2
200501EO41447,Serious,1,1,8/12/2005,Thursday,0:04,Single motorway,30,Not at junction,NA,No physical crossing facility,Lights lit,Rain,Wet,None,None,1,1,Pedestrian,F,48,Serious,Elsewhere,None,None,1,Bus/Coach,Going ahead,N,No,N,N,N,Job,F,27,8268,Heavy oil,1
200501EO41448,Serious,1,1,14/12/2005,Wednesday,13:24,Single motorway,30,Crossroad,Traffic light,Traffic light,Daylight,Fine,Dry,None,None,1,1,Passenger,M,31,Serious,Not pedestrian,None,Seated,1,Bus/Coach,Going ahead,N,No,N,N,N,Job,M,49,NA,Heavy oil,7
200501EO41449,Slight,1,1,16/12/2005,Friday,9:56,Single motorway,30,T-junction,Give-way sign,Zebra crossing,Daylight,Fine,Dry,None,None,1,1,Passenger,M,63,Slight,Not pedestrian,None,Alighting,1,Bus/Coach,Waiting,N,No,N,N,N,Job,M,59,6370,Heavy oil,1
200501EO41450,Slight,2,1,20/12/2005,Tuesday,7:30,Single motorway,30,Not at junction,NA,No physical crossing facility,Lights lit,Fine,Dry,None,None,1,1,Driver,F,38,Slight,Not pedestrian,None,None,1,Car,Going ahead,N,No,N,N,N,Job,F,38,1299,Petrol,9
200501EO41450,Slight,2,1,20/12/2005,Tuesday,7:30,Single motorway,30,Not at junction,NA,No physical crossing facility,Lights lit,Fine,Dry,None,None,1,1,Driver,F,38,Slight,Not pedestrian,None,None,2,Bus/Coach,Going ahead,N,No,N,N,N,Unknown,M,-1,5883,Heavy oil,4
200501EO41451,Slight,1,1,11/12/2005,Sunday,21:00,Single motorway,30,Not at junction,NA,No physical crossing facility,Lights lit,Fine,Dry,None,None,1,1,Pedestrian,M,55,Slight,Unknown,None,None,1,Car,Reversing,N,No,N,N,N,Unknown,M,32,1997,Heavy oil,4
200501EO41452,Slight,2,1,3/12/2005,Saturday,22:37,Single motorway,30,Crossroad,Traffic light,Traffic light,Lights lit,Fine,Wet,None,None,1,1,Driver,M,41,Slight,Not pedestrian,None,None,1,Car,Going ahead,N,No,N,N,N,Unknown,M,41,NA,NA,NA
200501EO41452,Slight,2,1,3/12/2005,Saturday,22:37,Single motorway,30,Crossroad,Traffic light,Traffic light,Lights lit,Fine,Wet,None,None,1,1,Driver,M,41,Slight,Not pedestrian,None,None,2,Car,Waiting to/Turning right,N,No,N,N,N,Unknown,M,62,NA,NA,NA
200501EO41453,Serious,2,1,8/12/2005,Thursday,19:00,Single motorway,30,Crossroad,Give-way sign,No physical crossing facility,Lights lit,Fine,Wet,None,None,2,1,Driver,M,41,Serious,Not pedestrian,None,None,1,Car,Parking,N,No,N,N,N,Unknown,M,43,2793,Petrol,4
200501EO41453,Serious,2,1,8/12/2005,Thursday,19:00,Single motorway,30,Crossroad,Give-way sign,No physical crossing facility,Lights lit,Fine,Wet,None,None,2,1,Driver,M,41,Serious,Not pedestrian,None,None,2,Bicycle,Going ahead,N,No,N,N,N,Unknown,M,41,NA,NA,NA
200501EO41455,Slight,1,1,18/12/2005,Sunday,20:25,Single motorway,30,T-junction,Traffic light,Traffic light,Lights lit,Fine,Wet,None,None,1,1,Pedestrian,M,53,Slight,Crossing within 50m of facility,None,None,1,Motorcycle,Going ahead,N,No,N,N,N,Unknown,M,20,NA,NA,NA
200501EO41456,Slight,2,1,17/12/2005,Saturday,17:28,Single motorway,30,Crossroad,Traffic light,No physical crossing facility,Lights lit,Fine,Dry,None,None,2,1,Driver,M,26,Slight,Not pedestrian,None,None,1,Car,Waiting to/Turning right,N,No,N,N,N,Unknown,F,40,1275,Petrol,8
200501EO41456,Slight,2,1,17/12/2005,Saturday,17:28,Single motorway,30,Crossroad,Traffic light,No physical crossing facility,Lights lit,Fine,Dry,None,None,2,1,Driver,M,26,Slight,Not pedestrian,None,None,2,Bicycle,Going ahead,N,Skid,N,N,N,Unknown,M,26,NA,NA,NA
200501EO41458,Slight,2,1,21/12/2005,Wednesday,16:30,Single motorway,30,Crossroad,Traffic light,Traffic light,Lights lit,Fine,Dry,None,None,1,1,Driver,M,42,Slight,Not pedestrian,None,None,1,Car,Waiting,N,No,N,N,N,Unknown,M,42,NA,NA,NA
200501EO41458,Slight,2,1,21/12/2005,Wednesday,16:30,Single motorway,30,Crossroad,Traffic light,Traffic light,Lights lit,Fine,Dry,None,None,1,1,Driver,M,42,Slight,Not pedestrian,None,None,2,Car,Going ahead,N,No,N,N,N,Unknown,M,-1,3956,Petrol,6
200501EO41459,Slight,2,1,26/11/2005,Saturday,13:58,Single motorway,30,T-junction,Give-way sign,Non-junction pedestrian light crossing,Daylight,Fine,Dry,None,None,1,1,Driver,M,27,Slight,Not pedestrian,None,None,1,Bicycle,Going ahead,N,No,N,N,N,Unknown,M,27,NA,NA,NA
200501EO41459,Slight,2,1,26/11/2005,Saturday,13:58,Single motorway,30,T-junction,Give-way sign,Non-junction pedestrian light crossing,Daylight,Fine,Dry,None,None,1,1,Driver,M,27,Slight,Not pedestrian,None,None,2,Car,Waiting to/Turning right,N,No,N,N,N,Unknown,M,-1,1199,Petrol,1
200501EO41460,Slight,2,1,16/11/2005,Wednesday,16:30,Single motorway,30,Crossroad,Traffic light,Traffic light,Daylight,Fine,Dry,None,None,2,1,Driver,M,18,Slight,Not pedestrian,None,None,1,Goods Van,Going ahead,N,No,N,N,N,Unknown,M,-1,1870,Heavy oil,7
200501EO41460,Slight,2,1,16/11/2005,Wednesday,16:30,Single motorway,30,Crossroad,Traffic light,Traffic light,Daylight,Fine,Dry,None,None,2,1,Driver,M,18,Slight,Not pedestrian,None,None,2,Bicycle,Going ahead,N,No,N,N,N,Unknown,M,18,NA,NA,NA
200501EO41463,Slight,2,1,26/12/2005,Monday,20:10,Single motorway,30,T-junction,Give-way sign,No physical crossing facility,Lights lit,Fine,Wet,None,None,1,1,Driver,F,26,Slight,Not pedestrian,None,None,1,Car,Going ahead,N,Skid,N,N,N,Unknown,F,26,1400,Petrol,6
200501EO41463,Slight,2,1,26/12/2005,Monday,20:10,Single motorway,30,T-junction,Give-way sign,No physical crossing facility,Lights lit,Fine,Wet,None,None,1,1,Driver,F,26,Slight,Not pedestrian,None,None,2,Car,Waiting to/Turning right,N,No,N,N,N,Unknown,M,58,NA,NA,NA
200501EO41464,Slight,1,1,20/12/2005,Tuesday,15:49,One way street,30,T-junction,Give-way sign,No physical crossing facility,Daylight,Fine,Dry,None,None,1,1,Pedestrian,F,57,Slight,Elsewhere,None,None,1,Car,Reversing,N,No,N,N,N,Unknown,M,-1,1598,Petrol,NA
200501EO41465,Slight,1,1,19/12/2005,Monday,15:40,Single motorway,30,Not at junction,NA,No physical crossing facility,Lights lit,Fine,Dry,None,None,1,1,Pedestrian,M,11,Slight,Unknown,None,None,1,Car,Going ahead,N,No,N,N,N,Unknown,M,30,NA,NA,NA
200501EO41466,Slight,2,1,24/12/2005,Saturday,18:30,Single motorway,30,Not at junction,NA,No physical crossing facility,Lights lit,Fine,Dry,None,None,2,1,Driver,M,16,Slight,Not pedestrian,None,None,1,Bus/Coach,Going ahead,N,No,N,N,N,Job,M,-1,NA,NA,NA
200501EO41466,Slight,2,1,24/12/2005,Saturday,18:30,Single motorway,30,Not at junction,NA,No physical crossing facility,Lights lit,Fine,Dry,None,None,2,1,Driver,M,16,Slight,Not pedestrian,None,None,2,Bicycle,Going ahead,N,No,N,N,N,Unknown,M,16,NA,NA,NA
200501EO41467,Slight,3,1,21/12/2005,Wednesday,9:18,Single motorway,30,Not at junction,NA,No physical crossing facility,Daylight,Fine,Dry,None,None,2,1,Driver,M,22,Slight,Not pedestrian,None,None,1,Goods Van,Parking,N,No,N,N,N,Unknown,M,37,2151,Heavy oil,3
200501EO41467,Slight,3,1,21/12/2005,Wednesday,9:18,Single motorway,30,Not at junction,NA,No physical crossing facility,Daylight,Fine,Dry,None,None,2,1,Driver,M,22,Slight,Not pedestrian,None,None,2,Bicycle,Going ahead,N,No,N,N,N,Unknown,M,22,NA,NA,NA
200501EO41467,Slight,3,1,21/12/2005,Wednesday,9:18,Single motorway,30,Not at junction,NA,No physical crossing facility,Daylight,Fine,Dry,None,None,2,1,Driver,M,22,Slight,Not pedestrian,None,None,3,Car,Going ahead,N,No,N,N,N,Unknown,M,22,NA,NA,NA
200501EO41468,Slight,2,2,21/12/2005,Wednesday,0:25,Single motorway,30,Crossroad,Traffic light,Traffic light,Lights lit,Fine,Dry,None,None,1,1,Passenger,M,47,Slight,Not pedestrian,Front seat,None,1,Car,Going ahead,N,No,N,N,N,Unknown,M,46,NA,NA,NA
200501EO41468,Slight,2,2,21/12/2005,Wednesday,0:25,Single motorway,30,Crossroad,Traffic light,Traffic light,Lights lit,Fine,Dry,None,None,1,1,Passenger,M,47,Slight,Not pedestrian,Front seat,None,2,Goods Van,Waiting to/Turning right,N,No,N,N,N,Unknown,M,36,2402,Heavy oil,4
200501EO41468,Slight,2,2,21/12/2005,Wednesday,0:25,Single motorway,30,Crossroad,Traffic light,Traffic light,Lights lit,Fine,Dry,None,None,1,2,Driver,M,46,Slight,Not pedestrian,None,None,1,Car,Going ahead,N,No,N,N,N,Unknown,M,46,NA,NA,NA
200501EO41468,Slight,2,2,21/12/2005,Wednesday,0:25,Single motorway,30,Crossroad,Traffic light,Traffic light,Lights lit,Fine,Dry,None,None,1,2,Driver,M,46,Slight,Not pedestrian,None,None,2,Goods Van,Waiting to/Turning right,N,No,N,N,N,Unknown,M,36,2402,Heavy oil,4
200501EO41469,Slight,2,1,23/12/2005,Friday,11:50,Single motorway,30,Not at junction,NA,No physical crossing facility,Daylight,Fine,Dry,None,None,1,1,Pedestrian,F,82,Slight,Unknown,None,None,1,Bus/Coach,Going ahead,N,No,N,N,N,Job,M,41,NA,Heavy oil,6
200501EO41469,Slight,2,1,23/12/2005,Friday,11:50,Single motorway,30,Not at junction,NA,No physical crossing facility,Daylight,Fine,Dry,None,None,1,1,Pedestrian,F,82,Slight,Unknown,None,None,2,Bicycle,Going ahead,N,No,N,N,N,Unknown,M,-1,NA,NA,NA
200501EO41470,Slight,1,1,23/12/2005,Friday,15:27,Single motorway,30,T-junction,Traffic light,No physical crossing facility,Daylight,Fine,Dry,None,None,1,1,Pedestrian,M,50,Slight,Unknown,None,None,1,Bus/Coach,Waiting to/Turning left,N,No,N,N,N,Unknown,M,47,8268,Heavy oil,2
200501EO41471,Slight,1,1,22/12/2005,Thursday,15:42,Single motorway,30,T-junction,Give-way sign,Zebra crossing,Lights lit,Fine,Dry,Sign obscured,None,1,1,Pedestrian,F,46,Slight,Crossing on facility,None,None,1,Car,Going ahead,N,No,N,N,N,Unknown,M,-1,NA,NA,NA
200501EO41472,Slight,2,1,22/12/2005,Thursday,9:17,Single motorway,30,Crossroad,Give-way sign,No physical crossing facility,Daylight,Fine,Dry,None,None,2,1,Driver,F,28,Slight,Not pedestrian,None,None,1,Car,Going ahead,N,No,N,N,N,Unknown,F,39,1997,Heavy oil,4
200501EO41472,Slight,2,1,22/12/2005,Thursday,9:17,Single motorway,30,Crossroad,Give-way sign,No physical crossing facility,Daylight,Fine,Dry,None,None,2,1,Driver,F,28,Slight,Not pedestrian,None,None,2,Motorcycle,Going ahead,N,No,N,N,N,Unknown,F,28,124,Petrol,2
200501EO41474,Slight,1,1,27/12/2005,Tuesday,22:55,Single motorway,30,T-junction,Give-way sign,Zebra crossing,Lights lit,Fine,Wet,None,None,1,1,Pedestrian,F,33,Slight,Crossing on facility,None,None,1,Car,Going ahead,N,No,N,N,N,Unknown,M,67,NA,NA,NA
200501EO41475,Serious,1,1,24/12/2005,Saturday,15:30,Single motorway,30,T-junction,Give-way sign,No physical crossing facility,Daylight,Fine,Dry,None,None,1,1,Pedestrian,F,-1,Serious,Unknown,None,None,1,Car,Going ahead,N,No,N,N,N,Unknown,M,61,NA,NA,NA
200501EO41476,Slight,2,3,31/12/2005,Saturday,22:03,Dual motorway ,30,Crossroad,Traffic light,Traffic light,Lights lit,Fine,Dry,None,None,2,1,Passenger,F,44,Slight,Not pedestrian,None,Seated,1,Car,Changing lane,N,No,N,N,N,Unknown,M,19,1595,Petrol,10
200501EO41476,Slight,2,3,31/12/2005,Saturday,22:03,Dual motorway ,30,Crossroad,Traffic light,Traffic light,Lights lit,Fine,Dry,None,None,2,1,Passenger,F,44,Slight,Not pedestrian,None,Seated,2,Bus/Coach,Going ahead,N,No,N,N,N,Job,M,35,8268,Heavy oil,3
200501EO41476,Slight,2,3,31/12/2005,Saturday,22:03,Dual motorway ,30,Crossroad,Traffic light,Traffic light,Lights lit,Fine,Dry,None,None,2,2,Passenger,F,8,Slight,Not pedestrian,None,Seated,1,Car,Changing lane,N,No,N,N,N,Unknown,M,19,1595,Petrol,10
200501EO41476,Slight,2,3,31/12/2005,Saturday,22:03,Dual motorway ,30,Crossroad,Traffic light,Traffic light,Lights lit,Fine,Dry,None,None,2,2,Passenger,F,8,Slight,Not pedestrian,None,Seated,2,Bus/Coach,Going ahead,N,No,N,N,N,Job,M,35,8268,Heavy oil,3
200501EO41476,Slight,2,3,31/12/2005,Saturday,22:03,Dual motorway ,30,Crossroad,Traffic light,Traffic light,Lights lit,Fine,Dry,None,None,2,3,Passenger,F,44,Slight,Not pedestrian,None,Seated,1,Car,Changing lane,N,No,N,N,N,Unknown,M,19,1595,Petrol,10
200501EO41476,Slight,2,3,31/12/2005,Saturday,22:03,Dual motorway ,30,Crossroad,Traffic light,Traffic light,Lights lit,Fine,Dry,None,None,2,3,Passenger,F,44,Slight,Not pedestrian,None,Seated,2,Bus/Coach,Going ahead,N,No,N,N,N,Job,M,35,8268,Heavy oil,3
200501EO41477,Slight,1,1,29/12/2005,Thursday,12:20,Single motorway,30,T-junction,Give-way sign,No physical crossing facility,Daylight,Fine,Dry,None,None,1,1,Pedestrian,F,50,Slight,Elsewhere,None,None,1,Car,Going ahead,N,No,N,N,N,Unknown,M,63,NA,NA,NA
200501EO41478,Serious,2,1,28/11/2005,Monday,15:20,Single motorway,30,T-junction,Stop sign,Traffic light,Daylight,Fine,Dry,None,None,1,1,Driver,F,35,Serious,Not pedestrian,None,None,1,Bicycle,Going ahead,N,No,N,N,N,Unknown,F,35,NA,NA,NA
200501EO41478,Serious,2,1,28/11/2005,Monday,15:20,Single motorway,30,T-junction,Stop sign,Traffic light,Daylight,Fine,Dry,None,None,1,1,Driver,F,35,Serious,Not pedestrian,None,None,2,Car,Waiting to/Turning left,N,No,N,N,N,Unknown,M,-1,NA,NA,NA
200501EO41479,Slight,2,1,28/12/2005,Wednesday,17:00,Single motorway,30,Crossroad,Give-way sign,No physical crossing facility,Lights lit,Fine,Dry,None,None,2,1,Driver,F,26,Slight,Not pedestrian,None,None,1,Taxi/Grab,Moving off,N,No,N,N,N,Unknown,M,-1,NA,NA,NA
200501EO41479,Slight,2,1,28/12/2005,Wednesday,17:00,Single motorway,30,Crossroad,Give-way sign,No physical crossing facility,Lights lit,Fine,Dry,None,None,2,1,Driver,F,26,Slight,Not pedestrian,None,None,2,Bicycle,Moving off,N,No,N,N,N,Unknown,F,26,NA,NA,NA
200501EO41481,Slight,2,1,29/12/2005,Thursday,15:00,One way street,30,T-junction,Traffic light,No physical crossing facility,Daylight,Fine,Dry,None,None,2,1,Driver,M,48,Slight,Not pedestrian,None,None,1,Car,Going ahead,N,No,N,N,N,Unknown,M,20,1993,Petrol,17
200501EO41481,Slight,2,1,29/12/2005,Thursday,15:00,One way street,30,T-junction,Traffic light,No physical crossing facility,Daylight,Fine,Dry,None,None,2,1,Driver,M,48,Slight,Not pedestrian,None,None,2,Car,Waiting to/Turning left,N,No,N,N,N,Unknown,M,48,1360,Petrol,7
200501EO41482,Slight,1,1,8/12/2005,Thursday,19:33,Single motorway,30,Not at junction,NA,Traffic light,Lights lit,Fine,Wet,None,None,1,1,Driver,M,31,Slight,Not pedestrian,None,None,1,Motorcycle,Going ahead,N,No,N,N,N,Unknown,M,31,NA,NA,NA
200501EO41483,Slight,1,1,20/12/2005,Tuesday,10:30,Single motorway,30,Not at junction,NA,No physical crossing facility,Daylight,Fine,Dry,None,None,1,1,Pedestrian,F,18,Slight,Footbridge,None,None,1,Car,Going ahead,N,No,N,N,N,Unknown,NA,-1,1397,Petrol,1
200501EO41489,Slight,2,1,9/11/2005,Wednesday,18:56,One way street,30,T-junction,Give-way sign,Zebra crossing,Lights lit,Fine,Dry,None,None,1,1,Driver,M,34,Slight,Not pedestrian,None,None,1,Bicycle,Going ahead,N,No,N,N,N,Unknown,M,34,NA,NA,NA
200501EO41489,Slight,2,1,9/11/2005,Wednesday,18:56,One way street,30,T-junction,Give-way sign,Zebra crossing,Lights lit,Fine,Dry,None,None,1,1,Driver,M,34,Slight,Not pedestrian,None,None,2,Car,Waiting to/Turning left,N,No,N,N,N,Unknown,M,37,1796,Petrol,9
200501EO41490,Slight,2,1,7/11/2005,Monday,9:15,Single motorway,30,Not at junction,NA,No physical crossing facility,Daylight,Fine,Wet,None,None,1,1,Driver,M,54,Slight,Not pedestrian,None,None,1,Motorcycle,Overtaking,N,No,N,N,N,Unknown,M,54,125,Petrol,2
200501EO41490,Slight,2,1,7/11/2005,Monday,9:15,Single motorway,30,Not at junction,NA,No physical crossing facility,Daylight,Fine,Wet,None,None,1,1,Driver,M,54,Slight,Not pedestrian,None,None,2,Car,Moving off,N,No,N,N,N,Unknown,M,44,NA,NA,NA
200501EO41494,Slight,1,2,29/12/2005,Thursday,15:55,Single motorway,30,Crossroad,Traffic light,Traffic light,Lights lit,Fine,Wet,None,None,1,1,Passenger,F,28,Slight,Not pedestrian,None,Seated,1,Bus/Coach,Halting,N,No,N,N,N,Job,M,-1,NA,NA,NA
200501EO41494,Slight,1,2,29/12/2005,Thursday,15:55,Single motorway,30,Crossroad,Traffic light,Traffic light,Lights lit,Fine,Wet,None,None,1,2,Passenger,F,44,Slight,Not pedestrian,None,Seated,1,Bus/Coach,Halting,N,No,N,N,N,Job,M,-1,NA,NA,NA
200501EO41500,Slight,2,1,28/12/2005,Wednesday,17:00,Single motorway,30,T-junction,Give-way sign,No physical crossing facility,Lights lit,Fine,Dry,None,None,1,1,Driver,M,51,Slight,Not pedestrian,None,None,1,Car,Going ahead,N,No,N,N,N,Job,M,51,NA,NA,NA
200501EO41500,Slight,2,1,28/12/2005,Wednesday,17:00,Single motorway,30,T-junction,Give-way sign,No physical crossing facility,Lights lit,Fine,Dry,None,None,1,1,Driver,M,51,Slight,Not pedestrian,None,None,2,Bus/Coach,Going ahead,N,No,N,N,N,Job,NA,-1,6370,Heavy oil,NA
200501EO41501,Slight,1,1,30/12/2005,Friday,16:00,Single motorway,30,Not at junction,NA,No physical crossing facility,Unknown,Fine,Dry,None,None,1,1,Pedestrian,F,-1,Slight,Sidewalk,None,None,1,Bus/Coach,Going ahead,N,No,N,N,N,Unknown,M,-1,NA,NA,NA
200501EO41504,Slight,3,1,21/9/2005,Wednesday,16:10,Single motorway,30,Not at junction,NA,No physical crossing facility,Daylight,Fine,Dry,None,None,3,1,Driver,M,14,Slight,Not pedestrian,None,None,1,Car,Going ahead,N,No,N,N,N,Unknown,M,66,2300,Petrol,7
200501EO41504,Slight,3,1,21/9/2005,Wednesday,16:10,Single motorway,30,Not at junction,NA,No physical crossing facility,Daylight,Fine,Dry,None,None,3,1,Driver,M,14,Slight,Not pedestrian,None,None,2,Car,Going ahead,N,No,N,N,N,Unknown,M,26,NA,NA,NA
200501EO41504,Slight,3,1,21/9/2005,Wednesday,16:10,Single motorway,30,Not at junction,NA,No physical crossing facility,Daylight,Fine,Dry,None,None,3,1,Driver,M,14,Slight,Not pedestrian,None,None,3,Motorcycle,Overtaking,N,No,N,N,N,Unknown,M,14,124,Petrol,5
200501EO41510,Slight,1,1,31/12/2005,Saturday,21:27,Single motorway,30,Crossroad,Traffic light,Traffic light,Lights lit,Fine,Dry,None,None,1,1,Pedestrian,M,20,Slight,Crossing within 50m of facility,None,None,1,Taxi/Grab,Going ahead,N,No,N,N,N,Job,M,39,2664,Heavy oil,8
200501EO41517,Slight,2,1,6/12/2005,Tuesday,9:00,Single motorway,30,T-junction,Give-way sign,No physical crossing facility,Daylight,Fine,Dry,None,None,1,1,Driver,M,-1,Slight,Not pedestrian,None,None,1,Bus/Coach,Going ahead,Y,No,N,N,N,Unknown,M,-1,3900,Heavy oil,2
200501EO41517,Slight,2,1,6/12/2005,Tuesday,9:00,Single motorway,30,T-junction,Give-way sign,No physical crossing facility,Daylight,Fine,Dry,None,None,1,1,Driver,M,-1,Slight,Not pedestrian,None,None,2,Car,Going ahead,Y,No,N,N,N,Unknown,F,-1,NA,NA,NA
200501EO41521,Slight,1,1,13/12/2005,Tuesday,9:00,Single motorway,30,T-junction,Give-way sign,No physical crossing facility,Daylight,Fine,Dry,None,None,1,1,Pedestrian,F,12,Slight,Elsewhere,None,None,1,Car,Going ahead,N,No,N,N,N,Unknown,F,18,NA,NA,NA
200501EO49046,Slight,3,2,7/10/2005,Friday,8:20,Single motorway,30,T-junction,Traffic light,Traffic light,Daylight,Fine,Dry,None,None,2,1,Driver,M,28,Slight,Not pedestrian,None,None,1,Bus/Coach,Going ahead,N,No,N,N,N,Unknown,M,27,8268,Heavy oil,3
200501EO49046,Slight,3,2,7/10/2005,Friday,8:20,Single motorway,30,T-junction,Traffic light,Traffic light,Daylight,Fine,Dry,None,None,2,1,Driver,M,28,Slight,Not pedestrian,None,None,2,Car,Halting,N,No,N,N,N,To/From Work,M,28,NA,NA,NA
200501EO49046,Slight,3,2,7/10/2005,Friday,8:20,Single motorway,30,T-junction,Traffic light,Traffic light,Daylight,Fine,Dry,None,None,2,1,Driver,M,28,Slight,Not pedestrian,None,None,3,Car,Halting,N,No,N,N,N,Unknown,M,59,1997,Heavy oil,NA
200501EO49046,Slight,3,2,7/10/2005,Friday,8:20,Single motorway,30,T-junction,Traffic light,Traffic light,Daylight,Fine,Dry,None,None,3,2,Driver,M,59,Slight,Not pedestrian,None,None,1,Bus/Coach,Going ahead,N,No,N,N,N,Unknown,M,27,8268,Heavy oil,3
200501EO49046,Slight,3,2,7/10/2005,Friday,8:20,Single motorway,30,T-junction,Traffic light,Traffic light,Daylight,Fine,Dry,None,None,3,2,Driver,M,59,Slight,Not pedestrian,None,None,2,Car,Halting,N,No,N,N,N,To/From Work,M,28,NA,NA,NA
200501EO49046,Slight,3,2,7/10/2005,Friday,8:20,Single motorway,30,T-junction,Traffic light,Traffic light,Daylight,Fine,Dry,None,None,3,2,Driver,M,59,Slight,Not pedestrian,None,None,3,Car,Halting,N,No,N,N,N,Unknown,M,59,1997,Heavy oil,NA
200501EO49048,Slight,1,2,26/10/2005,Wednesday,16:50,One way street,30,Not at junction,NA,No physical crossing facility,Daylight,Fine,Dry,None,None,1,1,Driver,M,17,Slight,Not pedestrian,None,None,1,Motorcycle,Overtaking,N,Skid,N,N,N,Unknown,M,17,49,Petrol,6
200501EO49048,Slight,1,2,26/10/2005,Wednesday,16:50,One way street,30,Not at junction,NA,No physical crossing facility,Daylight,Fine,Dry,None,None,1,2,Pedestrian,F,55,Slight,Elsewhere,None,None,1,Motorcycle,Overtaking,N,Skid,N,N,N,Unknown,M,17,49,Petrol,6
200501EO49079,Slight,5,2,31/12/2005,Saturday,9:44,Single motorway,30,Not at junction,NA,No physical crossing facility,Daylight,Unknown,Wet,None,None,1,1,Driver,M,49,Slight,Not pedestrian,None,None,1,Car,Going ahead,N,Skid,N,N,N,Unknown,M,49,NA,NA,NA
200501EO49079,Slight,5,2,31/12/2005,Saturday,9:44,Single motorway,30,Not at junction,NA,No physical crossing facility,Daylight,Unknown,Wet,None,None,1,1,Driver,M,49,Slight,Not pedestrian,None,None,2,Car,Going ahead,N,No,N,N,N,Unknown,M,29,1800,Petrol,10
200501EO49079,Slight,5,2,31/12/2005,Saturday,9:44,Single motorway,30,Not at junction,NA,No physical crossing facility,Daylight,Unknown,Wet,None,None,1,1,Driver,M,49,Slight,Not pedestrian,None,None,3,Car,Going ahead,N,No,N,N,N,Unknown,M,-1,NA,NA,NA