Accident_Index,Accident_Severity,Number_of_Vehicles,Number_of_Casualties,Date,Day_of_Week,Time,Road_Type,Speed_Limit,Junction_Detail,Junction_Control,Pedestrian_Crossing_Type,Light_Conditions,Weather_Conditions,Road_Surface_Conditions,Special_Conditions_at_Site,Road_Hazards,Vehicle_Reference.x,Casualty_Reference,Casualty_Class,Sex_of_Casualty,Age_of_Casualty,Casualty_Severity,Pedestrian_Location,Car_Passenger,Bus_or_Coach_Passenger,Vehicle_Reference.y,Vehicle_Type,Vehicle_Manoeuvre,Vehicle_in_Restricted_Lane,Skidding_and_Overturning,Hit_Object_on_Road,Vehicle_veer_off_Road,Hit_Object_off_Road,Journey_Purpose_of_Driver,Sex_of_Driver,Age_of_Driver,Engine_Capacity_CC,Engine_Type,Age_of_Vehicle
200501FH00053,Slight,2,1,30/1/2005,Sunday,0:32,Dual motorway ,50,Not at junction,NA,No physical crossing facility,Lights lit,Fine,Dry,None,None,1,1,Driver,M,22,Slight,Not pedestrian,None,None,1,Car,Going ahead,N,No,Y,Y,Y,Unknown,M,22,NA,NA,NA
200501FH00053,Slight,2,1,30/1/2005,Sunday,0:32,Dual motorway ,50,Not at junction,NA,No physical crossing facility,Lights lit,Fine,Dry,None,None,1,1,Driver,M,22,Slight,Not pedestrian,None,None,2,Car,Changing lane,N,No,N,N,N,Unknown,NA,-1,NA,NA,NA
200501FH00054,Slight,2,1,27/1/2005,Thursday,15:07,Single motorway,30,Not at junction,NA,No physical crossing facility,Daylight,Fine,Dry,None,None,1,1,Driver,M,44,Slight,Not pedestrian,None,None,1,Motorcycle,Going ahead,N,No,N,N,N,Unknown,M,44,NA,NA,NA
200501FH00054,Slight,2,1,27/1/2005,Thursday,15:07,Single motorway,30,Not at junction,NA,No physical crossing facility,Daylight,Fine,Dry,None,None,1,1,Driver,M,44,Slight,Not pedestrian,None,None,2,Car,U-turn,N,No,N,N,N,Unknown,M,39,2148,Heavy oil,1
200501FH00056,Slight,2,1,26/1/2005,Wednesday,16:10,Single motorway,30,Not at junction,NA,Zebra crossing,Daylight,Fine,Dry,None,None,2,1,Driver,F,-1,Slight,Not pedestrian,None,None,1,Minibus,Moving off,N,No,N,N,N,Job,M,64,2400,Heavy oil,1
200501FH00056,Slight,2,1,26/1/2005,Wednesday,16:10,Single motorway,30,Not at junction,NA,Zebra crossing,Daylight,Fine,Dry,None,None,2,1,Driver,F,-1,Slight,Not pedestrian,None,None,2,Bicycle,Overtaking,N,No,N,N,N,Unknown,F,-1,NA,NA,NA
200501FH00057,Slight,2,2,18/3/2005,Friday,22:15,Dual motorway ,30,Crossroad,Traffic light,Traffic light,Lights lit,Fine,Dry,Roadworks,None,1,1,Driver,M,23,Slight,Not pedestrian,None,None,1,Car,Going ahead,N,No,N,N,N,Unknown,M,23,1781,Petrol,12
200501FH00057,Slight,2,2,18/3/2005,Friday,22:15,Dual motorway ,30,Crossroad,Traffic light,Traffic light,Lights lit,Fine,Dry,Roadworks,None,1,1,Driver,M,23,Slight,Not pedestrian,None,None,2,Car,Going ahead,N,No,N,Y,N,Unknown,M,40,1998,Petrol,7
200501FH00057,Slight,2,2,18/3/2005,Friday,22:15,Dual motorway ,30,Crossroad,Traffic light,Traffic light,Lights lit,Fine,Dry,Roadworks,None,1,2,Passenger,M,23,Slight,Not pedestrian,Front seat,None,1,Car,Going ahead,N,No,N,N,N,Unknown,M,23,1781,Petrol,12
200501FH00057,Slight,2,2,18/3/2005,Friday,22:15,Dual motorway ,30,Crossroad,Traffic light,Traffic light,Lights lit,Fine,Dry,Roadworks,None,1,2,Passenger,M,23,Slight,Not pedestrian,Front seat,None,2,Car,Going ahead,N,No,N,Y,N,Unknown,M,40,1998,Petrol,7
200501FH10001,Slight,2,1,2/2/2005,Wednesday,9:42,Single motorway,30,T-junction,Give-way sign,No physical crossing facility,Daylight,Fine,Dry,None,None,2,1,Driver,M,17,Slight,Not pedestrian,None,None,1,Goods Van,Waiting to/Turning left,N,No,N,N,N,Unknown,M,25,4580,Heavy oil,8
200501FH10001,Slight,2,1,2/2/2005,Wednesday,9:42,Single motorway,30,T-junction,Give-way sign,No physical crossing facility,Daylight,Fine,Dry,None,None,2,1,Driver,M,17,Slight,Not pedestrian,None,None,2,Bicycle,Going ahead,N,No,N,N,N,Unknown,M,17,NA,NA,NA
200501FH10002,Slight,2,1,6/2/2005,Sunday,11:04,Single motorway,30,Crossroad,Give-way sign,No physical crossing facility,Daylight,Fine,Dry,None,None,2,1,Driver,M,48,Slight,Not pedestrian,None,None,1,Car,Going ahead,N,No,N,N,N,Unknown,M,46,1596,Petrol,3
200501FH10002,Slight,2,1,6/2/2005,Sunday,11:04,Single motorway,30,Crossroad,Give-way sign,No physical crossing facility,Daylight,Fine,Dry,None,None,2,1,Driver,M,48,Slight,Not pedestrian,None,None,2,Bicycle,Going ahead,N,No,N,N,N,Unknown,M,48,NA,NA,NA
200501FH10003,Serious,2,1,5/2/2005,Saturday,10:23,Single motorway,30,T-junction,Give-way sign,No physical crossing facility,Daylight,Fine,Dry,None,None,1,1,Pedestrian,M,9,Serious,Sidewalk,None,None,1,Car,Going ahead,N,No,N,N,N,Unknown,M,26,1781,Petrol,5
200501FH10003,Serious,2,1,5/2/2005,Saturday,10:23,Single motorway,30,T-junction,Give-way sign,No physical crossing facility,Daylight,Fine,Dry,None,None,1,1,Pedestrian,M,9,Serious,Sidewalk,None,None,2,Car,Parking,N,No,N,N,N,Unknown,NA,-1,NA,NA,NA
200501FH10004,Slight,1,1,3/2/2005,Thursday,23:45,Roundabout,30,Roundabout,Traffic light,Traffic light,Lights lit,Fine,Dry,None,None,1,1,Pedestrian,M,21,Slight,Crossing within 50m of facility,None,None,1,Car,Going ahead,N,No,N,N,N,Unknown,M,28,NA,NA,NA
200501FH10005,Slight,2,1,1/2/2005,Tuesday,18:02,Single motorway,30,Not at junction,NA,No physical crossing facility,Lights lit,Rain,Wet,None,None,1,1,Driver,M,38,Slight,Not pedestrian,None,None,1,Motorcycle,Going ahead,N,No,N,N,N,Unknown,M,38,955,Petrol,7
200501FH10005,Slight,2,1,1/2/2005,Tuesday,18:02,Single motorway,30,Not at junction,NA,No physical crossing facility,Lights lit,Rain,Wet,None,None,1,1,Driver,M,38,Slight,Not pedestrian,None,None,2,Car,Waiting to/Turning right,N,No,N,N,N,Unknown,M,23,1299,Petrol,4
200501FH10006,Slight,2,1,6/2/2005,Sunday,10:30,Single motorway,30,T-junction,Give-way sign,Zebra crossing,Daylight,Fine,Dry,None,None,2,1,Driver,M,39,Slight,Not pedestrian,None,None,1,Car,Going ahead,N,No,N,N,N,Unknown,M,22,NA,NA,NA
200501FH10006,Slight,2,1,6/2/2005,Sunday,10:30,Single motorway,30,T-junction,Give-way sign,Zebra crossing,Daylight,Fine,Dry,None,None,2,1,Driver,M,39,Slight,Not pedestrian,None,None,2,Bicycle,Going ahead,N,No,N,N,N,Unknown,M,39,NA,NA,NA
200501FH10011,Slight,1,1,7/2/2005,Monday,16:09,Single motorway,30,T-junction,Give-way sign,Zebra crossing,Daylight,Fine,Dry,None,None,1,1,Passenger,F,50,Slight,Not pedestrian,None,Standing,1,Bus/Coach,Halting,N,No,N,N,N,Job,NA,-1,NA,NA,NA
200501FH10012,Slight,1,1,7/2/2005,Monday,16:00,Single motorway,30,Not at junction,NA,No physical crossing facility,Daylight,Fine,Dry,None,None,1,1,Pedestrian,M,3,Slight,Elsewhere,None,None,1,Car,Going ahead,N,No,N,N,N,Unknown,F,37,2671,Petrol,3
200501FH10013,Slight,2,1,7/2/2005,Monday,9:50,Single motorway,30,T-junction,Give-way sign,Crossing with island,Daylight,Fine,Dry,None,None,1,1,Driver,M,22,Slight,Not pedestrian,None,None,1,Motorcycle,Overtaking,N,No,N,N,N,Unknown,M,22,124,Petrol,1
200501FH10013,Slight,2,1,7/2/2005,Monday,9:50,Single motorway,30,T-junction,Give-way sign,Crossing with island,Daylight,Fine,Dry,None,None,1,1,Driver,M,22,Slight,Not pedestrian,None,None,2,Car,Waiting to/Turning right,N,No,N,N,N,Unknown,M,45,1900,Heavy oil,6
200501FH10014,Slight,1,1,10/2/2005,Thursday,13:55,Single motorway,30,T-junction,Give-way sign,Non-junction pedestrian light crossing,Daylight,Fine,Dry,None,None,1,1,Passenger,F,64,Slight,Not pedestrian,None,Standing,1,Bus/Coach,Halting,N,No,N,N,N,Job,M,25,9600,Heavy oil,10
200501FH10015,Slight,1,1,8/2/2005,Tuesday,13:10,Single motorway,30,T-junction,Give-way sign,No physical crossing facility,Daylight,Fine,Dry,None,None,1,1,Pedestrian,M,37,Slight,Elsewhere,None,None,1,Motorcycle,Going ahead,N,No,N,N,N,Unknown,F,25,124,Petrol,8
200501FH10016,Slight,2,1,8/2/2005,Tuesday,18:22,Single motorway,30,Crossroad,Give-way sign,No physical crossing facility,Lights lit,Fine,Dry,None,None,2,1,Driver,F,30,Slight,Not pedestrian,None,None,1,Car,Waiting to/Turning right,N,No,N,N,N,Unknown,M,25,1422,Heavy oil,3
200501FH10016,Slight,2,1,8/2/2005,Tuesday,18:22,Single motorway,30,Crossroad,Give-way sign,No physical crossing facility,Lights lit,Fine,Dry,None,None,2,1,Driver,F,30,Slight,Not pedestrian,None,None,2,Motorcycle,Going ahead,N,No,N,N,N,Unknown,F,30,50,Petrol,4
200501FH10017,Slight,2,1,10/2/2005,Thursday,17:04,Single motorway,30,Crossroad,Give-way sign,Zebra crossing,Lights lit,Rain,Wet,None,None,2,1,Driver,M,33,Slight,Not pedestrian,None,None,1,Taxi/Grab,Moving off,N,No,N,N,N,Unknown,M,37,2496,Heavy oil,5
200501FH10017,Slight,2,1,10/2/2005,Thursday,17:04,Single motorway,30,Crossroad,Give-way sign,Zebra crossing,Lights lit,Rain,Wet,None,None,2,1,Driver,M,33,Slight,Not pedestrian,None,None,2,Motorcycle,Moving off,N,No,N,N,N,Unknown,M,33,125,Petrol,1
200501FH10019,Slight,1,1,11/2/2005,Friday,20:05,Single motorway,30,T-junction,Give-way sign,Zebra crossing,Lights lit,Rain,Wet,None,None,1,1,Pedestrian,F,18,Slight,Crossing on facility,None,None,1,Car,Going ahead,N,No,N,N,N,Unknown,M,48,NA,NA,NA
200501FH10020,Slight,2,1,6/2/2005,Sunday,1:15,Single motorway,30,T-junction,Traffic light,Traffic light,Lights lit,Fine,Dry,None,None,1,1,Driver,M,36,Slight,Not pedestrian,None,None,1,Motorcycle,Waiting to/Turning right,N,No,N,N,N,Unknown,M,36,124,Petrol,2
200501FH10020,Slight,2,1,6/2/2005,Sunday,1:15,Single motorway,30,T-junction,Traffic light,Traffic light,Lights lit,Fine,Dry,None,None,1,1,Driver,M,36,Slight,Not pedestrian,None,None,2,Car,Waiting to/Turning right,N,No,N,N,N,Job,M,45,NA,NA,NA
200501FH10021,Slight,2,1,11/2/2005,Friday,14:10,Single motorway,30,T-junction,Give-way sign,No physical crossing facility,Daylight,Rain,Wet,None,None,1,1,Driver,M,50,Slight,Not pedestrian,None,None,1,Motorcycle,Going ahead,N,No,N,N,N,Unknown,M,50,NA,NA,NA
200501FH10021,Slight,2,1,11/2/2005,Friday,14:10,Single motorway,30,T-junction,Give-way sign,No physical crossing facility,Daylight,Rain,Wet,None,None,1,1,Driver,M,50,Slight,Not pedestrian,None,None,2,Car,Waiting to/Turning right,N,No,N,N,N,Unknown,NA,-1,1124,Petrol,9
200501FH10022,Slight,2,1,10/2/2005,Thursday,17:55,Single motorway,30,T-junction,Give-way sign,No physical crossing facility,Lights lit,Rain,Wet,None,None,1,1,Driver,M,36,Slight,Not pedestrian,None,None,1,Motorcycle,Going ahead,N,No,N,N,N,Unknown,M,36,647,Petrol,1
200501FH10022,Slight,2,1,10/2/2005,Thursday,17:55,Single motorway,30,T-junction,Give-way sign,No physical crossing facility,Lights lit,Rain,Wet,None,None,1,1,Driver,M,36,Slight,Not pedestrian,None,None,2,Car,Going ahead,N,No,N,N,N,Unknown,NA,-1,NA,NA,NA
200501FH10023,Slight,2,1,6/2/2005,Sunday,20:30,Single motorway,30,T-junction,Give-way sign,Traffic light,Lights lit,Fine,Dry,None,None,1,1,Driver,M,33,Slight,Not pedestrian,None,None,1,Car,Going ahead,N,No,N,N,N,Unknown,M,33,NA,NA,NA
200501FH10023,Slight,2,1,6/2/2005,Sunday,20:30,Single motorway,30,T-junction,Give-way sign,Traffic light,Lights lit,Fine,Dry,None,None,1,1,Driver,M,33,Slight,Not pedestrian,None,None,2,Car,Going ahead,N,No,N,N,N,Unknown,M,-1,1117,Petrol,14
200501FH10024,Slight,1,1,11/2/2005,Friday,16:00,Single motorway,30,Not at junction,NA,No physical crossing facility,Lights lit,Fine,Dry,None,None,1,1,Pedestrian,F,29,Slight,Elsewhere,None,None,1,Motorcycle,Going ahead,N,No,N,N,N,Unknown,M,25,125,Petrol,1
200501FH10026,Slight,2,1,10/2/2005,Thursday,16:00,Single motorway,30,Not at junction,NA,No physical crossing facility,Lights lit,Fine,Dry,None,None,1,1,Driver,M,45,Slight,Not pedestrian,None,None,1,Car,Going ahead,N,No,N,N,N,Unknown,M,45,1781,Petrol,4
200501FH10026,Slight,2,1,10/2/2005,Thursday,16:00,Single motorway,30,Not at junction,NA,No physical crossing facility,Lights lit,Fine,Dry,None,None,1,1,Driver,M,45,Slight,Not pedestrian,None,None,2,Car,Going ahead,N,No,N,N,N,Unknown,M,-1,NA,NA,NA
200501FH10027,Slight,2,1,15/2/2005,Tuesday,18:09,Single motorway,30,T-junction,Give-way sign,No physical crossing facility,Lights lit,Fine,Dry,None,None,2,1,Driver,M,22,Slight,Not pedestrian,None,None,1,Car,Going ahead,N,No,N,N,N,Unknown,M,41,1781,Petrol,18
200501FH10027,Slight,2,1,15/2/2005,Tuesday,18:09,Single motorway,30,T-junction,Give-way sign,No physical crossing facility,Lights lit,Fine,Dry,None,None,2,1,Driver,M,22,Slight,Not pedestrian,None,None,2,Bicycle,Going ahead,N,No,N,N,N,Unknown,M,22,NA,NA,NA
200501FH10028,Slight,3,1,16/2/2005,Wednesday,16:30,Roundabout,30,Mini-roundabout,Give-way sign,Non-junction pedestrian light crossing,Daylight,Fine,Dry,None,None,2,1,Driver,M,38,Slight,Not pedestrian,None,None,1,Car,Going ahead,N,No,Y,N,N,Unknown,M,54,1597,Petrol,21
200501FH10028,Slight,3,1,16/2/2005,Wednesday,16:30,Roundabout,30,Mini-roundabout,Give-way sign,Non-junction pedestrian light crossing,Daylight,Fine,Dry,None,None,2,1,Driver,M,38,Slight,Not pedestrian,None,None,2,Car,Going ahead,N,No,Y,N,N,Unknown,M,38,1598,Petrol,7
200501FH10028,Slight,3,1,16/2/2005,Wednesday,16:30,Roundabout,30,Mini-roundabout,Give-way sign,Non-junction pedestrian light crossing,Daylight,Fine,Dry,None,None,2,1,Driver,M,38,Slight,Not pedestrian,None,None,3,Car,Waiting to/Turning right,N,No,N,N,N,Unknown,NA,-1,2494,Heavy oil,2
200501FH10029,Slight,3,1,21/2/2005,Monday,19:23,Dual motorway ,40,Not at junction,NA,No physical crossing facility,Lights lit,Fine,Wet,None,None,2,1,Driver,M,26,Slight,Not pedestrian,None,None,1,Car,Going ahead,N,No,N,N,N,Unknown,M,43,2979,Petrol,2
200501FH10029,Slight,3,1,21/2/2005,Monday,19:23,Dual motorway ,40,Not at junction,NA,No physical crossing facility,Lights lit,Fine,Wet,None,None,2,1,Driver,M,26,Slight,Not pedestrian,None,None,2,Car,Going ahead,N,No,N,N,N,Unknown,M,26,NA,NA,NA
200501FH10029,Slight,3,1,21/2/2005,Monday,19:23,Dual motorway ,40,Not at junction,NA,No physical crossing facility,Lights lit,Fine,Wet,None,None,2,1,Driver,M,26,Slight,Not pedestrian,None,None,3,Car,Waiting to/Turning left,N,No,N,N,N,Unknown,NA,-1,NA,NA,NA
200501FH10030,Slight,1,1,14/2/2005,Monday,18:45,Single motorway,30,Not at junction,NA,No physical crossing facility,Lights lit,Fine,Dry,None,None,1,1,Pedestrian,M,12,Slight,Elsewhere,None,None,1,Car,Going ahead,N,No,N,N,N,Unknown,NA,-1,NA,NA,NA
200501FH10032,Slight,2,1,17/2/2005,Thursday,20:15,Dual motorway ,30,Not at junction,NA,No physical crossing facility,Lights lit,Rain,Wet,None,None,2,1,Driver,M,39,Slight,Not pedestrian,None,None,1,Car,Parking,N,No,N,N,N,Unknown,M,26,1781,Petrol,14
200501FH10032,Slight,2,1,17/2/2005,Thursday,20:15,Dual motorway ,30,Not at junction,NA,No physical crossing facility,Lights lit,Rain,Wet,None,None,2,1,Driver,M,39,Slight,Not pedestrian,None,None,2,Bicycle,Going ahead,N,No,N,N,N,Unknown,M,39,NA,NA,NA
200501FH10034,Slight,3,1,18/2/2005,Friday,20:55,Single motorway,30,T-junction,Give-way sign,No physical crossing facility,Lights lit,Fine,Dry,Roadworks,None,1,1,Driver,F,26,Slight,Not pedestrian,None,None,1,Motorcycle,Going ahead,N,No,N,Y,Y,Unknown,F,26,645,Petrol,4
200501FH10034,Slight,3,1,18/2/2005,Friday,20:55,Single motorway,30,T-junction,Give-way sign,No physical crossing facility,Lights lit,Fine,Dry,Roadworks,None,1,1,Driver,F,26,Slight,Not pedestrian,None,None,2,Car,Going ahead,N,No,N,N,N,Unknown,M,18,1390,Petrol,7
200501FH10034,Slight,3,1,18/2/2005,Friday,20:55,Single motorway,30,T-junction,Give-way sign,No physical crossing facility,Lights lit,Fine,Dry,Roadworks,None,1,1,Driver,F,26,Slight,Not pedestrian,None,None,3,Taxi/Grab,Waiting to/Turning left,N,No,N,N,N,Unknown,NA,-1,NA,NA,NA
200501FH10035,Slight,2,1,19/2/2005,Saturday,7:35,Single motorway,30,T-junction,Give-way sign,No physical crossing facility,Daylight,Fine,Dry,None,None,2,1,Passenger,F,50,Slight,Not pedestrian,None,Seated,1,Car,Waiting to/Turning left,N,No,N,N,N,Unknown,NA,-1,NA,NA,NA
200501FH10035,Slight,2,1,19/2/2005,Saturday,7:35,Single motorway,30,T-junction,Give-way sign,No physical crossing facility,Daylight,Fine,Dry,None,None,2,1,Passenger,F,50,Slight,Not pedestrian,None,Seated,2,Bus/Coach,Halting,N,No,N,N,N,Job,F,44,NA,NA,NA
200501FH10036,Slight,2,1,24/2/2005,Thursday,19:05,Roundabout,30,Roundabout,Give-way sign,Zebra crossing,Lights lit,Snow with strong winds,Wet,None,None,2,1,Driver,M,23,Slight,Not pedestrian,None,None,1,Car,Going ahead,N,No,N,N,N,Unknown,M,24,1598,Petrol,NA
200501FH10036,Slight,2,1,24/2/2005,Thursday,19:05,Roundabout,30,Roundabout,Give-way sign,Zebra crossing,Lights lit,Snow with strong winds,Wet,None,None,2,1,Driver,M,23,Slight,Not pedestrian,None,None,2,Bicycle,Waiting to/Turning right,N,No,N,N,N,Unknown,M,23,NA,NA,NA
200501FH10037,Slight,2,1,5/2/2005,Saturday,16:00,Roundabout,30,Mini-roundabout,Give-way sign,Zebra crossing,Daylight,Fine,Dry,None,None,1,1,Driver,M,53,Slight,Not pedestrian,None,None,1,Motorcycle,Going ahead,N,No,N,N,N,Unknown,M,53,599,Petrol,6
200501FH10037,Slight,2,1,5/2/2005,Saturday,16:00,Roundabout,30,Mini-roundabout,Give-way sign,Zebra crossing,Daylight,Fine,Dry,None,None,1,1,Driver,M,53,Slight,Not pedestrian,None,None,2,Car,Waiting to/Turning right,N,No,N,N,N,Unknown,M,46,2435,Petrol,3
200501FH10038,Serious,2,1,22/2/2005,Tuesday,8:55,Single motorway,30,T-junction,Give-way sign,No physical crossing facility,Daylight,Fine,Wet,None,None,2,1,Driver,M,37,Serious,Not pedestrian,None,None,1,Car,Waiting to/Turning right,N,No,N,N,N,Unknown,M,32,1595,Petrol,4
200501FH10038,Serious,2,1,22/2/2005,Tuesday,8:55,Single motorway,30,T-junction,Give-way sign,No physical crossing facility,Daylight,Fine,Wet,None,None,2,1,Driver,M,37,Serious,Not pedestrian,None,None,2,Motorcycle,Overtaking,N,No,N,N,N,Unknown,M,37,498,Petrol,3
200501FH10039,Slight,2,1,22/2/2005,Tuesday,14:12,Single motorway,30,T-junction,Give-way sign,No physical crossing facility,Daylight,Fine,Wet,None,None,1,1,Driver,M,32,Slight,Not pedestrian,None,None,1,Motorcycle,Going ahead,N,No,N,N,N,Unknown,M,32,124,Petrol,3
200501FH10039,Slight,2,1,22/2/2005,Tuesday,14:12,Single motorway,30,T-junction,Give-way sign,No physical crossing facility,Daylight,Fine,Wet,None,None,1,1,Driver,M,32,Slight,Not pedestrian,None,None,2,Goods Van,Moving off,N,No,N,N,N,Unknown,M,27,2874,Heavy oil,14
200501FH10040,Slight,2,1,23/2/2005,Wednesday,8:43,Single motorway,30,Not at junction,NA,No physical crossing facility,Daylight,Fine,Wet,None,None,2,1,Driver,F,34,Slight,Not pedestrian,None,None,1,Car,Halting,N,No,N,N,N,Unknown,F,33,1731,Petrol,7
200501FH10040,Slight,2,1,23/2/2005,Wednesday,8:43,Single motorway,30,Not at junction,NA,No physical crossing facility,Daylight,Fine,Wet,None,None,2,1,Driver,F,34,Slight,Not pedestrian,None,None,2,Motorcycle,Going ahead,N,No,N,N,N,Unknown,F,34,49,Petrol,5
200501FH10041,Slight,1,1,21/2/2005,Monday,16:40,Single motorway,30,Not at junction,NA,Non-junction pedestrian light crossing,Daylight,Rain,Wet,None,None,1,1,Pedestrian,M,35,Slight,Crossing within 50m of facility,None,None,1,Minibus,Halting,N,No,N,N,N,Unknown,M,61,2874,Heavy oil,8
200501FH10042,Slight,1,1,21/2/2005,Monday,15:15,Single motorway,30,T-junction,Give-way sign,Zebra crossing,Daylight,Fine,Dry,None,None,1,1,Passenger,F,94,Slight,Not pedestrian,None,Alighting,1,Bus/Coach,Waiting,N,No,N,N,N,Job,M,39,8268,Heavy oil,2
200501FH10043,Slight,2,1,18/2/2005,Friday,9:50,Single motorway,30,T-junction,Give-way sign,Zebra crossing,Daylight,Fine,Dry,None,None,1,1,Driver,M,33,Slight,Not pedestrian,None,None,1,Motorcycle,Halting,N,No,N,N,N,Unknown,M,33,NA,NA,NA
200501FH10043,Slight,2,1,18/2/2005,Friday,9:50,Single motorway,30,T-junction,Give-way sign,Zebra crossing,Daylight,Fine,Dry,None,None,1,1,Driver,M,33,Slight,Not pedestrian,None,None,2,Goods Van,Going ahead,N,No,N,N,N,Unknown,M,-1,2461,Heavy oil,3
200501FH10044,Slight,1,1,23/2/2005,Wednesday,18:57,Single motorway,30,T-junction,Give-way sign,Zebra crossing,Lights lit,Snow,Wet,None,None,1,1,Pedestrian,F,27,Slight,Crossing on facility,None,None,1,Car,Going ahead,N,No,N,N,N,Unknown,M,30,1196,Petrol,9
200501FH10045,Slight,1,1,2/3/2005,Wednesday,9:10,One way street,30,More than 4 sections,Give-way sign,Traffic light,Daylight,Fine,Dry,None,None,1,1,Pedestrian,F,32,Slight,Unknown,None,None,1,Bicycle,Going ahead,N,No,N,N,N,Unknown,F,-1,NA,NA,NA
200501FH10046,Slight,1,1,28/2/2005,Monday,8:17,Single motorway,30,Not at junction,NA,Zebra crossing,Daylight,Fine,Dry,None,None,1,1,Pedestrian,F,14,Slight,Crossing on facility,None,None,1,Goods Van,Going ahead,N,No,N,N,N,Unknown,M,39,NA,NA,NA
200501FH10047,Slight,2,1,2/3/2005,Wednesday,7:58,Dual motorway ,40,Not at junction,NA,No physical crossing facility,Daylight,Fine,Dry,None,None,1,1,Driver,F,22,Slight,Not pedestrian,None,None,1,Car,Going ahead,N,Skid,N,N,N,Unknown,F,22,999,Petrol,7
200501FH10047,Slight,2,1,2/3/2005,Wednesday,7:58,Dual motorway ,40,Not at junction,NA,No physical crossing facility,Daylight,Fine,Dry,None,None,1,1,Driver,F,22,Slight,Not pedestrian,None,None,2,Unknown,Changing lane,N,No,N,N,N,Job,M,36,4233,Heavy oil,1
200501FH10048,Slight,1,1,7/3/2005,Monday,15:56,Single motorway,30,Crossroad,Traffic light,Traffic light,Daylight,Fine,Dry,None,None,1,1,Pedestrian,F,14,Slight,Crossing within 50m of facility,None,None,1,Car,Waiting to/Turning left,N,No,N,N,N,Unknown,M,40,1598,Petrol,3
200501FH10049,Serious,2,1,9/3/2005,Wednesday,19:55,One way street,30,More than 4 sections,Give-way sign,No physical crossing facility,Lights lit,Fine,Dry,None,None,1,1,Driver,M,38,Serious,Not pedestrian,None,None,1,Bicycle,Going ahead,N,No,N,N,N,Unknown,M,38,NA,NA,NA
200501FH10049,Serious,2,1,9/3/2005,Wednesday,19:55,One way street,30,More than 4 sections,Give-way sign,No physical crossing facility,Lights lit,Fine,Dry,None,None,1,1,Driver,M,38,Serious,Not pedestrian,None,None,2,Car,Going ahead,N,No,N,N,N,Unknown,NA,-1,1598,Petrol,4
200501FH10050,Slight,1,1,27/2/2005,Sunday,0:10,Single motorway,30,T-junction,Give-way sign,Traffic light,Lights lit,Snow,Wet,None,None,1,1,Pedestrian,M,29,Slight,Crossing within 50m of facility,None,None,1,Car,Going ahead,N,No,N,N,N,Unknown,M,19,1598,Petrol,10
200501FH10051,Slight,1,1,7/3/2005,Monday,9:00,Single motorway,30,Not at junction,NA,No physical crossing facility,Daylight,Fine,Dry,None,None,1,1,Pedestrian,M,10,Slight,Elsewhere,None,None,1,Car,Going ahead,N,No,N,N,N,Unknown,F,32,NA,NA,NA
200501FH10052,Slight,1,2,10/3/2005,Thursday,9:58,Single motorway,30,Not at junction,NA,Non-junction pedestrian light crossing,Daylight,Fine,Wet,None,None,1,1,Pedestrian,M,33,Slight,Crossing on facility,None,None,1,Motorcycle,Going ahead,N,No,N,N,N,Unknown,M,36,NA,NA,NA
200501FH10052,Slight,1,2,10/3/2005,Thursday,9:58,Single motorway,30,Not at junction,NA,Non-junction pedestrian light crossing,Daylight,Fine,Wet,None,None,1,2,Driver,M,36,Slight,Not pedestrian,None,None,1,Motorcycle,Going ahead,N,No,N,N,N,Unknown,M,36,NA,NA,NA
200501FH10053,Slight,2,1,2/3/2005,Wednesday,7:20,One way street,30,Slip road,Give-way sign,No physical crossing facility,Daylight,Fine,Dry,None,None,1,1,Passenger,F,-1,Slight,Not pedestrian,Front seat,None,1,Car,Going ahead,N,No,N,N,N,Unknown,M,26,NA,NA,NA
200501FH10053,Slight,2,1,2/3/2005,Wednesday,7:20,One way street,30,Slip road,Give-way sign,No physical crossing facility,Daylight,Fine,Dry,None,None,1,1,Passenger,F,-1,Slight,Not pedestrian,Front seat,None,2,Bus/Coach,Going ahead,N,No,N,N,N,Job,M,23,NA,Heavy oil,6
200501FH10054,Slight,2,1,1/3/2005,Tuesday,10:00,One way street,30,T-junction,Traffic light,No physical crossing facility,Daylight,Fine,Dry,None,None,1,1,Driver,F,34,Slight,Not pedestrian,None,None,1,Car,Waiting to/Turning left,N,No,N,N,N,Unknown,F,34,NA,NA,NA
200501FH10054,Slight,2,1,1/3/2005,Tuesday,10:00,One way street,30,T-junction,Traffic light,No physical crossing facility,Daylight,Fine,Dry,None,None,1,1,Driver,F,34,Slight,Not pedestrian,None,None,2,Bus/Coach,Waiting to/Turning right,N,No,N,N,N,Job,M,-1,8268,Heavy oil,4
200501FH10055,Slight,2,2,3/3/2005,Thursday,8:37,Single motorway,30,T-junction,Give-way sign,No physical crossing facility,Daylight,Fine,Dry,None,None,2,1,Driver,F,34,Slight,Not pedestrian,None,None,1,Car,Going ahead,N,No,N,N,N,Send/Fetch child,M,44,1598,Petrol,5