Accident_Index,Accident_Severity,Number_of_Vehicles,Number_of_Casualties,Date,Day_of_Week,Time,Road_Type,Speed_Limit,Junction_Detail,Junction_Control,Pedestrian_Crossing_Type,Light_Conditions,Weather_Conditions,Road_Surface_Conditions,Special_Conditions_at_Site,Road_Hazards,Vehicle_Reference.x,Casualty_Reference,Casualty_Class,Sex_of_Casualty,Age_of_Casualty,Casualty_Severity,Pedestrian_Location,Car_Passenger,Bus_or_Coach_Passenger,Vehicle_Reference.y,Vehicle_Type,Vehicle_Manoeuvre,Vehicle_in_Restricted_Lane,Skidding_and_Overturning,Hit_Object_on_Road,Vehicle_veer_off_Road,Hit_Object_off_Road,Journey_Purpose_of_Driver,Sex_of_Driver,Age_of_Driver,Engine_Capacity_CC,Engine_Type,Age_of_Vehicle
200501FH10055,Slight,2,2,3/3/2005,Thursday,8:37,Single motorway,30,T-junction,Give-way sign,No physical crossing facility,Daylight,Fine,Dry,None,None,2,1,Driver,F,34,Slight,Not pedestrian,None,None,2,Car,Moving off,N,No,N,N,N,Unknown,F,34,499,Petrol,37
200501FH10055,Slight,2,2,3/3/2005,Thursday,8:37,Single motorway,30,T-junction,Give-way sign,No physical crossing facility,Daylight,Fine,Dry,None,None,2,2,Passenger,M,6,Slight,Not pedestrian,Rear seat,None,1,Car,Going ahead,N,No,N,N,N,Send/Fetch child,M,44,1598,Petrol,5
200501FH10055,Slight,2,2,3/3/2005,Thursday,8:37,Single motorway,30,T-junction,Give-way sign,No physical crossing facility,Daylight,Fine,Dry,None,None,2,2,Passenger,M,6,Slight,Not pedestrian,Rear seat,None,2,Car,Moving off,N,No,N,N,N,Unknown,F,34,499,Petrol,37
200501FH10056,Slight,2,1,15/2/2005,Tuesday,19:34,Single motorway,30,T-junction,Give-way sign,No physical crossing facility,Lights lit,Fine,Dry,None,None,2,1,Driver,M,55,Slight,Not pedestrian,None,None,1,Car,Waiting to/Turning left,N,No,N,N,N,Unknown,M,55,NA,NA,NA
200501FH10056,Slight,2,1,15/2/2005,Tuesday,19:34,Single motorway,30,T-junction,Give-way sign,No physical crossing facility,Lights lit,Fine,Dry,None,None,2,1,Driver,M,55,Slight,Not pedestrian,None,None,2,Bicycle,Going ahead,N,No,N,N,N,Unknown,M,55,NA,NA,NA
200501FH10060,Slight,2,1,2/3/2005,Wednesday,14:26,Single motorway,30,Not at junction,NA,No physical crossing facility,Daylight,Snow,Wet,None,None,2,1,Driver,M,37,Slight,Not pedestrian,None,None,1,Car,U-turn,N,No,N,N,N,Unknown,M,26,1388,Petrol,NA
200501FH10060,Slight,2,1,2/3/2005,Wednesday,14:26,Single motorway,30,Not at junction,NA,No physical crossing facility,Daylight,Snow,Wet,None,None,2,1,Driver,M,37,Slight,Not pedestrian,None,None,2,Motorcycle,Going ahead,N,No,N,N,N,Unknown,M,37,124,Petrol,4
200501FH10066,Slight,1,1,13/3/2005,Sunday,12:55,Single motorway,30,Roundabout,Give-way sign,Zebra crossing,Daylight,Fine,Dry,None,None,1,1,Pedestrian,F,30,Slight,Crossing on facility,None,None,1,Car,Going ahead,N,No,N,N,N,Unknown,M,25,NA,NA,NA
200501FH10067,Slight,1,1,15/3/2005,Tuesday,15:31,Single motorway,30,Mini-roundabout,Give-way sign,No physical crossing facility,Daylight,Fine,Dry,None,None,1,1,Pedestrian,M,14,Slight,Elsewhere,None,None,1,Car,Waiting to/Turning right,N,No,N,N,N,Unknown,F,32,1390,Petrol,5
200501FH10068,Slight,2,1,3/3/2005,Thursday,22:44,Single motorway,30,T-junction,Give-way sign,No physical crossing facility,Lights lit,Fine,Dry,None,None,2,1,Driver,M,60,Slight,Not pedestrian,None,None,1,Car,Waiting to/Turning right,N,No,N,N,N,Unknown,M,70,NA,NA,NA
200501FH10068,Slight,2,1,3/3/2005,Thursday,22:44,Single motorway,30,T-junction,Give-way sign,No physical crossing facility,Lights lit,Fine,Dry,None,None,2,1,Driver,M,60,Slight,Not pedestrian,None,None,2,Motorcycle,Going ahead,N,No,N,N,N,Unknown,M,60,NA,NA,NA
200501FH10069,Serious,1,1,4/3/2005,Friday,21:15,Single motorway,30,T-junction,Give-way sign,No physical crossing facility,Lights lit,Fine,Dry,None,None,1,1,Pedestrian,F,-1,Serious,Middle of road,None,None,1,Car,Waiting to/Turning right,N,No,N,N,N,Unknown,M,-1,NA,NA,NA
200501FH10070,Slight,3,1,6/3/2005,Sunday,13:55,Dual motorway ,50,Not at junction,NA,No physical crossing facility,Daylight,Fine,Dry,None,None,1,1,Passenger,M,41,Slight,Not pedestrian,Rear seat,None,1,Taxi/Grab,Going ahead,N,No,N,N,N,Job,M,41,NA,NA,NA
200501FH10070,Slight,3,1,6/3/2005,Sunday,13:55,Dual motorway ,50,Not at junction,NA,No physical crossing facility,Daylight,Fine,Dry,None,None,1,1,Passenger,M,41,Slight,Not pedestrian,Rear seat,None,2,Taxi/Grab,Halting,N,No,N,N,N,Unknown,NA,-1,NA,NA,NA
200501FH10070,Slight,3,1,6/3/2005,Sunday,13:55,Dual motorway ,50,Not at junction,NA,No physical crossing facility,Daylight,Fine,Dry,None,None,1,1,Passenger,M,41,Slight,Not pedestrian,Rear seat,None,3,Car,Halting,N,No,N,N,N,Unknown,NA,-1,NA,NA,NA
200501FH10071,Slight,2,1,15/3/2005,Tuesday,14:33,Single motorway,30,T-junction,Traffic light,Traffic light,Daylight,Fine,Dry,None,None,2,1,Driver,M,23,Slight,Not pedestrian,None,None,1,Car,Waiting,N,No,N,N,N,Unknown,M,71,1896,Heavy oil,1
200501FH10071,Slight,2,1,15/3/2005,Tuesday,14:33,Single motorway,30,T-junction,Traffic light,Traffic light,Daylight,Fine,Dry,None,None,2,1,Driver,M,23,Slight,Not pedestrian,None,None,2,Car,Halting,N,No,N,N,N,Unknown,M,23,1686,Heavy oil,1
200501FH10072,Slight,3,2,15/3/2005,Tuesday,11:10,Dual motorway ,30,T-junction,Traffic light,Traffic light,Daylight,Fine,Dry,None,None,1,1,Driver,M,52,Slight,Not pedestrian,None,None,1,Car,Waiting to/Turning right,N,No,N,N,N,Unknown,M,52,2401,Heavy oil,1
200501FH10072,Slight,3,2,15/3/2005,Tuesday,11:10,Dual motorway ,30,T-junction,Traffic light,Traffic light,Daylight,Fine,Dry,None,None,1,1,Driver,M,52,Slight,Not pedestrian,None,None,2,Goods Van,Going ahead,N,No,N,N,N,Unknown,M,22,NA,NA,NA
200501FH10072,Slight,3,2,15/3/2005,Tuesday,11:10,Dual motorway ,30,T-junction,Traffic light,Traffic light,Daylight,Fine,Dry,None,None,1,1,Driver,M,52,Slight,Not pedestrian,None,None,3,Taxi/Grab,Waiting to/Turning right,N,No,N,N,N,Unknown,M,48,2664,Heavy oil,9
200501FH10072,Slight,3,2,15/3/2005,Tuesday,11:10,Dual motorway ,30,T-junction,Traffic light,Traffic light,Daylight,Fine,Dry,None,None,2,2,Driver,M,22,Slight,Not pedestrian,None,None,1,Car,Waiting to/Turning right,N,No,N,N,N,Unknown,M,52,2401,Heavy oil,1
200501FH10072,Slight,3,2,15/3/2005,Tuesday,11:10,Dual motorway ,30,T-junction,Traffic light,Traffic light,Daylight,Fine,Dry,None,None,2,2,Driver,M,22,Slight,Not pedestrian,None,None,2,Goods Van,Going ahead,N,No,N,N,N,Unknown,M,22,NA,NA,NA
200501FH10072,Slight,3,2,15/3/2005,Tuesday,11:10,Dual motorway ,30,T-junction,Traffic light,Traffic light,Daylight,Fine,Dry,None,None,2,2,Driver,M,22,Slight,Not pedestrian,None,None,3,Taxi/Grab,Waiting to/Turning right,N,No,N,N,N,Unknown,M,48,2664,Heavy oil,9
200501FH10073,Slight,2,1,8/3/2005,Tuesday,19:30,Single motorway,30,T-junction,Give-way sign,No physical crossing facility,Lights lit,Fine,Dry,None,None,1,1,Driver,M,48,Slight,Not pedestrian,None,None,1,Bicycle,Going ahead,N,No,N,N,N,Unknown,M,48,NA,NA,NA
200501FH10073,Slight,2,1,8/3/2005,Tuesday,19:30,Single motorway,30,T-junction,Give-way sign,No physical crossing facility,Lights lit,Fine,Dry,None,None,1,1,Driver,M,48,Slight,Not pedestrian,None,None,2,Car,Waiting to/Turning right,N,No,N,N,N,Unknown,M,-1,1998,Petrol,6
200501FH10074,Slight,2,1,21/3/2005,Monday,17:10,Single motorway,30,T-junction,Traffic light,No physical crossing facility,Daylight,Fine,Dry,None,None,1,1,Driver,F,24,Slight,Not pedestrian,None,None,1,Car,Going ahead,N,No,N,N,N,Unknown,F,24,1769,Petrol,15
200501FH10074,Slight,2,1,21/3/2005,Monday,17:10,Single motorway,30,T-junction,Traffic light,No physical crossing facility,Daylight,Fine,Dry,None,None,1,1,Driver,F,24,Slight,Not pedestrian,None,None,2,Car,Changing lane,N,No,N,N,N,Unknown,F,-1,2967,Petrol,6
200501FH10075,Serious,1,1,3/2/2005,Thursday,16:25,Single motorway,30,Not at junction,NA,No physical crossing facility,Lights lit,Fine,Dry,None,None,1,1,Passenger,F,65,Serious,Not pedestrian,None,Seated,1,Bus/Coach,Going ahead,N,No,N,N,N,Job,NA,-1,NA,NA,NA
200501FH10076,Slight,2,1,18/3/2005,Friday,20:28,Single motorway,30,T-junction,Give-way sign,No physical crossing facility,Lights lit,Fine,Dry,None,None,1,1,Driver,M,34,Slight,Not pedestrian,None,None,1,Car,Going ahead,N,No,N,N,N,Unknown,M,34,1360,Petrol,6
200501FH10076,Slight,2,1,18/3/2005,Friday,20:28,Single motorway,30,T-junction,Give-way sign,No physical crossing facility,Lights lit,Fine,Dry,None,None,1,1,Driver,M,34,Slight,Not pedestrian,None,None,2,Car,Overtaking,N,Overturn,N,N,N,Unknown,M,35,NA,NA,NA
200501FH10077,Slight,2,1,9/3/2005,Wednesday,14:00,Single motorway,30,Unknown,Give-way sign,No physical crossing facility,Daylight,Fine,Dry,None,None,1,1,Driver,M,41,Slight,Not pedestrian,None,None,1,Bicycle,Going ahead,N,No,N,N,N,Unknown,M,41,NA,NA,NA
200501FH10077,Slight,2,1,9/3/2005,Wednesday,14:00,Single motorway,30,Unknown,Give-way sign,No physical crossing facility,Daylight,Fine,Dry,None,None,1,1,Driver,M,41,Slight,Not pedestrian,None,None,2,Car,Waiting to/Turning right,N,No,N,Y,N,Unknown,M,-1,NA,NA,NA
200501FH10078,Slight,1,1,16/3/2005,Wednesday,6:30,Dual motorway ,30,T-junction,Give-way sign,Zebra crossing,Daylight,Fine,Dry,None,None,1,1,Pedestrian,M,28,Slight,Sidewalk,None,None,1,Bus/Coach,Going ahead,N,No,N,N,N,Job,M,-1,8268,Heavy oil,3
200501FH10079,Slight,2,1,23/3/2005,Wednesday,19:03,Roundabout,30,Mini-roundabout,Give-way sign,No physical crossing facility,Lights lit,Fine,Dry,None,None,2,1,Driver,M,28,Slight,Not pedestrian,None,None,1,Car,Going ahead,N,No,N,N,N,Unknown,F,57,1396,Petrol,5
200501FH10079,Slight,2,1,23/3/2005,Wednesday,19:03,Roundabout,30,Mini-roundabout,Give-way sign,No physical crossing facility,Lights lit,Fine,Dry,None,None,2,1,Driver,M,28,Slight,Not pedestrian,None,None,2,Bicycle,Waiting to/Turning right,N,No,N,N,N,Unknown,M,28,NA,NA,NA
200501FH10081,Serious,2,2,20/3/2005,Sunday,19:35,Dual motorway ,40,Not at junction,NA,No physical crossing facility,Lights lit,Fine,Dry,None,None,1,1,Passenger,M,32,Slight,Not pedestrian,Rear seat,None,1,Car,Halting,N,No,N,N,N,Unknown,M,31,2902,Heavy oil,4
200501FH10081,Serious,2,2,20/3/2005,Sunday,19:35,Dual motorway ,40,Not at junction,NA,No physical crossing facility,Lights lit,Fine,Dry,None,None,1,1,Passenger,M,32,Slight,Not pedestrian,Rear seat,None,2,Car,Halting,N,No,N,N,N,Unknown,NA,-1,2148,Heavy oil,2
200501FH10081,Serious,2,2,20/3/2005,Sunday,19:35,Dual motorway ,40,Not at junction,NA,No physical crossing facility,Lights lit,Fine,Dry,None,None,2,2,Pedestrian,M,28,Serious,Sidewalk,None,None,1,Car,Halting,N,No,N,N,N,Unknown,M,31,2902,Heavy oil,4
200501FH10081,Serious,2,2,20/3/2005,Sunday,19:35,Dual motorway ,40,Not at junction,NA,No physical crossing facility,Lights lit,Fine,Dry,None,None,2,2,Pedestrian,M,28,Serious,Sidewalk,None,None,2,Car,Halting,N,No,N,N,N,Unknown,NA,-1,2148,Heavy oil,2
200501FH10082,Slight,1,1,22/3/2005,Tuesday,14:10,Single motorway,30,Crossroad,Traffic light,No physical crossing facility,Daylight,Rain,Wet,None,None,1,1,Driver,M,73,Slight,Not pedestrian,None,None,1,Car,Going ahead,N,No,N,Y,Y,Unknown,M,73,1984,Petrol,5
200501FH10083,Slight,2,1,19/3/2005,Saturday,11:06,Single motorway,30,Mini-roundabout,Give-way sign,No physical crossing facility,Daylight,Fine,Dry,None,None,1,1,Driver,F,39,Slight,Not pedestrian,None,None,1,Bicycle,Waiting to/Turning right,N,No,N,N,N,Unknown,F,39,NA,NA,NA
200501FH10083,Slight,2,1,19/3/2005,Saturday,11:06,Single motorway,30,Mini-roundabout,Give-way sign,No physical crossing facility,Daylight,Fine,Dry,None,None,1,1,Driver,F,39,Slight,Not pedestrian,None,None,2,Car,Going ahead,N,No,N,N,N,Unknown,M,46,993,Petrol,3
200501FH10084,Slight,2,1,19/3/2005,Saturday,15:35,Dual motorway ,40,Crossroad,Traffic light,No physical crossing facility,Daylight,Fine,Dry,None,None,2,1,Driver,M,25,Slight,Not pedestrian,None,None,1,Car,Going ahead,N,No,Y,N,N,Unknown,M,33,3400,LPG,6
200501FH10084,Slight,2,1,19/3/2005,Saturday,15:35,Dual motorway ,40,Crossroad,Traffic light,No physical crossing facility,Daylight,Fine,Dry,None,None,2,1,Driver,M,25,Slight,Not pedestrian,None,None,2,Car,Waiting to/Turning right,N,No,N,N,N,Unknown,M,25,1389,Petrol,12
200501FH10085,Slight,3,1,18/3/2005,Friday,8:55,Single motorway,30,T-junction,Give-way sign,No physical crossing facility,Daylight,Fine,Dry,None,None,2,1,Driver,F,23,Slight,Not pedestrian,None,None,1,Minibus,Waiting to/Turning right,N,No,N,N,N,Unknown,M,47,NA,NA,NA
200501FH10085,Slight,3,1,18/3/2005,Friday,8:55,Single motorway,30,T-junction,Give-way sign,No physical crossing facility,Daylight,Fine,Dry,None,None,2,1,Driver,F,23,Slight,Not pedestrian,None,None,2,Bicycle,Going ahead,N,No,N,N,N,Unknown,F,23,NA,NA,NA
200501FH10085,Slight,3,1,18/3/2005,Friday,8:55,Single motorway,30,T-junction,Give-way sign,No physical crossing facility,Daylight,Fine,Dry,None,None,2,1,Driver,F,23,Slight,Not pedestrian,None,None,3,Unknown,Waiting,N,No,N,N,N,Unknown,NA,-1,NA,NA,NA
200501FH10086,Slight,1,1,17/3/2005,Thursday,7:47,Single motorway,30,T-junction,Give-way sign,No physical crossing facility,Daylight,Fine,Dry,None,None,1,1,Pedestrian,F,30,Slight,Sidewalk,None,None,1,Car,Going ahead,N,No,N,N,N,Unknown,M,-1,NA,NA,NA
200501FH10087,Slight,1,1,9/3/2005,Wednesday,22:30,Single motorway,30,Crossroad,Give-way sign,Zebra crossing,Lights lit,Rain,Wet,None,None,1,1,Pedestrian,M,28,Slight,Crossing on facility,None,None,1,Taxi/Grab,Going ahead,N,No,N,N,N,Unknown,NA,-1,NA,NA,NA
200501FH10088,Serious,2,1,20/3/2005,Sunday,23:45,Single motorway,30,T-junction,Give-way sign,No physical crossing facility,Lights lit,Fine,Dry,None,None,2,1,Driver,M,15,Serious,Not pedestrian,None,None,1,Car,Going ahead,N,No,N,N,N,Unknown,M,40,1948,Petrol,7
200501FH10088,Serious,2,1,20/3/2005,Sunday,23:45,Single motorway,30,T-junction,Give-way sign,No physical crossing facility,Lights lit,Fine,Dry,None,None,2,1,Driver,M,15,Serious,Not pedestrian,None,None,2,Bicycle,Waiting to/Turning left,N,No,N,N,N,Unknown,M,15,NA,NA,NA
200501FH10089,Slight,2,1,21/3/2005,Monday,11:00,Single motorway,30,T-junction,Give-way sign,No physical crossing facility,Daylight,Fine,Dry,None,None,1,1,Driver,M,-1,Slight,Not pedestrian,None,None,1,Car,Waiting to/Turning left,N,No,N,N,N,Unknown,M,-1,1242,Petrol,8
200501FH10089,Slight,2,1,21/3/2005,Monday,11:00,Single motorway,30,T-junction,Give-way sign,No physical crossing facility,Daylight,Fine,Dry,None,None,1,1,Driver,M,-1,Slight,Not pedestrian,None,None,2,Car,Going ahead,N,No,N,N,N,Unknown,F,-1,NA,NA,NA
200501FH10090,Slight,1,1,18/3/2005,Friday,11:55,Single motorway,30,T-junction,Traffic light,Traffic light,Daylight,Fine,Dry,None,None,1,1,Passenger,F,38,Slight,Not pedestrian,None,Seated,1,Bus/Coach,Going ahead,N,No,N,N,N,Unknown,M,39,7300,Heavy oil,2
200501FH10091,Slight,2,1,22/3/2005,Tuesday,10:55,Single motorway,30,T-junction,Give-way sign,No physical crossing facility,Daylight,Rain,Wet,None,None,2,1,Driver,M,24,Slight,Not pedestrian,None,None,1,Car,Waiting to/Turning right,N,No,N,N,N,Unknown,M,26,1149,Petrol,2
200501FH10091,Slight,2,1,22/3/2005,Tuesday,10:55,Single motorway,30,T-junction,Give-way sign,No physical crossing facility,Daylight,Rain,Wet,None,None,2,1,Driver,M,24,Slight,Not pedestrian,None,None,2,Motorcycle,Going ahead,N,Skid,N,N,N,Unknown,M,24,125,Petrol,1
200501FH10092,Slight,2,1,18/3/2005,Friday,8:10,Single motorway,30,T-junction,Give-way sign,No physical crossing facility,Daylight,Fine,Dry,None,None,1,1,Driver,M,36,Slight,Not pedestrian,None,None,1,Bicycle,Going ahead,N,No,N,N,N,Unknown,M,36,NA,NA,NA
200501FH10092,Slight,2,1,18/3/2005,Friday,8:10,Single motorway,30,T-junction,Give-way sign,No physical crossing facility,Daylight,Fine,Dry,None,None,1,1,Driver,M,36,Slight,Not pedestrian,None,None,2,Car,Waiting to/Turning left,N,No,N,N,N,Unknown,NA,-1,1598,Petrol,2
200501FH10093,Serious,1,1,26/2/2005,Saturday,11:28,Single motorway,30,T-junction,Give-way sign,Zebra crossing,Daylight,Fine,Dry,None,None,1,1,Passenger,M,88,Serious,Not pedestrian,None,Alighting,1,Bus/Coach,Halting,N,No,N,N,N,Job,M,21,NA,Heavy oil,39
200501FH10094,Slight,2,1,17/3/2005,Thursday,16:28,Single motorway,30,Unknown,Give-way sign,No physical crossing facility,Daylight,Fine,Dry,None,None,1,1,Driver,M,55,Slight,Not pedestrian,None,None,1,Motorcycle,Going ahead,N,No,N,N,N,Unknown,M,55,447,Petrol,14
200501FH10094,Slight,2,1,17/3/2005,Thursday,16:28,Single motorway,30,Unknown,Give-way sign,No physical crossing facility,Daylight,Fine,Dry,None,None,1,1,Driver,M,55,Slight,Not pedestrian,None,None,2,Bus/Coach,Waiting to/Turning right,N,No,N,N,N,Job,M,39,4250,Heavy oil,3
200501FH10096,Slight,1,1,21/3/2005,Monday,14:15,One way street,30,T-junction,Give-way sign,Zebra crossing,Daylight,Fine,Dry,None,None,1,1,Pedestrian,F,23,Slight,Crossing on facility,None,None,1,Car,Going ahead,N,No,N,N,N,Unknown,NA,-1,1796,Petrol,NA
200501FH10097,Slight,1,1,22/3/2005,Tuesday,12:51,Single motorway,30,T-junction,Give-way sign,No physical crossing facility,Daylight,Fine,Wet,None,None,1,1,Pedestrian,M,35,Slight,Sidewalk,None,None,1,Car,Going ahead,N,No,N,N,N,Unknown,M,-1,1598,Petrol,1
200501FH10098,Slight,1,1,26/3/2005,Saturday,2:53,One way street,30,More than 4 sections,Traffic light,Traffic light,Lights lit,Fine,Dry,None,None,1,1,Pedestrian,F,-1,Slight,Footbridge,None,None,1,Car,Going ahead,N,No,N,Y,Y,Unknown,M,-1,NA,NA,NA
200501FH10100,Serious,2,1,26/3/2005,Saturday,13:35,Single motorway,30,T-junction,Give-way sign,Zebra crossing,Daylight,Fine,Dry,None,None,1,1,Driver,M,79,Serious,Not pedestrian,None,None,1,Bicycle,Going ahead,N,No,N,N,N,Unknown,M,79,NA,NA,NA
200501FH10100,Serious,2,1,26/3/2005,Saturday,13:35,Single motorway,30,T-junction,Give-way sign,Zebra crossing,Daylight,Fine,Dry,None,None,1,1,Driver,M,79,Serious,Not pedestrian,None,None,2,Car,Going ahead,N,No,N,N,N,Unknown,M,24,1796,Petrol,4
200501FH10101,Slight,2,1,29/3/2005,Tuesday,9:20,Single motorway,30,T-junction,Give-way sign,No physical crossing facility,Daylight,Fine,Dry,None,None,2,1,Driver,M,29,Slight,Not pedestrian,None,None,1,Car,Waiting to/Turning right,N,No,N,N,N,Unknown,M,39,1392,Petrol,9
200501FH10101,Slight,2,1,29/3/2005,Tuesday,9:20,Single motorway,30,T-junction,Give-way sign,No physical crossing facility,Daylight,Fine,Dry,None,None,2,1,Driver,M,29,Slight,Not pedestrian,None,None,2,Bicycle,Going ahead,Y,No,N,N,N,Unknown,M,29,NA,NA,NA
200501FH10102,Slight,1,1,14/3/2005,Monday,11:20,One way street,30,Not at junction,NA,No physical crossing facility,Daylight,Fine,Dry,None,None,1,1,Pedestrian,M,30,Slight,Elsewhere,None,None,1,Car,Going ahead,N,No,N,N,N,Unknown,M,52,1995,Heavy oil,1
200501FH10104,Slight,1,2,26/3/2005,Saturday,6:18,Single motorway,30,Not at junction,NA,No physical crossing facility,Daylight,Fine,Dry,None,None,1,1,Driver,M,58,Slight,Not pedestrian,None,None,1,Car,Going ahead,N,No,N,Y,Y,Unknown,M,58,NA,NA,NA
200501FH10104,Slight,1,2,26/3/2005,Saturday,6:18,Single motorway,30,Not at junction,NA,No physical crossing facility,Daylight,Fine,Dry,None,None,1,2,Passenger,M,29,Slight,Not pedestrian,Rear seat,None,1,Car,Going ahead,N,No,N,Y,Y,Unknown,M,58,NA,NA,NA
200501FH10105,Slight,1,1,2/4/2005,Saturday,3:19,Single motorway,30,Not at junction,NA,No physical crossing facility,Lights lit,Fine,Dry,None,None,1,1,Pedestrian,F,16,Slight,Elsewhere,None,None,1,Car,Going ahead,N,No,N,N,N,Unknown,M,21,1598,Petrol,NA
200501FH10107,Slight,1,1,2/4/2005,Saturday,11:55,Single motorway,30,T-junction,Give-way sign,Non-junction pedestrian light crossing,Daylight,Fine,Dry,None,None,1,1,Passenger,F,61,Slight,Not pedestrian,None,Standing,1,Bus/Coach,Halting,N,No,N,N,N,Job,M,33,NA,NA,NA
200501FH10108,Slight,2,1,4/4/2005,Monday,21:33,Dual motorway ,40,Not at junction,NA,No physical crossing facility,Lights lit,Fine,Wet,None,None,1,1,Driver,M,35,Slight,Not pedestrian,None,None,1,Motorcycle,Going ahead,N,No,N,N,N,Unknown,M,35,124,Petrol,1
200501FH10108,Slight,2,1,4/4/2005,Monday,21:33,Dual motorway ,40,Not at junction,NA,No physical crossing facility,Lights lit,Fine,Wet,None,None,1,1,Driver,M,35,Slight,Not pedestrian,None,None,2,Car,Changing lane,N,No,N,N,N,Unknown,NA,-1,NA,NA,NA
200501FH10109,Slight,1,1,14/3/2005,Monday,12:00,Single motorway,30,T-junction,Give-way sign,No physical crossing facility,Daylight,Fine,Dry,None,None,1,1,Pedestrian,F,24,Slight,Elsewhere,None,None,1,Car,Going ahead,N,No,N,N,N,Unknown,M,29,NA,NA,NA
200501FH10110,Slight,2,1,23/3/2005,Wednesday,8:35,Single motorway,30,Not at junction,NA,No physical crossing facility,Daylight,Fine,Dry,None,None,1,1,Driver,M,44,Slight,Not pedestrian,None,None,1,Car,Halting,N,No,N,N,N,Unknown,M,44,1997,Petrol,4
200501FH10110,Slight,2,1,23/3/2005,Wednesday,8:35,Single motorway,30,Not at junction,NA,No physical crossing facility,Daylight,Fine,Dry,None,None,1,1,Driver,M,44,Slight,Not pedestrian,None,None,2,Car,Going ahead,N,No,N,N,N,Unknown,F,36,1598,Petrol,7
200501FH10112,Slight,2,1,24/3/2005,Thursday,9:30,Single motorway,30,Mini-roundabout,Give-way sign,Zebra crossing,Daylight,Rain,Wet,None,None,1,1,Driver,M,39,Slight,Not pedestrian,None,None,1,Goods Van,Waiting,N,No,N,N,N,Unknown,M,39,1870,Heavy oil,4
200501FH10112,Slight,2,1,24/3/2005,Thursday,9:30,Single motorway,30,Mini-roundabout,Give-way sign,Zebra crossing,Daylight,Rain,Wet,None,None,1,1,Driver,M,39,Slight,Not pedestrian,None,None,2,Goods Van,Halting,N,No,N,N,N,Unknown,M,30,2496,Heavy oil,10
200501FH10114,Slight,3,1,31/3/2005,Thursday,17:10,Single motorway,30,Not at junction,NA,No physical crossing facility,Daylight,Fine,Dry,None,None,1,1,Driver,M,25,Slight,Not pedestrian,None,None,1,Bicycle,Overtaking,N,No,N,N,N,Unknown,M,25,NA,NA,NA
200501FH10114,Slight,3,1,31/3/2005,Thursday,17:10,Single motorway,30,Not at junction,NA,No physical crossing facility,Daylight,Fine,Dry,None,None,1,1,Driver,M,25,Slight,Not pedestrian,None,None,2,Car,Overtaking,N,No,N,N,N,Unknown,M,-1,1896,Heavy oil,11
200501FH10114,Slight,3,1,31/3/2005,Thursday,17:10,Single motorway,30,Not at junction,NA,No physical crossing facility,Daylight,Fine,Dry,None,None,1,1,Driver,M,25,Slight,Not pedestrian,None,None,3,Bus/Coach,Parking,N,No,N,N,N,Job,NA,-1,NA,NA,NA
200501FH10115,Slight,2,1,5/4/2005,Tuesday,13:48,Single motorway,30,Not at junction,NA,Zebra crossing,Daylight,Fine,Dry,None,None,1,1,Driver,M,18,Slight,Not pedestrian,None,None,1,Bicycle,Going ahead,N,No,N,N,N,Unknown,M,18,NA,NA,NA
200501FH10115,Slight,2,1,5/4/2005,Tuesday,13:48,Single motorway,30,Not at junction,NA,Zebra crossing,Daylight,Fine,Dry,None,None,1,1,Driver,M,18,Slight,Not pedestrian,None,None,2,Car,Overtaking,N,No,N,N,N,Unknown,NA,-1,NA,NA,NA
200501FH10116,Slight,1,1,25/3/2005,Friday,20:25,One way street,30,Not at junction,NA,No physical crossing facility,Lights lit,Fine,Dry,None,None,1,1,Pedestrian,M,4,Slight,Elsewhere,None,None,1,Car,Going ahead,N,No,N,N,N,Unknown,M,39,1800,Petrol,7
200501FH10118,Slight,2,1,30/3/2005,Wednesday,20:38,Single motorway,30,T-junction,Traffic light,Traffic light,Lights lit,Fine,Dry,None,None,2,1,Driver,M,35,Slight,Not pedestrian,None,None,1,Car,Waiting to/Turning right,N,No,N,N,N,Unknown,F,27,1997,Heavy oil,3
200501FH10118,Slight,2,1,30/3/2005,Wednesday,20:38,Single motorway,30,T-junction,Traffic light,Traffic light,Lights lit,Fine,Dry,None,None,2,1,Driver,M,35,Slight,Not pedestrian,None,None,2,Motorcycle,Going ahead,N,No,N,N,N,Unknown,M,35,487,Petrol,1
200501FH10119,Slight,2,1,29/3/2005,Tuesday,20:27,One way street,30,Not at junction,NA,No physical crossing facility,Lights lit,Rain,Wet,None,None,1,1,Driver,M,94,Slight,Not pedestrian,None,None,1,Car,Going ahead,N,No,N,N,N,Unknown,M,94,NA,NA,NA
200501FH10119,Slight,2,1,29/3/2005,Tuesday,20:27,One way street,30,Not at junction,NA,No physical crossing facility,Lights lit,Rain,Wet,None,None,1,1,Driver,M,94,Slight,Not pedestrian,None,None,2,Bus/Coach,Parking,N,No,N,N,N,Unknown,M,28,9600,Heavy oil,7
200501FH10120,Slight,2,1,11/4/2005,Monday,9:40,One way street,30,Not at junction,NA,No physical crossing facility,Daylight,Fine,Dry,None,None,2,1,Driver,M,36,Slight,Not pedestrian,None,None,1,Motorcycle,Going ahead,N,No,N,N,N,Unknown,M,40,49,Petrol,2