Accident_Index,Accident_Severity,Number_of_Vehicles,Number_of_Casualties,Date,Day_of_Week,Time,Road_Type,Speed_Limit,Junction_Detail,Junction_Control,Pedestrian_Crossing_Type,Light_Conditions,Weather_Conditions,Road_Surface_Conditions,Special_Conditions_at_Site,Road_Hazards,Vehicle_Reference.x,Casualty_Reference,Casualty_Class,Sex_of_Casualty,Age_of_Casualty,Casualty_Severity,Pedestrian_Location,Car_Passenger,Bus_or_Coach_Passenger,Vehicle_Reference.y,Vehicle_Type,Vehicle_Manoeuvre,Vehicle_in_Restricted_Lane,Skidding_and_Overturning,Hit_Object_on_Road,Vehicle_veer_off_Road,Hit_Object_off_Road,Journey_Purpose_of_Driver,Sex_of_Driver,Age_of_Driver,Engine_Capacity_CC,Engine_Type,Age_of_Vehicle
200501FH10120,Slight,2,1,11/4/2005,Monday,9:40,One way street,30,Not at junction,NA,No physical crossing facility,Daylight,Fine,Dry,None,None,2,1,Driver,M,36,Slight,Not pedestrian,None,None,2,Bus/Coach,Halting,N,No,N,N,N,Unknown,M,36,8268,Heavy oil,2
200501FH10121,Slight,2,1,10/4/2005,Sunday,23:15,Dual motorway ,40,Crossroad,Traffic light,Traffic light,Lights lit,Fine,Dry,None,None,2,1,Driver,M,24,Slight,Not pedestrian,None,None,1,Car,Going ahead,N,No,N,N,N,Unknown,M,37,NA,NA,NA
200501FH10121,Slight,2,1,10/4/2005,Sunday,23:15,Dual motorway ,40,Crossroad,Traffic light,Traffic light,Lights lit,Fine,Dry,None,None,2,1,Driver,M,24,Slight,Not pedestrian,None,None,2,Bicycle,Moving off,N,No,N,N,N,Unknown,M,24,NA,NA,NA
200501FH10122,Slight,2,1,28/3/2005,Monday,13:55,Single motorway,30,Roundabout,Traffic light,No physical crossing facility,Daylight,Fine,Dry,None,None,1,1,Passenger,F,81,Slight,Not pedestrian,None,Seated,1,Bus/Coach,Going ahead,N,No,N,N,N,Job,M,38,NA,Heavy oil,5
200501FH10122,Slight,2,1,28/3/2005,Monday,13:55,Single motorway,30,Roundabout,Traffic light,No physical crossing facility,Daylight,Fine,Dry,None,None,1,1,Passenger,F,81,Slight,Not pedestrian,None,Seated,2,Car,Changing lane,N,No,N,N,N,Unknown,M,-1,1199,Petrol,4
200501FH10123,Slight,1,1,29/3/2005,Tuesday,9:00,Single motorway,30,T-junction,Give-way sign,Non-junction pedestrian light crossing,Daylight,Fine,Dry,None,None,1,1,Pedestrian,M,51,Slight,Crossing within 50m of facility,None,None,1,Car,Going ahead,N,No,N,N,N,Unknown,NA,-1,2498,Petrol,10
200501FH10124,Slight,1,2,27/3/2005,Sunday,22:10,One way street,30,T-junction,Traffic light,Traffic light,Lights lit,Fine,Dry,None,None,1,1,Pedestrian,F,-1,Slight,Crossing within 50m of facility,None,None,1,Car,Waiting to/Turning left,N,No,N,N,N,Unknown,M,40,1124,Petrol,4
200501FH10124,Slight,1,2,27/3/2005,Sunday,22:10,One way street,30,T-junction,Traffic light,Traffic light,Lights lit,Fine,Dry,None,None,1,2,Pedestrian,F,28,Slight,Crossing within 50m of facility,None,None,1,Car,Waiting to/Turning left,N,No,N,N,N,Unknown,M,40,1124,Petrol,4
200501FH10125,Slight,2,1,6/4/2005,Wednesday,15:16,Dual motorway ,30,More than 4 sections,Traffic light,Traffic light,Daylight,Rain,Wet,None,None,1,1,Driver,M,57,Slight,Not pedestrian,None,None,1,Motorcycle,Going ahead,N,No,N,N,N,Unknown,M,57,499,Petrol,3
200501FH10125,Slight,2,1,6/4/2005,Wednesday,15:16,Dual motorway ,30,More than 4 sections,Traffic light,Traffic light,Daylight,Rain,Wet,None,None,1,1,Driver,M,57,Slight,Not pedestrian,None,None,2,Unknown,Waiting to/Turning left,N,No,N,N,N,Unknown,M,31,NA,NA,NA
200501FH10126,Slight,1,1,6/4/2005,Wednesday,9:42,Single motorway,30,T-junction,Traffic light,Traffic light,Daylight,Fine,Wet,None,None,1,1,Pedestrian,F,23,Slight,Crossing on facility,None,None,1,Goods Van,Waiting to/Turning left,N,No,N,N,N,Unknown,NA,-1,NA,NA,NA
200501FH10127,Slight,2,1,6/4/2005,Wednesday,18:56,Single motorway,30,Crossroad,Give-way sign,No physical crossing facility,Daylight,Fine,Dry,None,None,2,1,Driver,M,33,Slight,Not pedestrian,None,None,1,Car,Waiting to/Turning left,N,No,N,N,N,Unknown,NA,-1,NA,NA,NA
200501FH10127,Slight,2,1,6/4/2005,Wednesday,18:56,Single motorway,30,Crossroad,Give-way sign,No physical crossing facility,Daylight,Fine,Dry,None,None,2,1,Driver,M,33,Slight,Not pedestrian,None,None,2,Bicycle,Going ahead,N,No,N,N,N,Unknown,M,33,NA,NA,NA
200501FH10128,Slight,2,1,25/3/2005,Friday,16:59,Single motorway,30,Not at junction,NA,No physical crossing facility,Daylight,Fine,Dry,None,None,2,1,Driver,M,27,Slight,Not pedestrian,None,None,1,Car,U-turn,N,No,N,N,N,Unknown,F,36,NA,NA,NA
200501FH10128,Slight,2,1,25/3/2005,Friday,16:59,Single motorway,30,Not at junction,NA,No physical crossing facility,Daylight,Fine,Dry,None,None,2,1,Driver,M,27,Slight,Not pedestrian,None,None,2,Motorcycle,Going ahead,N,No,N,N,N,Unknown,M,27,125,Petrol,1
200501FH10130,Slight,2,1,6/4/2005,Wednesday,17:59,Roundabout,30,Roundabout,Give-way sign,No physical crossing facility,Daylight,Fine,Dry,None,None,2,1,Driver,F,-1,Slight,Not pedestrian,None,None,1,Goods Van,Going ahead,N,No,N,N,N,Unknown,M,32,NA,NA,NA
200501FH10130,Slight,2,1,6/4/2005,Wednesday,17:59,Roundabout,30,Roundabout,Give-way sign,No physical crossing facility,Daylight,Fine,Dry,None,None,2,1,Driver,F,-1,Slight,Not pedestrian,None,None,2,Car,Changing lane,N,No,Y,Y,Y,Unknown,F,-1,1598,Petrol,2
200501FH10131,Slight,2,1,8/4/2005,Friday,12:30,Single motorway,30,T-junction,Give-way sign,No physical crossing facility,Daylight,Fine,Dry,None,None,1,1,Passenger,F,40,Slight,Not pedestrian,Rear seat,None,1,Taxi/Grab,Going ahead,N,No,N,N,N,Unknown,M,60,2664,Heavy oil,9
200501FH10131,Slight,2,1,8/4/2005,Friday,12:30,Single motorway,30,T-junction,Give-way sign,No physical crossing facility,Daylight,Fine,Dry,None,None,1,1,Passenger,F,40,Slight,Not pedestrian,Rear seat,None,2,Car,Waiting to/Turning left,N,No,N,N,N,Unknown,M,43,1997,Heavy oil,2
200501FH10132,Slight,2,1,8/4/2005,Friday,18:20,Single motorway,30,Crossroad,Give-way sign,No physical crossing facility,Daylight,Fine,Dry,None,None,1,1,Driver,M,29,Slight,Not pedestrian,None,None,1,Motorcycle,Overtaking,N,No,N,N,N,Unknown,M,29,125,Petrol,2
200501FH10132,Slight,2,1,8/4/2005,Friday,18:20,Single motorway,30,Crossroad,Give-way sign,No physical crossing facility,Daylight,Fine,Dry,None,None,1,1,Driver,M,29,Slight,Not pedestrian,None,None,2,Car,Waiting to/Turning right,N,No,N,N,N,Unknown,M,42,1988,Petrol,3
200501FH10133,Slight,1,1,5/4/2005,Tuesday,15:35,Single motorway,30,Not at junction,NA,No physical crossing facility,Daylight,Fine,Dry,None,None,1,1,Pedestrian,M,20,Slight,Elsewhere,None,None,1,Car,Going ahead,N,No,N,N,N,Unknown,F,63,NA,NA,NA
200501FH10134,Slight,2,2,1/4/2005,Friday,21:47,Single motorway,30,Not at junction,NA,No physical crossing facility,Lights lit,Fine,Dry,None,None,2,1,Passenger,F,11,Slight,Not pedestrian,Rear seat,None,1,Car,Parking,N,No,N,N,N,Unknown,NA,-1,3199,Petrol,6
200501FH10134,Slight,2,2,1/4/2005,Friday,21:47,Single motorway,30,Not at junction,NA,No physical crossing facility,Lights lit,Fine,Dry,None,None,2,1,Passenger,F,11,Slight,Not pedestrian,Rear seat,None,2,Car,Going ahead,N,No,Y,Y,Y,Unknown,F,39,1999,Petrol,1
200501FH10134,Slight,2,2,1/4/2005,Friday,21:47,Single motorway,30,Not at junction,NA,No physical crossing facility,Lights lit,Fine,Dry,None,None,2,2,Driver,F,39,Slight,Not pedestrian,None,None,1,Car,Parking,N,No,N,N,N,Unknown,NA,-1,3199,Petrol,6
200501FH10134,Slight,2,2,1/4/2005,Friday,21:47,Single motorway,30,Not at junction,NA,No physical crossing facility,Lights lit,Fine,Dry,None,None,2,2,Driver,F,39,Slight,Not pedestrian,None,None,2,Car,Going ahead,N,No,Y,Y,Y,Unknown,F,39,1999,Petrol,1
200501FH10135,Slight,2,1,14/3/2005,Monday,9:20,Single motorway,30,Not at junction,NA,No physical crossing facility,Daylight,Fine,Dry,None,None,1,1,Driver,F,39,Slight,Not pedestrian,None,None,1,Bicycle,Going ahead,N,No,N,N,N,To/From Work,F,39,NA,NA,NA
200501FH10135,Slight,2,1,14/3/2005,Monday,9:20,Single motorway,30,Not at junction,NA,No physical crossing facility,Daylight,Fine,Dry,None,None,1,1,Driver,F,39,Slight,Not pedestrian,None,None,2,Car,Changing lane,N,No,N,N,N,Unknown,M,-1,NA,NA,NA
200501FH10136,Slight,2,1,26/3/2005,Saturday,18:08,Single motorway,30,T-junction,Give-way sign,No physical crossing facility,Daylight,Fine,Wet,None,None,2,1,Passenger,F,26,Slight,Not pedestrian,None,None,1,Car,Waiting to/Turning right,N,No,N,N,N,Unknown,M,41,1686,Heavy oil,10
200501FH10136,Slight,2,1,26/3/2005,Saturday,18:08,Single motorway,30,T-junction,Give-way sign,No physical crossing facility,Daylight,Fine,Wet,None,None,2,1,Passenger,F,26,Slight,Not pedestrian,None,None,2,Motorcycle,Going ahead,N,No,N,N,N,Unknown,M,30,599,Petrol,6
200501FH10137,Slight,1,1,29/3/2005,Tuesday,14:15,Single motorway,30,Crossroad,Traffic light,No physical crossing facility,Daylight,Unknown,Dry,None,None,1,1,Pedestrian,F,68,Slight,Elsewhere,None,None,1,Car,Overtaking,N,No,N,N,N,Unknown,NA,-1,NA,NA,NA
200501FH10138,Slight,2,3,2/4/2005,Saturday,16:30,Dual motorway ,30,Crossroad,Traffic light,No physical crossing facility,Daylight,Fine,Dry,None,None,1,1,Driver,F,42,Slight,Not pedestrian,None,None,1,Car,Going ahead,N,No,N,N,N,Unknown,F,42,NA,NA,NA
200501FH10138,Slight,2,3,2/4/2005,Saturday,16:30,Dual motorway ,30,Crossroad,Traffic light,No physical crossing facility,Daylight,Fine,Dry,None,None,1,1,Driver,F,42,Slight,Not pedestrian,None,None,2,Car,Going ahead,N,No,N,N,N,Unknown,M,56,NA,NA,NA
200501FH10138,Slight,2,3,2/4/2005,Saturday,16:30,Dual motorway ,30,Crossroad,Traffic light,No physical crossing facility,Daylight,Fine,Dry,None,None,1,2,Passenger,F,49,Slight,Not pedestrian,Rear seat,None,1,Car,Going ahead,N,No,N,N,N,Unknown,F,42,NA,NA,NA
200501FH10138,Slight,2,3,2/4/2005,Saturday,16:30,Dual motorway ,30,Crossroad,Traffic light,No physical crossing facility,Daylight,Fine,Dry,None,None,1,2,Passenger,F,49,Slight,Not pedestrian,Rear seat,None,2,Car,Going ahead,N,No,N,N,N,Unknown,M,56,NA,NA,NA
200501FH10138,Slight,2,3,2/4/2005,Saturday,16:30,Dual motorway ,30,Crossroad,Traffic light,No physical crossing facility,Daylight,Fine,Dry,None,None,1,3,Passenger,M,13,Slight,Not pedestrian,Rear seat,None,1,Car,Going ahead,N,No,N,N,N,Unknown,F,42,NA,NA,NA
200501FH10138,Slight,2,3,2/4/2005,Saturday,16:30,Dual motorway ,30,Crossroad,Traffic light,No physical crossing facility,Daylight,Fine,Dry,None,None,1,3,Passenger,M,13,Slight,Not pedestrian,Rear seat,None,2,Car,Going ahead,N,No,N,N,N,Unknown,M,56,NA,NA,NA
200501FH10139,Serious,2,1,9/4/2005,Saturday,12:13,Single motorway,30,T-junction,Give-way sign,No physical crossing facility,Daylight,Fine,Dry,None,None,2,1,Driver,M,41,Serious,Not pedestrian,None,None,1,Car,Waiting to/Turning right,N,No,N,N,N,Unknown,M,44,1493,Petrol,11
200501FH10139,Serious,2,1,9/4/2005,Saturday,12:13,Single motorway,30,T-junction,Give-way sign,No physical crossing facility,Daylight,Fine,Dry,None,None,2,1,Driver,M,41,Serious,Not pedestrian,None,None,2,Motorcycle,Going ahead,N,No,N,N,N,Unknown,M,41,600,Petrol,8
200501FH10140,Slight,3,1,9/4/2005,Saturday,1:00,One way street,30,T-junction,Give-way sign,No physical crossing facility,Lights lit,Fine,Dry,None,None,1,1,Driver,F,24,Slight,Not pedestrian,None,None,1,Motorcycle,Going ahead,N,No,Y,N,N,Unknown,F,24,748,Petrol,NA
200501FH10140,Slight,3,1,9/4/2005,Saturday,1:00,One way street,30,T-junction,Give-way sign,No physical crossing facility,Lights lit,Fine,Dry,None,None,1,1,Driver,F,24,Slight,Not pedestrian,None,None,2,Car,Parking,N,No,N,N,N,Unknown,M,41,1396,Petrol,14
200501FH10140,Slight,3,1,9/4/2005,Saturday,1:00,One way street,30,T-junction,Give-way sign,No physical crossing facility,Lights lit,Fine,Dry,None,None,1,1,Driver,F,24,Slight,Not pedestrian,None,None,3,Goods Van,Going ahead,N,No,N,N,N,Unknown,NA,-1,NA,NA,NA
200501FH10141,Slight,2,1,9/4/2005,Saturday,19:30,Single motorway,30,T-junction,Give-way sign,No physical crossing facility,Daylight,Fine,Dry,None,None,2,1,Driver,M,11,Slight,Not pedestrian,None,None,1,Motorcycle,Going ahead,N,No,N,N,N,Unknown,M,54,NA,NA,NA
200501FH10141,Slight,2,1,9/4/2005,Saturday,19:30,Single motorway,30,T-junction,Give-way sign,No physical crossing facility,Daylight,Fine,Dry,None,None,2,1,Driver,M,11,Slight,Not pedestrian,None,None,2,Bicycle,Going ahead,N,No,N,N,N,Unknown,M,11,NA,NA,NA
200501FH10142,Slight,2,1,5/4/2005,Tuesday,8:20,Single motorway,30,T-junction,Give-way sign,No physical crossing facility,Daylight,Fine,Dry,None,None,1,1,Driver,M,23,Slight,Not pedestrian,None,None,1,Bicycle,Going ahead,N,No,N,N,N,Unknown,M,23,NA,NA,NA
200501FH10142,Slight,2,1,5/4/2005,Tuesday,8:20,Single motorway,30,T-junction,Give-way sign,No physical crossing facility,Daylight,Fine,Dry,None,None,1,1,Driver,M,23,Slight,Not pedestrian,None,None,2,Car,Waiting to/Turning left,N,No,N,N,N,Unknown,M,44,1850,Petrol,5
200501FH10143,Slight,2,1,14/4/2005,Thursday,8:17,Roundabout,30,Roundabout,Traffic light,Traffic light,Daylight,Fine,Dry,None,None,2,1,Driver,F,24,Slight,Not pedestrian,None,None,1,Car,Waiting to/Turning left,N,No,N,N,N,Unknown,F,33,1587,Petrol,5
200501FH10143,Slight,2,1,14/4/2005,Thursday,8:17,Roundabout,30,Roundabout,Traffic light,Traffic light,Daylight,Fine,Dry,None,None,2,1,Driver,F,24,Slight,Not pedestrian,None,None,2,Bicycle,Going ahead,N,No,N,N,N,Unknown,F,24,NA,NA,NA
200501FH10144,Slight,2,1,2/4/2005,Saturday,22:48,Single motorway,30,Not at junction,NA,No physical crossing facility,Lights lit,Fine,Dry,None,None,2,1,Driver,F,13,Slight,Not pedestrian,None,None,1,Taxi/Grab,Going ahead,N,No,N,N,N,Job,M,50,NA,NA,NA
200501FH10144,Slight,2,1,2/4/2005,Saturday,22:48,Single motorway,30,Not at junction,NA,No physical crossing facility,Lights lit,Fine,Dry,None,None,2,1,Driver,F,13,Slight,Not pedestrian,None,None,2,Bicycle,Going ahead,N,No,N,N,N,Unknown,F,13,NA,NA,NA
200501FH10145,Slight,4,1,15/4/2005,Friday,8:21,One way street,30,Crossroad,Give-way sign,No physical crossing facility,Daylight,Fine,Dry,None,None,1,1,Driver,M,46,Slight,Not pedestrian,None,None,1,Car,Going ahead,N,No,N,N,N,Unknown,M,46,1905,Heavy oil,6
200501FH10145,Slight,4,1,15/4/2005,Friday,8:21,One way street,30,Crossroad,Give-way sign,No physical crossing facility,Daylight,Fine,Dry,None,None,1,1,Driver,M,46,Slight,Not pedestrian,None,None,2,Car,Moving off,N,No,Y,N,N,Unknown,F,31,1360,Petrol,3
200501FH10145,Slight,4,1,15/4/2005,Friday,8:21,One way street,30,Crossroad,Give-way sign,No physical crossing facility,Daylight,Fine,Dry,None,None,1,1,Driver,M,46,Slight,Not pedestrian,None,None,3,Car,Parking,N,No,N,N,N,Unknown,M,40,NA,NA,NA
200501FH10145,Slight,4,1,15/4/2005,Friday,8:21,One way street,30,Crossroad,Give-way sign,No physical crossing facility,Daylight,Fine,Dry,None,None,1,1,Driver,M,46,Slight,Not pedestrian,None,None,4,Car,Parking,N,No,N,N,N,Unknown,M,47,4008,Petrol,5
200501FH10146,Serious,2,1,11/4/2005,Monday,16:25,Single motorway,30,T-junction,Give-way sign,No physical crossing facility,Daylight,Fine,Dry,None,None,1,1,Driver,M,20,Serious,Not pedestrian,None,None,1,Bicycle,Going ahead,N,No,N,N,N,Unknown,M,20,NA,NA,NA
200501FH10146,Serious,2,1,11/4/2005,Monday,16:25,Single motorway,30,T-junction,Give-way sign,No physical crossing facility,Daylight,Fine,Dry,None,None,1,1,Driver,M,20,Serious,Not pedestrian,None,None,2,Car,Changing lane,N,No,N,N,N,Unknown,M,-1,1242,Petrol,6
200501FH10147,Slight,2,2,16/4/2005,Saturday,10:32,Single motorway,30,T-junction,Give-way sign,No physical crossing facility,Daylight,Fine,Dry,None,None,1,1,Driver,M,38,Slight,Not pedestrian,None,None,1,Motorcycle,Going ahead,N,No,N,N,N,Unknown,M,38,NA,NA,NA
200501FH10147,Slight,2,2,16/4/2005,Saturday,10:32,Single motorway,30,T-junction,Give-way sign,No physical crossing facility,Daylight,Fine,Dry,None,None,1,1,Driver,M,38,Slight,Not pedestrian,None,None,2,Car,Waiting to/Turning right,N,No,N,N,N,Unknown,M,45,1493,Petrol,13
200501FH10147,Slight,2,2,16/4/2005,Saturday,10:32,Single motorway,30,T-junction,Give-way sign,No physical crossing facility,Daylight,Fine,Dry,None,None,1,2,Passenger,F,38,Slight,Not pedestrian,None,None,1,Motorcycle,Going ahead,N,No,N,N,N,Unknown,M,38,NA,NA,NA
200501FH10147,Slight,2,2,16/4/2005,Saturday,10:32,Single motorway,30,T-junction,Give-way sign,No physical crossing facility,Daylight,Fine,Dry,None,None,1,2,Passenger,F,38,Slight,Not pedestrian,None,None,2,Car,Waiting to/Turning right,N,No,N,N,N,Unknown,M,45,1493,Petrol,13
200501FH10148,Slight,1,1,8/4/2005,Friday,13:03,Single motorway,30,T-junction,Give-way sign,Traffic light,Daylight,Fine,Dry,None,None,1,1,Pedestrian,F,61,Slight,Crossing within 50m of facility,None,None,1,Car,Waiting to/Turning right,N,No,N,N,N,Unknown,M,38,NA,NA,NA
200501FH10149,Slight,1,1,7/4/2005,Thursday,7:23,Roundabout,30,Roundabout,Traffic controller,No physical crossing facility,Daylight,Fine,Dry,None,Vehicle load,1,1,Driver,M,36,Slight,Not pedestrian,None,None,1,Motorcycle,Going ahead,N,No,Y,N,N,To/From Work,M,36,125,Petrol,2
200501FH10150,Slight,1,1,11/4/2005,Monday,11:52,Single motorway,30,Not at junction,NA,No physical crossing facility,Daylight,Fine,Dry,None,None,1,1,Passenger,F,72,Slight,Not pedestrian,None,Standing,1,Bus/Coach,Halting,N,No,N,N,N,Job,M,40,NA,NA,NA
200501FH10151,Slight,1,1,15/4/2005,Friday,1:00,Single motorway,30,Not at junction,NA,No physical crossing facility,Lights lit,Fine,Dry,None,None,1,1,Pedestrian,M,26,Slight,Unknown,None,None,1,Bus/Coach,Going ahead,N,No,Y,Y,Y,Unknown,F,37,NA,NA,NA
200501FH10153,Slight,3,1,20/4/2005,Wednesday,7:50,Dual motorway ,40,Not at junction,NA,No physical crossing facility,Daylight,Fine,Dry,None,None,2,1,Driver,M,32,Slight,Not pedestrian,None,None,1,Bus/Coach,Going ahead,N,No,N,N,N,Job,M,33,12600,Heavy oil,2
200501FH10153,Slight,3,1,20/4/2005,Wednesday,7:50,Dual motorway ,40,Not at junction,NA,No physical crossing facility,Daylight,Fine,Dry,None,None,2,1,Driver,M,32,Slight,Not pedestrian,None,None,2,Motorcycle,Overtaking,N,No,N,N,N,Unknown,M,32,397,Petrol,16
200501FH10153,Slight,3,1,20/4/2005,Wednesday,7:50,Dual motorway ,40,Not at junction,NA,No physical crossing facility,Daylight,Fine,Dry,None,None,2,1,Driver,M,32,Slight,Not pedestrian,None,None,3,Car,Going ahead,N,No,N,N,N,Unknown,NA,-1,NA,NA,NA
200501FH10154,Slight,2,1,13/4/2005,Wednesday,6:08,Dual motorway ,30,Not at junction,NA,No physical crossing facility,Daylight,Rain,Wet,None,None,1,1,Driver,M,25,Slight,Not pedestrian,None,None,1,Motorcycle,Going ahead,N,No,N,N,N,Unknown,M,25,645,Petrol,2
200501FH10154,Slight,2,1,13/4/2005,Wednesday,6:08,Dual motorway ,30,Not at junction,NA,No physical crossing facility,Daylight,Rain,Wet,None,None,1,1,Driver,M,25,Slight,Not pedestrian,None,None,2,Car,Changing lane,N,No,N,N,N,Unknown,NA,-1,NA,NA,NA
200501FH10156,Serious,2,2,3/4/2005,Sunday,4:20,Single motorway,30,Not at junction,NA,No physical crossing facility,Lights lit,Fine,Dry,None,None,2,1,Driver,M,38,Serious,Not pedestrian,None,None,1,Car,Going ahead,N,Skid,N,N,N,Unknown,F,31,2295,Petrol,3
200501FH10156,Serious,2,2,3/4/2005,Sunday,4:20,Single motorway,30,Not at junction,NA,No physical crossing facility,Lights lit,Fine,Dry,None,None,2,1,Driver,M,38,Serious,Not pedestrian,None,None,2,Taxi/Grab,Going ahead,N,No,N,N,N,Unknown,M,38,2664,Heavy oil,6
200501FH10156,Serious,2,2,3/4/2005,Sunday,4:20,Single motorway,30,Not at junction,NA,No physical crossing facility,Lights lit,Fine,Dry,None,None,2,2,Passenger,F,23,Slight,Not pedestrian,Rear seat,None,1,Car,Going ahead,N,Skid,N,N,N,Unknown,F,31,2295,Petrol,3
200501FH10156,Serious,2,2,3/4/2005,Sunday,4:20,Single motorway,30,Not at junction,NA,No physical crossing facility,Lights lit,Fine,Dry,None,None,2,2,Passenger,F,23,Slight,Not pedestrian,Rear seat,None,2,Taxi/Grab,Going ahead,N,No,N,N,N,Unknown,M,38,2664,Heavy oil,6
200501FH10158,Slight,2,1,21/4/2005,Thursday,18:35,Single motorway,30,T-junction,Give-way sign,No physical crossing facility,Daylight,Fine,Dry,None,None,2,1,Driver,M,31,Slight,Not pedestrian,None,None,1,Car,Waiting to/Turning right,N,No,N,N,N,Unknown,M,45,1595,Petrol,15
200501FH10158,Slight,2,1,21/4/2005,Thursday,18:35,Single motorway,30,T-junction,Give-way sign,No physical crossing facility,Daylight,Fine,Dry,None,None,2,1,Driver,M,31,Slight,Not pedestrian,None,None,2,Bicycle,Going ahead,N,No,N,N,N,Unknown,M,31,NA,NA,NA
200501FH10159,Slight,1,1,22/4/2005,Friday,8:25,Single motorway,30,Not at junction,NA,No physical crossing facility,Daylight,Fine,Dry,None,None,1,1,Pedestrian,M,21,Slight,Unknown,None,None,1,Bus/Coach,Moving off,N,No,N,N,N,Unknown,M,24,7300,Heavy oil,3
200501FH10160,Slight,2,1,9/4/2005,Saturday,23:32,Single motorway,30,Not at junction,NA,No physical crossing facility,Lights lit,Fine,Dry,None,None,2,1,Driver,M,20,Slight,Not pedestrian,None,None,1,Car,Waiting to/Turning right,N,No,N,N,N,Unknown,NA,-1,NA,NA,NA
200501FH10160,Slight,2,1,9/4/2005,Saturday,23:32,Single motorway,30,Not at junction,NA,No physical crossing facility,Lights lit,Fine,Dry,None,None,2,1,Driver,M,20,Slight,Not pedestrian,None,None,2,Motorcycle,Going ahead,N,No,N,N,N,Unknown,M,20,NA,NA,NA
200501FH10161,Slight,1,1,4/4/2005,Monday,19:59,One way street,30,Not at junction,NA,No physical crossing facility,Daylight,Fine,Dry,None,None,1,1,Pedestrian,M,12,Slight,Sidewalk,None,None,1,Car,Moving off,N,No,N,N,N,Unknown,NA,-1,NA,NA,NA
200501FH10162,Slight,1,1,20/4/2005,Wednesday,15:59,Single motorway,30,Not at junction,NA,No physical crossing facility,Daylight,Fine,Dry,None,None,1,1,Pedestrian,M,37,Slight,Footbridge,None,None,1,Bus/Coach,Going ahead,Y,No,N,N,N,Job,M,28,8268,Heavy oil,3
200501FH10163,Slight,2,1,20/4/2005,Wednesday,9:15,Roundabout,30,Roundabout,Give-way sign,No physical crossing facility,Daylight,Fine,Dry,None,None,1,1,Driver,M,44,Slight,Not pedestrian,None,None,1,Motorcycle,Halting,N,No,N,N,N,Unknown,M,44,124,Petrol,5
200501FH10163,Slight,2,1,20/4/2005,Wednesday,9:15,Roundabout,30,Roundabout,Give-way sign,No physical crossing facility,Daylight,Fine,Dry,None,None,1,1,Driver,M,44,Slight,Not pedestrian,None,None,2,Car,Going ahead,N,No,N,N,N,Unknown,NA,-1,NA,NA,NA
200501FH10164,Slight,1,1,17/4/2005,Sunday,19:10,One way street,30,Not at junction,NA,No physical crossing facility,Daylight,Rain,Wet,None,None,1,1,Driver,M,29,Slight,Not pedestrian,None,None,1,Car,Going ahead,N,No,N,Y,Y,Unknown,M,29,NA,NA,NA
200501FH10165,Slight,1,1,22/4/2005,Friday,9:55,Single motorway,30,T-junction,Give-way sign,No physical crossing facility,Daylight,Fine,Dry,None,None,1,1,Pedestrian,M,-1,Slight,Elsewhere,None,None,1,Car,Waiting to/Turning right,N,No,N,N,N,Unknown,F,-1,1596,Petrol,4
200501FH10166,Slight,1,2,16/4/2005,Saturday,18:00,Single motorway,30,Not at junction,NA,No physical crossing facility,Daylight,Fine,Dry,None,None,1,1,Passenger,M,17,Slight,Not pedestrian,Rear seat,None,1,Car,Going ahead,N,Skid,N,Y,Y,Unknown,M,20,1905,Heavy oil,10
200501FH10166,Slight,1,2,16/4/2005,Saturday,18:00,Single motorway,30,Not at junction,NA,No physical crossing facility,Daylight,Fine,Dry,None,None,1,2,Passenger,F,18,Slight,Not pedestrian,Rear seat,None,1,Car,Going ahead,N,Skid,N,Y,Y,Unknown,M,20,1905,Heavy oil,10
200501FH10167,Slight,2,1,19/4/2005,Tuesday,13:30,Single motorway,30,T-junction,Give-way sign,No physical crossing facility,Daylight,Fine,Dry,None,None,1,1,Driver,M,26,Slight,Not pedestrian,None,None,1,Motorcycle,Going ahead,N,No,N,N,N,Unknown,M,26,598,Petrol,16
200501FH10167,Slight,2,1,19/4/2005,Tuesday,13:30,Single motorway,30,T-junction,Give-way sign,No physical crossing facility,Daylight,Fine,Dry,None,None,1,1,Driver,M,26,Slight,Not pedestrian,None,None,2,Car,U-turn,N,No,N,N,N,Unknown,M,47,1896,Heavy oil,1
200501FH10168,Slight,1,1,18/4/2005,Monday,11:08,Single motorway,30,T-junction,Give-way sign,No physical crossing facility,Daylight,Fine,Wet,None,None,1,1,Pedestrian,M,59,Slight,Elsewhere,None,None,1,Goods Van,Going ahead,N,No,N,N,N,Unknown,NA,-1,NA,NA,NA
200501FH10169,Slight,2,1,20/4/2005,Wednesday,7:45,Single motorway,30,T-junction,Give-way sign,No physical crossing facility,Daylight,Fine,Dry,None,None,2,1,Driver,M,26,Slight,Not pedestrian,None,None,1,Car,Waiting to/Turning right,N,No,N,N,N,Unknown,F,25,1398,Petrol,3