Accident_Index,Accident_Severity,Number_of_Vehicles,Number_of_Casualties,Date,Day_of_Week,Time,Road_Type,Speed_Limit,Junction_Detail,Junction_Control,Pedestrian_Crossing_Type,Light_Conditions,Weather_Conditions,Road_Surface_Conditions,Special_Conditions_at_Site,Road_Hazards,Vehicle_Reference.x,Casualty_Reference,Casualty_Class,Sex_of_Casualty,Age_of_Casualty,Casualty_Severity,Pedestrian_Location,Car_Passenger,Bus_or_Coach_Passenger,Vehicle_Reference.y,Vehicle_Type,Vehicle_Manoeuvre,Vehicle_in_Restricted_Lane,Skidding_and_Overturning,Hit_Object_on_Road,Vehicle_veer_off_Road,Hit_Object_off_Road,Journey_Purpose_of_Driver,Sex_of_Driver,Age_of_Driver,Engine_Capacity_CC,Engine_Type,Age_of_Vehicle
200501FH10169,Slight,2,1,20/4/2005,Wednesday,7:45,Single motorway,30,T-junction,Give-way sign,No physical crossing facility,Daylight,Fine,Dry,None,None,2,1,Driver,M,26,Slight,Not pedestrian,None,None,2,Motorcycle,Going ahead,N,No,N,N,N,Unknown,M,26,49,Petrol,2
200501FH10170,Slight,2,1,18/4/2005,Monday,9:48,Dual motorway ,40,Crossroad,Traffic light,No physical crossing facility,Daylight,Rain,Wet,None,None,2,1,Driver,M,31,Slight,Not pedestrian,None,None,1,Car,Waiting to/Turning left,N,No,N,N,N,Unknown,M,61,1800,Petrol,5
200501FH10170,Slight,2,1,18/4/2005,Monday,9:48,Dual motorway ,40,Crossroad,Traffic light,No physical crossing facility,Daylight,Rain,Wet,None,None,2,1,Driver,M,31,Slight,Not pedestrian,None,None,2,Motorcycle,Going ahead,N,Skid,N,N,N,Unknown,M,31,599,Petrol,1
200501FH10172,Slight,3,2,19/4/2005,Tuesday,16:25,Single motorway,30,Not at junction,NA,No physical crossing facility,Daylight,Fine,Dry,None,None,2,1,Driver,M,34,Slight,Not pedestrian,None,None,1,Car,U-turn,N,No,N,N,N,Unknown,M,33,2902,Heavy oil,1
200501FH10172,Slight,3,2,19/4/2005,Tuesday,16:25,Single motorway,30,Not at junction,NA,No physical crossing facility,Daylight,Fine,Dry,None,None,2,1,Driver,M,34,Slight,Not pedestrian,None,None,2,Car,Going ahead,N,No,N,N,N,Unknown,M,34,NA,NA,NA
200501FH10172,Slight,3,2,19/4/2005,Tuesday,16:25,Single motorway,30,Not at junction,NA,No physical crossing facility,Daylight,Fine,Dry,None,None,2,1,Driver,M,34,Slight,Not pedestrian,None,None,3,Car,Going ahead,N,No,N,N,N,Job,F,32,988,Petrol,17
200501FH10172,Slight,3,2,19/4/2005,Tuesday,16:25,Single motorway,30,Not at junction,NA,No physical crossing facility,Daylight,Fine,Dry,None,None,3,2,Driver,F,32,Slight,Not pedestrian,None,None,1,Car,U-turn,N,No,N,N,N,Unknown,M,33,2902,Heavy oil,1
200501FH10172,Slight,3,2,19/4/2005,Tuesday,16:25,Single motorway,30,Not at junction,NA,No physical crossing facility,Daylight,Fine,Dry,None,None,3,2,Driver,F,32,Slight,Not pedestrian,None,None,2,Car,Going ahead,N,No,N,N,N,Unknown,M,34,NA,NA,NA
200501FH10172,Slight,3,2,19/4/2005,Tuesday,16:25,Single motorway,30,Not at junction,NA,No physical crossing facility,Daylight,Fine,Dry,None,None,3,2,Driver,F,32,Slight,Not pedestrian,None,None,3,Car,Going ahead,N,No,N,N,N,Job,F,32,988,Petrol,17
200501FH10173,Slight,2,1,22/4/2005,Friday,17:25,Single motorway,30,T-junction,Give-way sign,Non-junction pedestrian light crossing,Daylight,Fine,Dry,None,None,1,1,Driver,M,54,Slight,Not pedestrian,None,None,1,Motorcycle,Going ahead,N,No,N,N,N,Unknown,M,54,851,Petrol,13
200501FH10173,Slight,2,1,22/4/2005,Friday,17:25,Single motorway,30,T-junction,Give-way sign,Non-junction pedestrian light crossing,Daylight,Fine,Dry,None,None,1,1,Driver,M,54,Slight,Not pedestrian,None,None,2,Car,Waiting to/Turning right,N,No,N,N,N,Unknown,NA,-1,1991,Petrol,7
200501FH10175,Slight,2,1,16/4/2005,Saturday,21:40,Dual motorway ,30,T-junction,Give-way sign,No physical crossing facility,Lights lit,Fine,Dry,None,None,1,1,Driver,M,29,Slight,Not pedestrian,None,None,1,Motorcycle,Going ahead,N,No,N,N,N,Unknown,M,29,85,Petrol,3
200501FH10175,Slight,2,1,16/4/2005,Saturday,21:40,Dual motorway ,30,T-junction,Give-way sign,No physical crossing facility,Lights lit,Fine,Dry,None,None,1,1,Driver,M,29,Slight,Not pedestrian,None,None,2,Car,Waiting to/Turning right,N,No,N,N,N,Unknown,M,-1,NA,NA,NA
200501FH10176,Slight,2,1,21/4/2005,Thursday,18:10,Single motorway,30,T-junction,Traffic light,Traffic light,Daylight,Fine,Dry,None,None,2,1,Driver,M,-1,Slight,Not pedestrian,None,None,1,Goods Van,Going ahead,N,No,N,N,N,Job,M,67,2299,Heavy oil,7
200501FH10176,Slight,2,1,21/4/2005,Thursday,18:10,Single motorway,30,T-junction,Traffic light,Traffic light,Daylight,Fine,Dry,None,None,2,1,Driver,M,-1,Slight,Not pedestrian,None,None,2,Bicycle,Going ahead,N,No,N,N,N,Unknown,M,-1,NA,NA,NA
200501FH10177,Serious,3,2,27/4/2005,Wednesday,8:26,Single motorway,30,T-junction,Give-way sign,No physical crossing facility,Daylight,Fine,Dry,None,None,1,1,Driver,M,30,Serious,Not pedestrian,None,None,1,Motorcycle,Overtaking,N,No,N,N,N,Unknown,M,30,124,Petrol,2
200501FH10177,Serious,3,2,27/4/2005,Wednesday,8:26,Single motorway,30,T-junction,Give-way sign,No physical crossing facility,Daylight,Fine,Dry,None,None,1,1,Driver,M,30,Serious,Not pedestrian,None,None,2,Car,Waiting to/Turning right,N,No,N,N,N,Unknown,M,24,1598,Petrol,6
200501FH10177,Serious,3,2,27/4/2005,Wednesday,8:26,Single motorway,30,T-junction,Give-way sign,No physical crossing facility,Daylight,Fine,Dry,None,None,1,1,Driver,M,30,Serious,Not pedestrian,None,None,3,Bus/Coach,Waiting,N,No,N,N,N,Job,NA,-1,NA,NA,NA
200501FH10177,Serious,3,2,27/4/2005,Wednesday,8:26,Single motorway,30,T-junction,Give-way sign,No physical crossing facility,Daylight,Fine,Dry,None,None,1,2,Passenger,F,29,Slight,Not pedestrian,None,None,1,Motorcycle,Overtaking,N,No,N,N,N,Unknown,M,30,124,Petrol,2
200501FH10177,Serious,3,2,27/4/2005,Wednesday,8:26,Single motorway,30,T-junction,Give-way sign,No physical crossing facility,Daylight,Fine,Dry,None,None,1,2,Passenger,F,29,Slight,Not pedestrian,None,None,2,Car,Waiting to/Turning right,N,No,N,N,N,Unknown,M,24,1598,Petrol,6
200501FH10177,Serious,3,2,27/4/2005,Wednesday,8:26,Single motorway,30,T-junction,Give-way sign,No physical crossing facility,Daylight,Fine,Dry,None,None,1,2,Passenger,F,29,Slight,Not pedestrian,None,None,3,Bus/Coach,Waiting,N,No,N,N,N,Job,NA,-1,NA,NA,NA
200501FH10178,Serious,2,1,21/4/2005,Thursday,17:30,Single motorway,30,Not at junction,NA,No physical crossing facility,Daylight,Fine,Dry,None,None,2,1,Pedestrian,F,9,Serious,Elsewhere,None,None,1,Unknown,Parking,N,No,N,N,N,Job,NA,-1,NA,NA,NA
200501FH10178,Serious,2,1,21/4/2005,Thursday,17:30,Single motorway,30,Not at junction,NA,No physical crossing facility,Daylight,Fine,Dry,None,None,2,1,Pedestrian,F,9,Serious,Elsewhere,None,None,2,Car,Going ahead,N,No,N,N,N,Unknown,F,35,NA,NA,NA
200501FH10179,Slight,2,1,27/4/2005,Wednesday,15:55,Dual motorway ,30,Not at junction,NA,No physical crossing facility,Daylight,Rain,Wet,None,None,2,1,Driver,M,32,Slight,Not pedestrian,None,None,1,Bicycle,Waiting to/Turning right,N,No,N,N,N,Unknown,F,25,NA,NA,NA
200501FH10179,Slight,2,1,27/4/2005,Wednesday,15:55,Dual motorway ,30,Not at junction,NA,No physical crossing facility,Daylight,Rain,Wet,None,None,2,1,Driver,M,32,Slight,Not pedestrian,None,None,2,Motorcycle,Going ahead,N,Skid,N,N,N,Unknown,M,32,124,Petrol,5
200501FH10181,Slight,3,2,24/4/2005,Sunday,13:30,Single motorway,30,T-junction,Give-way sign,No physical crossing facility,Daylight,Fine,Dry,None,None,1,1,Driver,M,43,Slight,Not pedestrian,None,None,1,Car,Waiting to/Turning right,N,No,N,N,N,Unknown,M,43,1396,Petrol,8
200501FH10181,Slight,3,2,24/4/2005,Sunday,13:30,Single motorway,30,T-junction,Give-way sign,No physical crossing facility,Daylight,Fine,Dry,None,None,1,1,Driver,M,43,Slight,Not pedestrian,None,None,2,Bus/Coach,Going ahead,N,No,N,N,N,Unknown,M,26,NA,NA,NA
200501FH10181,Slight,3,2,24/4/2005,Sunday,13:30,Single motorway,30,T-junction,Give-way sign,No physical crossing facility,Daylight,Fine,Dry,None,None,1,1,Driver,M,43,Slight,Not pedestrian,None,None,3,Car,Going ahead,N,No,N,N,N,Unknown,M,37,1598,Petrol,7
200501FH10181,Slight,3,2,24/4/2005,Sunday,13:30,Single motorway,30,T-junction,Give-way sign,No physical crossing facility,Daylight,Fine,Dry,None,None,3,2,Passenger,F,39,Slight,Not pedestrian,Front seat,None,1,Car,Waiting to/Turning right,N,No,N,N,N,Unknown,M,43,1396,Petrol,8
200501FH10181,Slight,3,2,24/4/2005,Sunday,13:30,Single motorway,30,T-junction,Give-way sign,No physical crossing facility,Daylight,Fine,Dry,None,None,3,2,Passenger,F,39,Slight,Not pedestrian,Front seat,None,2,Bus/Coach,Going ahead,N,No,N,N,N,Unknown,M,26,NA,NA,NA
200501FH10181,Slight,3,2,24/4/2005,Sunday,13:30,Single motorway,30,T-junction,Give-way sign,No physical crossing facility,Daylight,Fine,Dry,None,None,3,2,Passenger,F,39,Slight,Not pedestrian,Front seat,None,3,Car,Going ahead,N,No,N,N,N,Unknown,M,37,1598,Petrol,7
200501FH10182,Slight,1,1,30/4/2005,Saturday,19:50,Single motorway,30,T-junction,Give-way sign,Zebra crossing,Daylight,Fine,Dry,None,None,1,1,Pedestrian,M,40,Slight,Sidewalk,None,None,1,Car,Waiting to/Turning left,N,No,N,N,N,Unknown,NA,-1,NA,NA,NA
200501FH10183,Slight,2,1,24/4/2005,Sunday,17:08,Single motorway,30,Not at junction,NA,No physical crossing facility,Daylight,Fine,Dry,None,None,1,1,Driver,M,39,Slight,Not pedestrian,None,None,1,Bicycle,Going ahead,N,No,N,N,N,Unknown,M,39,NA,NA,NA
200501FH10183,Slight,2,1,24/4/2005,Sunday,17:08,Single motorway,30,Not at junction,NA,No physical crossing facility,Daylight,Fine,Dry,None,None,1,1,Driver,M,39,Slight,Not pedestrian,None,None,2,Car,Going ahead,N,No,N,N,N,Unknown,NA,-1,NA,NA,NA
200501FH10184,Slight,2,2,28/4/2005,Thursday,21:05,Single motorway,30,Crossroad,Traffic light,Traffic light,Lights lit,Fine,Dry,None,None,1,1,Driver,F,59,Slight,Not pedestrian,None,None,1,Car,Going ahead,N,No,N,N,N,Unknown,F,59,NA,NA,NA
200501FH10184,Slight,2,2,28/4/2005,Thursday,21:05,Single motorway,30,Crossroad,Traffic light,Traffic light,Lights lit,Fine,Dry,None,None,1,1,Driver,F,59,Slight,Not pedestrian,None,None,2,Car,Going ahead,N,No,N,N,N,Unknown,M,30,1598,LPG,7
200501FH10184,Slight,2,2,28/4/2005,Thursday,21:05,Single motorway,30,Crossroad,Traffic light,Traffic light,Lights lit,Fine,Dry,None,None,1,2,Passenger,F,21,Slight,Not pedestrian,Front seat,None,1,Car,Going ahead,N,No,N,N,N,Unknown,F,59,NA,NA,NA
200501FH10184,Slight,2,2,28/4/2005,Thursday,21:05,Single motorway,30,Crossroad,Traffic light,Traffic light,Lights lit,Fine,Dry,None,None,1,2,Passenger,F,21,Slight,Not pedestrian,Front seat,None,2,Car,Going ahead,N,No,N,N,N,Unknown,M,30,1598,LPG,7
200501FH10185,Slight,2,1,25/4/2005,Monday,9:30,Single motorway,30,T-junction,Traffic light,No physical crossing facility,Daylight,Rain,Wet,None,None,2,1,Driver,M,33,Slight,Not pedestrian,None,None,1,Car,Waiting to/Turning right,N,No,N,N,N,Unknown,M,26,1988,Petrol,7
200501FH10185,Slight,2,1,25/4/2005,Monday,9:30,Single motorway,30,T-junction,Traffic light,No physical crossing facility,Daylight,Rain,Wet,None,None,2,1,Driver,M,33,Slight,Not pedestrian,None,None,2,Bicycle,Going ahead,N,No,N,N,N,Unknown,M,33,NA,NA,NA
200501FH10186,Slight,2,1,2/5/2005,Monday,14:45,One way street,30,T-junction,Give-way sign,No physical crossing facility,Daylight,Fine,Dry,None,None,2,1,Driver,F,14,Slight,Not pedestrian,None,None,1,Car,Waiting to/Turning right,N,No,N,N,N,Unknown,M,-1,1984,Petrol,11
200501FH10186,Slight,2,1,2/5/2005,Monday,14:45,One way street,30,T-junction,Give-way sign,No physical crossing facility,Daylight,Fine,Dry,None,None,2,1,Driver,F,14,Slight,Not pedestrian,None,None,2,Bicycle,Going ahead,N,No,N,N,N,Unknown,F,14,NA,NA,NA
200501FH10187,Slight,2,1,6/4/2005,Wednesday,9:25,Single motorway,30,T-junction,Give-way sign,No physical crossing facility,Daylight,Rain,Wet,None,None,1,1,Driver,M,36,Slight,Not pedestrian,None,None,1,Motorcycle,Going ahead,N,No,N,N,N,Unknown,M,36,124,Petrol,8
200501FH10187,Slight,2,1,6/4/2005,Wednesday,9:25,Single motorway,30,T-junction,Give-way sign,No physical crossing facility,Daylight,Rain,Wet,None,None,1,1,Driver,M,36,Slight,Not pedestrian,None,None,2,Car,Waiting to/Turning right,N,No,N,N,N,Unknown,M,67,1392,Petrol,9
200501FH10189,Slight,1,1,4/5/2005,Wednesday,17:50,One way street,30,Not at junction,NA,No physical crossing facility,Daylight,Fine,Dry,None,None,1,1,Pedestrian,M,18,Slight,Elsewhere,None,None,1,Goods Van,Going ahead,N,No,N,N,N,Unknown,M,24,1753,Heavy oil,1
200501FH10190,Slight,2,1,30/4/2005,Saturday,23:25,Single motorway,30,T-junction,Give-way sign,No physical crossing facility,Lights lit,Fine,Dry,None,None,1,1,Driver,F,30,Slight,Not pedestrian,None,None,1,Car,Going ahead,N,No,N,N,N,Unknown,F,30,NA,NA,NA
200501FH10190,Slight,2,1,30/4/2005,Saturday,23:25,Single motorway,30,T-junction,Give-way sign,No physical crossing facility,Lights lit,Fine,Dry,None,None,1,1,Driver,F,30,Slight,Not pedestrian,None,None,2,Car,Waiting to/Turning right,N,No,N,N,N,Unknown,F,23,1242,Petrol,5
200501FH10191,Serious,1,1,25/4/2005,Monday,11:55,Single motorway,30,Not at junction,NA,No physical crossing facility,Daylight,Rain,Wet,None,None,1,1,Pedestrian,M,41,Serious,Sidewalk,None,None,1,Car,Going ahead,N,No,N,N,N,Unknown,M,41,NA,NA,NA
200501FH10192,Serious,2,1,27/4/2005,Wednesday,19:10,Single motorway,30,Mini-roundabout,Give-way sign,Zebra crossing,Daylight,Fine,Dry,None,None,2,1,Driver,M,-1,Serious,Not pedestrian,None,None,1,Car,Waiting to/Turning right,N,No,N,N,N,Unknown,F,27,1124,Petrol,6
200501FH10192,Serious,2,1,27/4/2005,Wednesday,19:10,Single motorway,30,Mini-roundabout,Give-way sign,Zebra crossing,Daylight,Fine,Dry,None,None,2,1,Driver,M,-1,Serious,Not pedestrian,None,None,2,Motorcycle,Going ahead,N,No,N,N,N,Unknown,M,-1,NA,NA,NA
200501FH10193,Slight,1,1,29/4/2005,Friday,4:03,Single motorway,30,T-junction,Give-way sign,No physical crossing facility,Lights lit,Fine,Wet,None,None,1,1,Passenger,M,41,Slight,Not pedestrian,Rear seat,None,1,Car,Going ahead,N,Skid,Y,Y,Y,Unknown,M,39,NA,NA,NA
200501FH10194,Slight,2,4,28/4/2005,Thursday,15:20,Single motorway,30,Crossroad,Give-way sign,No physical crossing facility,Daylight,Fine,Dry,None,None,2,1,Driver,F,18,Slight,Not pedestrian,None,None,1,Goods Van,Going ahead,N,No,N,N,N,Unknown,M,52,NA,NA,NA
200501FH10194,Slight,2,4,28/4/2005,Thursday,15:20,Single motorway,30,Crossroad,Give-way sign,No physical crossing facility,Daylight,Fine,Dry,None,None,2,1,Driver,F,18,Slight,Not pedestrian,None,None,2,Car,Going ahead,N,No,N,N,N,Unknown,F,18,NA,NA,NA
200501FH10194,Slight,2,4,28/4/2005,Thursday,15:20,Single motorway,30,Crossroad,Give-way sign,No physical crossing facility,Daylight,Fine,Dry,None,None,2,2,Passenger,F,18,Slight,Not pedestrian,Front seat,None,1,Goods Van,Going ahead,N,No,N,N,N,Unknown,M,52,NA,NA,NA
200501FH10194,Slight,2,4,28/4/2005,Thursday,15:20,Single motorway,30,Crossroad,Give-way sign,No physical crossing facility,Daylight,Fine,Dry,None,None,2,2,Passenger,F,18,Slight,Not pedestrian,Front seat,None,2,Car,Going ahead,N,No,N,N,N,Unknown,F,18,NA,NA,NA
200501FH10194,Slight,2,4,28/4/2005,Thursday,15:20,Single motorway,30,Crossroad,Give-way sign,No physical crossing facility,Daylight,Fine,Dry,None,None,2,3,Passenger,M,18,Slight,Not pedestrian,Rear seat,None,1,Goods Van,Going ahead,N,No,N,N,N,Unknown,M,52,NA,NA,NA
200501FH10194,Slight,2,4,28/4/2005,Thursday,15:20,Single motorway,30,Crossroad,Give-way sign,No physical crossing facility,Daylight,Fine,Dry,None,None,2,3,Passenger,M,18,Slight,Not pedestrian,Rear seat,None,2,Car,Going ahead,N,No,N,N,N,Unknown,F,18,NA,NA,NA
200501FH10194,Slight,2,4,28/4/2005,Thursday,15:20,Single motorway,30,Crossroad,Give-way sign,No physical crossing facility,Daylight,Fine,Dry,None,None,2,4,Passenger,F,19,Slight,Not pedestrian,Rear seat,None,1,Goods Van,Going ahead,N,No,N,N,N,Unknown,M,52,NA,NA,NA
200501FH10194,Slight,2,4,28/4/2005,Thursday,15:20,Single motorway,30,Crossroad,Give-way sign,No physical crossing facility,Daylight,Fine,Dry,None,None,2,4,Passenger,F,19,Slight,Not pedestrian,Rear seat,None,2,Car,Going ahead,N,No,N,N,N,Unknown,F,18,NA,NA,NA
200501FH10195,Slight,2,1,10/2/2005,Thursday,15:45,Single motorway,40,Not at junction,NA,No physical crossing facility,Lights lit,Rain,Wet,None,None,1,1,Driver,M,37,Slight,Not pedestrian,None,None,1,Unknown,Waiting,N,No,N,N,N,Job,M,37,2689,Heavy oil,2
200501FH10195,Slight,2,1,10/2/2005,Thursday,15:45,Single motorway,40,Not at junction,NA,No physical crossing facility,Lights lit,Rain,Wet,None,None,1,1,Driver,M,37,Slight,Not pedestrian,None,None,2,Car,Going ahead,N,No,N,N,N,Unknown,M,-1,NA,NA,NA
200501FH10196,Slight,2,1,11/3/2005,Friday,18:12,One way street,30,T-junction,Traffic light,No physical crossing facility,Lights lit,Rain,Wet,None,None,2,1,Driver,M,34,Slight,Not pedestrian,None,None,1,Car,Waiting,N,No,N,N,N,Unknown,F,44,1390,Petrol,1
200501FH10196,Slight,2,1,11/3/2005,Friday,18:12,One way street,30,T-junction,Traffic light,No physical crossing facility,Lights lit,Rain,Wet,None,None,2,1,Driver,M,34,Slight,Not pedestrian,None,None,2,Motorcycle,Waiting to/Turning left,N,No,N,N,N,Unknown,M,34,NA,NA,NA
200501FH10197,Slight,1,1,26/4/2005,Tuesday,17:35,Single motorway,30,T-junction,Traffic light,Traffic light,Daylight,Fine,Dry,None,None,1,1,Pedestrian,M,43,Slight,Footbridge,None,None,1,Bus/Coach,Halting,N,No,N,N,N,Job,M,-1,NA,NA,NA
200501FH10198,Slight,2,1,1/5/2005,Sunday,18:10,Single motorway,30,T-junction,Give-way sign,Zebra crossing,Daylight,Fine,Dry,None,None,1,1,Driver,M,38,Slight,Not pedestrian,None,None,1,Motorcycle,Overtaking,N,No,N,N,N,Unknown,M,38,NA,NA,NA
200501FH10198,Slight,2,1,1/5/2005,Sunday,18:10,Single motorway,30,T-junction,Give-way sign,Zebra crossing,Daylight,Fine,Dry,None,None,1,1,Driver,M,38,Slight,Not pedestrian,None,None,2,Car,Waiting to/Turning left,N,No,N,N,N,Unknown,M,37,NA,NA,NA
200501FH10199,Slight,2,1,4/5/2005,Wednesday,13:08,Single motorway,30,T-junction,Give-way sign,No physical crossing facility,Daylight,Rain,Wet,None,None,2,1,Driver,M,28,Slight,Not pedestrian,None,None,1,Bus/Coach,Waiting to/Turning right,N,No,N,N,N,Job,M,21,3900,Heavy oil,3
200501FH10199,Slight,2,1,4/5/2005,Wednesday,13:08,Single motorway,30,T-junction,Give-way sign,No physical crossing facility,Daylight,Rain,Wet,None,None,2,1,Driver,M,28,Slight,Not pedestrian,None,None,2,Bicycle,Going ahead,N,No,N,N,N,Unknown,M,28,NA,NA,NA
200501FH10200,Slight,4,1,1/5/2005,Sunday,14:34,Single motorway,30,Not at junction,NA,No physical crossing facility,Daylight,Fine,Dry,None,None,1,1,Driver,M,22,Slight,Not pedestrian,None,None,1,Motorcycle,Changing lane,N,Skid,N,N,N,Unknown,M,22,600,Petrol,4
200501FH10200,Slight,4,1,1/5/2005,Sunday,14:34,Single motorway,30,Not at junction,NA,No physical crossing facility,Daylight,Fine,Dry,None,None,1,1,Driver,M,22,Slight,Not pedestrian,None,None,2,Car,Waiting,N,No,N,N,N,Unknown,M,35,1390,Petrol,1
200501FH10200,Slight,4,1,1/5/2005,Sunday,14:34,Single motorway,30,Not at junction,NA,No physical crossing facility,Daylight,Fine,Dry,None,None,1,1,Driver,M,22,Slight,Not pedestrian,None,None,3,Car,Waiting,N,No,N,N,N,Unknown,M,34,1598,Petrol,5
200501FH10200,Slight,4,1,1/5/2005,Sunday,14:34,Single motorway,30,Not at junction,NA,No physical crossing facility,Daylight,Fine,Dry,None,None,1,1,Driver,M,22,Slight,Not pedestrian,None,None,4,Car,Waiting,N,No,N,N,N,Unknown,M,58,1998,Petrol,10
200501FH10201,Serious,2,1,5/5/2005,Thursday,17:46,Single motorway,30,T-junction,Give-way sign,No physical crossing facility,Daylight,Fine,Dry,None,None,1,1,Passenger,F,26,Serious,Not pedestrian,Rear seat,None,1,Taxi/Grab,Going ahead,N,No,N,N,N,Unknown,M,54,2664,Heavy oil,9
200501FH10201,Serious,2,1,5/5/2005,Thursday,17:46,Single motorway,30,T-junction,Give-way sign,No physical crossing facility,Daylight,Fine,Dry,None,None,1,1,Passenger,F,26,Serious,Not pedestrian,Rear seat,None,2,Goods Van,Waiting to/Turning left,N,No,N,N,N,Unknown,M,42,1868,Heavy oil,6
200501FH10202,Slight,1,1,10/5/2005,Tuesday,15:54,Single motorway,30,Not at junction,NA,No physical crossing facility,Daylight,Fine,Dry,None,None,1,1,Driver,M,70,Slight,Not pedestrian,None,None,1,Car,Going ahead,N,No,N,Y,Y,Unknown,M,70,1558,Petrol,NA
200501FH10203,Serious,1,1,3/5/2005,Tuesday,0:19,Single motorway,30,Not at junction,NA,No physical crossing facility,Lights lit,Fine,Dry,None,None,1,1,Pedestrian,F,17,Serious,Sidewalk,None,None,1,Car,Going ahead,N,No,N,N,N,Unknown,M,-1,NA,NA,NA
200501FH10204,Slight,3,1,5/5/2005,Thursday,9:25,Single motorway,30,T-junction,Give-way sign,No physical crossing facility,Daylight,Fine,Dry,None,None,2,1,Driver,M,29,Slight,Not pedestrian,None,None,1,Goods Van,Halting,N,No,N,N,N,Unknown,M,35,NA,NA,NA
200501FH10204,Slight,3,1,5/5/2005,Thursday,9:25,Single motorway,30,T-junction,Give-way sign,No physical crossing facility,Daylight,Fine,Dry,None,None,2,1,Driver,M,29,Slight,Not pedestrian,None,None,2,Motorcycle,Overtaking,N,No,N,N,N,Unknown,M,29,49,Petrol,3
200501FH10204,Slight,3,1,5/5/2005,Thursday,9:25,Single motorway,30,T-junction,Give-way sign,No physical crossing facility,Daylight,Fine,Dry,None,None,2,1,Driver,M,29,Slight,Not pedestrian,None,None,3,Car,Waiting to/Turning right,N,No,N,N,N,Unknown,NA,-1,NA,NA,NA
200501FH10205,Slight,3,1,7/5/2005,Saturday,23:39,Single motorway,30,Not at junction,NA,No physical crossing facility,Lights lit,Fine,Dry,None,None,2,1,Driver,M,17,Slight,Not pedestrian,None,None,1,Car,Parking,N,No,N,N,N,Unknown,M,30,NA,NA,NA
200501FH10205,Slight,3,1,7/5/2005,Saturday,23:39,Single motorway,30,Not at junction,NA,No physical crossing facility,Lights lit,Fine,Dry,None,None,2,1,Driver,M,17,Slight,Not pedestrian,None,None,2,Motorcycle,Overtaking,N,No,Y,N,N,Unknown,M,17,599,Petrol,4
200501FH10205,Slight,3,1,7/5/2005,Saturday,23:39,Single motorway,30,Not at junction,NA,No physical crossing facility,Lights lit,Fine,Dry,None,None,2,1,Driver,M,17,Slight,Not pedestrian,None,None,3,Car,Going ahead,N,No,N,N,N,Unknown,M,34,2151,Heavy oil,4
200501FH10206,Slight,2,1,11/5/2005,Wednesday,18:54,Single motorway,30,T-junction,Give-way sign,No physical crossing facility,Daylight,Fine,Dry,None,None,1,1,Driver,F,27,Slight,Not pedestrian,None,None,1,Bicycle,Going ahead,N,No,N,N,N,Unknown,F,27,NA,NA,NA
200501FH10206,Slight,2,1,11/5/2005,Wednesday,18:54,Single motorway,30,T-junction,Give-way sign,No physical crossing facility,Daylight,Fine,Dry,None,None,1,1,Driver,F,27,Slight,Not pedestrian,None,None,2,Taxi/Grab,Waiting to/Turning right,N,No,N,N,N,Unknown,M,50,2402,Heavy oil,2
200501FH10207,Slight,2,1,5/5/2005,Thursday,8:45,Single motorway,30,T-junction,Give-way sign,No physical crossing facility,Daylight,Fine,Dry,None,None,2,1,Driver,M,27,Slight,Not pedestrian,None,None,1,Car,Waiting to/Turning left,N,No,N,N,N,Unknown,NA,-1,NA,NA,NA
200501FH10207,Slight,2,1,5/5/2005,Thursday,8:45,Single motorway,30,T-junction,Give-way sign,No physical crossing facility,Daylight,Fine,Dry,None,None,2,1,Driver,M,27,Slight,Not pedestrian,None,None,2,Bicycle,Going ahead,N,No,N,N,N,Unknown,M,27,NA,NA,NA
200501FH10208,Slight,2,1,6/5/2005,Friday,7:40,Roundabout,30,Roundabout,Give-way sign,No physical crossing facility,Daylight,Fine,Dry,None,None,1,1,Driver,F,48,Slight,Not pedestrian,None,None,1,Motorcycle,Going ahead,N,No,N,N,N,Unknown,F,48,85,Petrol,14
200501FH10208,Slight,2,1,6/5/2005,Friday,7:40,Roundabout,30,Roundabout,Give-way sign,No physical crossing facility,Daylight,Fine,Dry,None,None,1,1,Driver,F,48,Slight,Not pedestrian,None,None,2,Goods Van,Going ahead,N,No,N,N,N,Unknown,M,46,1753,Heavy oil,12
200501FH10209,Slight,2,1,12/5/2005,Thursday,7:45,Single motorway,30,T-junction,Give-way sign,Zebra crossing,Daylight,Fine,Dry,None,None,2,1,Driver,F,49,Slight,Not pedestrian,None,None,1,Car,Waiting to/Turning right,N,No,N,N,N,Unknown,M,30,1171,Petrol,6
200501FH10209,Slight,2,1,12/5/2005,Thursday,7:45,Single motorway,30,T-junction,Give-way sign,Zebra crossing,Daylight,Fine,Dry,None,None,2,1,Driver,F,49,Slight,Not pedestrian,None,None,2,Bicycle,Going ahead,N,No,N,N,N,Unknown,F,49,NA,NA,NA