Accident_Index,Accident_Severity,Number_of_Vehicles,Number_of_Casualties,Date,Day_of_Week,Time,Road_Type,Speed_Limit,Junction_Detail,Junction_Control,Pedestrian_Crossing_Type,Light_Conditions,Weather_Conditions,Road_Surface_Conditions,Special_Conditions_at_Site,Road_Hazards,Vehicle_Reference.x,Casualty_Reference,Casualty_Class,Sex_of_Casualty,Age_of_Casualty,Casualty_Severity,Pedestrian_Location,Car_Passenger,Bus_or_Coach_Passenger,Vehicle_Reference.y,Vehicle_Type,Vehicle_Manoeuvre,Vehicle_in_Restricted_Lane,Skidding_and_Overturning,Hit_Object_on_Road,Vehicle_veer_off_Road,Hit_Object_off_Road,Journey_Purpose_of_Driver,Sex_of_Driver,Age_of_Driver,Engine_Capacity_CC,Engine_Type,Age_of_Vehicle
200501FH10260,Slight,2,1,16/5/2005,Monday,15:10,Single motorway,30,T-junction,Give-way sign,No physical crossing facility,Daylight,Rain,Wet,None,None,2,1,Driver,M,32,Slight,Not pedestrian,None,None,2,Motorcycle,Overtaking,N,No,N,N,N,Unknown,M,32,49,Petrol,2
200501FH10261,Slight,2,1,4/6/2005,Saturday,19:00,Dual motorway ,30,T-junction,Traffic light,No physical crossing facility,Daylight,Fine,Dry,None,None,1,1,Driver,F,55,Slight,Not pedestrian,None,None,1,Car,Waiting,N,No,N,N,N,Unknown,F,55,1597,Petrol,11
200501FH10261,Slight,2,1,4/6/2005,Saturday,19:00,Dual motorway ,30,T-junction,Traffic light,No physical crossing facility,Daylight,Fine,Dry,None,None,1,1,Driver,F,55,Slight,Not pedestrian,None,None,2,Car,Going ahead,N,No,N,N,N,Unknown,M,-1,3222,Heavy oil,1
200501FH10262,Slight,2,1,4/6/2005,Saturday,0:10,One way street,30,T-junction,Traffic light,No physical crossing facility,Lights lit,Fine,Dry,None,None,1,1,Driver,M,21,Slight,Not pedestrian,None,None,1,Car,Waiting to/Turning left,N,No,N,N,N,Unknown,M,21,1984,Petrol,NA
200501FH10262,Slight,2,1,4/6/2005,Saturday,0:10,One way street,30,T-junction,Traffic light,No physical crossing facility,Lights lit,Fine,Dry,None,None,1,1,Driver,M,21,Slight,Not pedestrian,None,None,2,Car,Going ahead,N,No,N,N,N,Unknown,NA,-1,NA,NA,NA
200501FH10263,Slight,3,1,6/6/2005,Monday,17:17,One way street,30,T-junction,Give-way sign,No physical crossing facility,Daylight,Fine,Dry,None,None,2,1,Driver,F,48,Slight,Not pedestrian,None,None,1,Car,Waiting,N,No,N,N,N,Unknown,M,48,1400,Petrol,5
200501FH10263,Slight,3,1,6/6/2005,Monday,17:17,One way street,30,T-junction,Give-way sign,No physical crossing facility,Daylight,Fine,Dry,None,None,2,1,Driver,F,48,Slight,Not pedestrian,None,None,2,Car,Waiting to/Turning left,N,No,N,N,N,Unknown,F,48,1995,Petrol,3
200501FH10263,Slight,3,1,6/6/2005,Monday,17:17,One way street,30,T-junction,Give-way sign,No physical crossing facility,Daylight,Fine,Dry,None,None,2,1,Driver,F,48,Slight,Not pedestrian,None,None,3,Bus/Coach,Going ahead,N,No,N,N,N,Unknown,M,39,8268,Heavy oil,2
200501FH10264,Slight,3,1,5/6/2005,Sunday,14:16,Single motorway,30,T-junction,Give-way sign,No physical crossing facility,Daylight,Fine,Dry,None,None,1,1,Driver,M,42,Slight,Not pedestrian,None,None,1,Car,Going ahead,N,No,Y,Y,N,Unknown,M,42,1796,Petrol,7
200501FH10264,Slight,3,1,5/6/2005,Sunday,14:16,Single motorway,30,T-junction,Give-way sign,No physical crossing facility,Daylight,Fine,Dry,None,None,1,1,Driver,M,42,Slight,Not pedestrian,None,None,2,Car,Waiting to/Turning left,N,No,N,N,N,Unknown,M,-1,NA,NA,NA
200501FH10264,Slight,3,1,5/6/2005,Sunday,14:16,Single motorway,30,T-junction,Give-way sign,No physical crossing facility,Daylight,Fine,Dry,None,None,1,1,Driver,M,42,Slight,Not pedestrian,None,None,3,Goods Van,Parking,N,No,N,Y,N,Unknown,M,22,2402,Heavy oil,1
200501FH10265,Slight,2,1,31/5/2005,Tuesday,17:40,Single motorway,20,T-junction,Give-way sign,No physical crossing facility,Daylight,Fine,Dry,None,None,1,1,Driver,M,43,Slight,Not pedestrian,None,None,1,Motorcycle,Going ahead,N,No,N,N,N,Unknown,M,43,499,Petrol,2
200501FH10265,Slight,2,1,31/5/2005,Tuesday,17:40,Single motorway,20,T-junction,Give-way sign,No physical crossing facility,Daylight,Fine,Dry,None,None,1,1,Driver,M,43,Slight,Not pedestrian,None,None,2,Car,Waiting to/Turning left,N,No,N,N,N,Unknown,NA,-1,1124,Petrol,5
200501FH10266,Slight,2,1,8/6/2005,Wednesday,6:45,Single motorway,30,T-junction,Traffic light,Traffic light,Lights lit,Fine,Dry,None,None,1,1,Driver,M,27,Slight,Not pedestrian,None,None,1,Bicycle,Going ahead,N,No,N,N,N,Unknown,M,27,NA,NA,NA
200501FH10266,Slight,2,1,8/6/2005,Wednesday,6:45,Single motorway,30,T-junction,Traffic light,Traffic light,Lights lit,Fine,Dry,None,None,1,1,Driver,M,27,Slight,Not pedestrian,None,None,2,Car,Changing lane,N,No,N,N,N,Unknown,M,-1,4266,Petrol,4
200501FH10267,Slight,2,1,31/5/2005,Tuesday,7:40,Single motorway,30,Not at junction,NA,No physical crossing facility,Daylight,Fine,Dry,None,None,2,1,Driver,M,26,Slight,Not pedestrian,None,None,1,Car,Waiting to/Turning right,N,No,N,N,N,Unknown,M,43,NA,NA,NA
200501FH10267,Slight,2,1,31/5/2005,Tuesday,7:40,Single motorway,30,Not at junction,NA,No physical crossing facility,Daylight,Fine,Dry,None,None,2,1,Driver,M,26,Slight,Not pedestrian,None,None,2,Bicycle,Going ahead,N,No,N,N,N,Unknown,M,26,NA,NA,NA
200501FH10268,Slight,1,1,11/6/2005,Saturday,0:35,One way street,30,Not at junction,NA,No physical crossing facility,Lights lit,Fine,Dry,None,None,1,1,Pedestrian,F,27,Slight,Footbridge,None,None,1,Taxi/Grab,Moving off,N,No,N,N,N,Job,M,-1,NA,NA,NA
200501FH10269,Serious,1,1,5/6/2005,Sunday,18:18,Dual motorway ,30,Not at junction,NA,No physical crossing facility,Daylight,Fine,Dry,None,None,1,1,Pedestrian,M,21,Serious,Sidewalk,None,None,1,Car,Going ahead,N,No,N,N,N,Unknown,M,39,1780,Petrol,21
200501FH10270,Slight,2,1,3/6/2005,Friday,19:25,Single motorway,30,T-junction,Give-way sign,No physical crossing facility,Daylight,Fine,Dry,None,None,1,1,Driver,M,31,Slight,Not pedestrian,None,None,1,Car,Going ahead,N,No,N,N,N,Unknown,M,31,1270,Petrol,18
200501FH10270,Slight,2,1,3/6/2005,Friday,19:25,Single motorway,30,T-junction,Give-way sign,No physical crossing facility,Daylight,Fine,Dry,None,None,1,1,Driver,M,31,Slight,Not pedestrian,None,None,2,Car,Waiting to/Turning right,N,No,N,N,N,Unknown,M,21,1596,Petrol,NA
200501FH10271,Slight,2,1,1/6/2005,Wednesday,19:12,Single motorway,30,More than 4 sections,Traffic light,Traffic light,Daylight,Fine,Wet,None,None,1,1,Driver,F,48,Slight,Not pedestrian,None,None,1,Car,Halting,N,No,N,N,N,Unknown,F,48,2198,Petrol,1
200501FH10271,Slight,2,1,1/6/2005,Wednesday,19:12,Single motorway,30,More than 4 sections,Traffic light,Traffic light,Daylight,Fine,Wet,None,None,1,1,Driver,F,48,Slight,Not pedestrian,None,None,2,Car,Going ahead,N,No,N,N,N,Unknown,M,35,1997,Heavy oil,1
200501FH10273,Slight,2,1,10/6/2005,Friday,13:24,Single motorway,30,Crossroad,Traffic light,No physical crossing facility,Daylight,Fine,Dry,None,None,1,1,Driver,M,26,Slight,Not pedestrian,None,None,1,Motorcycle,Going ahead,N,No,N,N,N,Unknown,M,26,124,Petrol,3
200501FH10273,Slight,2,1,10/6/2005,Friday,13:24,Single motorway,30,Crossroad,Traffic light,No physical crossing facility,Daylight,Fine,Dry,None,None,1,1,Driver,M,26,Slight,Not pedestrian,None,None,2,Car,Going ahead,N,No,N,N,N,Unknown,M,35,1796,Petrol,10
200501FH10274,Slight,1,1,8/6/2005,Wednesday,12:30,Single motorway,30,T-junction,Give-way sign,No physical crossing facility,Daylight,Fine,Dry,None,None,1,1,Pedestrian,M,-1,Slight,Elsewhere,None,None,1,Bus/Coach,Going ahead,N,No,N,N,N,Unknown,M,46,NA,NA,NA
200501FH10275,Slight,2,2,28/5/2005,Saturday,16:10,Single motorway,30,T-junction,Give-way sign,Zebra crossing,Daylight,Fine,Dry,None,None,2,1,Driver,M,21,Slight,Not pedestrian,None,None,1,Car,Going ahead,N,No,N,N,N,Unknown,M,70,2830,Heavy oil,9
200501FH10275,Slight,2,2,28/5/2005,Saturday,16:10,Single motorway,30,T-junction,Give-way sign,Zebra crossing,Daylight,Fine,Dry,None,None,2,1,Driver,M,21,Slight,Not pedestrian,None,None,2,Car,Waiting to/Turning right,N,No,N,N,N,Unknown,M,21,1596,Petrol,12
200501FH10275,Slight,2,2,28/5/2005,Saturday,16:10,Single motorway,30,T-junction,Give-way sign,Zebra crossing,Daylight,Fine,Dry,None,None,2,2,Passenger,M,21,Slight,Not pedestrian,Front seat,None,1,Car,Going ahead,N,No,N,N,N,Unknown,M,70,2830,Heavy oil,9
200501FH10275,Slight,2,2,28/5/2005,Saturday,16:10,Single motorway,30,T-junction,Give-way sign,Zebra crossing,Daylight,Fine,Dry,None,None,2,2,Passenger,M,21,Slight,Not pedestrian,Front seat,None,2,Car,Waiting to/Turning right,N,No,N,N,N,Unknown,M,21,1596,Petrol,12
200501FH10276,Slight,2,1,1/6/2005,Wednesday,18:50,Single motorway,30,T-junction,Traffic light,Traffic light,Daylight,Fine,Dry,None,None,1,1,Driver,M,31,Slight,Not pedestrian,None,None,1,Motorcycle,Going ahead,N,Skid,N,N,N,Unknown,M,31,599,Petrol,1
200501FH10276,Slight,2,1,1/6/2005,Wednesday,18:50,Single motorway,30,T-junction,Traffic light,Traffic light,Daylight,Fine,Dry,None,None,1,1,Driver,M,31,Slight,Not pedestrian,None,None,2,Car,U-turn,N,No,N,N,N,Unknown,M,-1,1598,Petrol,2
200501FH10277,Slight,2,1,10/6/2005,Friday,12:04,Single motorway,30,T-junction,Give-way sign,No physical crossing facility,Daylight,Fine,Dry,None,None,1,1,Driver,M,24,Slight,Not pedestrian,None,None,1,Motorcycle,Waiting,N,No,N,N,N,Unknown,M,24,644,Petrol,6
200501FH10277,Slight,2,1,10/6/2005,Friday,12:04,Single motorway,30,T-junction,Give-way sign,No physical crossing facility,Daylight,Fine,Dry,None,None,1,1,Driver,M,24,Slight,Not pedestrian,None,None,2,Goods Van,Going ahead,N,No,N,N,N,Unknown,M,53,NA,NA,NA
200501FH10278,Slight,2,1,14/5/2005,Saturday,13:00,Single motorway,30,Not at junction,NA,Zebra crossing,Daylight,Fine,Dry,None,None,1,1,Driver,M,36,Slight,Not pedestrian,None,None,1,Car,Waiting,N,No,N,N,N,Unknown,M,36,NA,NA,NA
200501FH10278,Slight,2,1,14/5/2005,Saturday,13:00,Single motorway,30,Not at junction,NA,Zebra crossing,Daylight,Fine,Dry,None,None,1,1,Driver,M,36,Slight,Not pedestrian,None,None,2,Car,Going ahead,N,No,N,N,N,Unknown,M,-1,NA,NA,NA
200501FH10279,Slight,2,1,17/6/2005,Friday,16:15,Single motorway,30,T-junction,Give-way sign,Zebra crossing,Daylight,Fine,Dry,None,None,1,1,Driver,M,30,Slight,Not pedestrian,None,None,1,Motorcycle,Waiting to/Turning right,N,No,N,N,N,Unknown,M,30,124,Petrol,3
200501FH10279,Slight,2,1,17/6/2005,Friday,16:15,Single motorway,30,T-junction,Give-way sign,Zebra crossing,Daylight,Fine,Dry,None,None,1,1,Driver,M,30,Slight,Not pedestrian,None,None,2,Car,Going ahead,N,No,N,N,N,Unknown,M,-1,1587,Petrol,2
200501FH10281,Slight,1,1,19/6/2005,Sunday,17:14,Dual motorway ,30,Not at junction,NA,No physical crossing facility,Daylight,Fine,Dry,None,None,1,1,Pedestrian,F,43,Slight,Sidewalk,None,None,1,Bus/Coach,Halting,N,No,N,N,N,Job,M,33,8268,Heavy oil,2
200501FH10282,Slight,1,1,20/6/2005,Monday,19:40,Single motorway,30,Mini-roundabout,Give-way sign,No physical crossing facility,Daylight,Fine,Dry,None,None,1,1,Passenger,M,55,Slight,Not pedestrian,None,Seated,1,Bus/Coach,Waiting to/Turning right,N,No,N,N,N,Job,M,23,NA,Heavy oil,6
200501FH10284,Slight,1,1,17/6/2005,Friday,9:48,Single motorway,30,Not at junction,NA,No physical crossing facility,Daylight,Fine,Dry,None,None,1,1,Pedestrian,F,26,Slight,Elsewhere,None,None,1,Motorcycle,Going ahead,N,No,N,N,N,Unknown,M,47,798,Petrol,15
200501FH10285,Slight,2,1,14/6/2005,Tuesday,22:40,One way street,30,T-junction,Traffic light,No physical crossing facility,Lights lit,Fine,Dry,Roadworks,None,1,1,Driver,F,61,Slight,Not pedestrian,None,None,1,Unknown,Going ahead,N,No,N,N,N,Unknown,F,61,NA,NA,NA
200501FH10285,Slight,2,1,14/6/2005,Tuesday,22:40,One way street,30,T-junction,Traffic light,No physical crossing facility,Lights lit,Fine,Dry,Roadworks,None,1,1,Driver,F,61,Slight,Not pedestrian,None,None,2,Car,Going ahead,N,No,N,N,N,Unknown,F,-1,NA,NA,NA
200501FH10286,Slight,1,1,16/6/2005,Thursday,11:07,Roundabout,30,Roundabout,Traffic light,Traffic light,Daylight,Rain,Wet,Roadworks,None,1,1,Driver,F,31,Slight,Not pedestrian,None,None,1,Motorcycle,Going ahead,N,No,N,N,N,Unknown,F,31,49,Petrol,7
200501FH10287,Slight,2,1,15/6/2005,Wednesday,10:20,Single motorway,30,Not at junction,NA,No physical crossing facility,Daylight,Rain,Wet,None,None,2,1,Driver,M,57,Slight,Not pedestrian,None,None,1,Car,Going ahead,N,No,N,N,N,Unknown,M,40,2793,Petrol,7
200501FH10287,Slight,2,1,15/6/2005,Wednesday,10:20,Single motorway,30,Not at junction,NA,No physical crossing facility,Daylight,Rain,Wet,None,None,2,1,Driver,M,57,Slight,Not pedestrian,None,None,2,Taxi/Grab,Going ahead,N,No,N,N,N,Unknown,M,57,2402,Heavy oil,3
200501FH10288,Slight,2,1,26/6/2005,Sunday,5:29,Roundabout,30,Roundabout,Traffic light,No physical crossing facility,Daylight,Fine,Dry,None,None,1,1,Driver,M,25,Slight,Not pedestrian,None,None,1,Car,Moving off,N,Overturn,N,N,N,Unknown,M,25,698,Petrol,NA
200501FH10288,Slight,2,1,26/6/2005,Sunday,5:29,Roundabout,30,Roundabout,Traffic light,No physical crossing facility,Daylight,Fine,Dry,None,None,1,1,Driver,M,25,Slight,Not pedestrian,None,None,2,Bus/Coach,Waiting to/Turning right,N,No,N,N,N,Job,M,47,7300,Heavy oil,3
200501FH10289,Slight,2,1,27/5/2005,Friday,16:30,Single motorway,30,Not at junction,NA,No physical crossing facility,Daylight,Fine,Dry,None,None,1,1,Driver,M,34,Slight,Not pedestrian,None,None,1,Car,Waiting to/Turning right,N,No,N,N,N,Unknown,M,34,1597,Petrol,11
200501FH10289,Slight,2,1,27/5/2005,Friday,16:30,Single motorway,30,Not at junction,NA,No physical crossing facility,Daylight,Fine,Dry,None,None,1,1,Driver,M,34,Slight,Not pedestrian,None,None,2,Goods Van,Going ahead,N,No,N,N,N,Unknown,M,-1,2446,Heavy oil,4
200501FH10290,Slight,2,1,22/6/2005,Wednesday,13:28,Single motorway,30,Private entrance,Give-way sign,Zebra crossing,Daylight,Fine,Dry,None,None,1,1,Driver,M,51,Slight,Not pedestrian,None,None,1,Motorcycle,Going ahead,N,No,N,N,N,Unknown,M,51,124,Petrol,10
200501FH10290,Slight,2,1,22/6/2005,Wednesday,13:28,Single motorway,30,Private entrance,Give-way sign,Zebra crossing,Daylight,Fine,Dry,None,None,1,1,Driver,M,51,Slight,Not pedestrian,None,None,2,Car,Waiting to/Turning right,N,No,N,N,N,Unknown,F,25,1796,Petrol,4
200501FH10292,Slight,2,1,25/6/2005,Saturday,13:10,One way street,30,Crossroad,Give-way sign,Zebra crossing,Daylight,Fine,Dry,None,None,1,1,Driver,M,25,Slight,Not pedestrian,None,None,1,Motorcycle,Going ahead,N,Skid,N,N,N,Unknown,M,25,652,Petrol,3
200501FH10292,Slight,2,1,25/6/2005,Saturday,13:10,One way street,30,Crossroad,Give-way sign,Zebra crossing,Daylight,Fine,Dry,None,None,1,1,Driver,M,25,Slight,Not pedestrian,None,None,2,Car,Waiting to/Turning left,N,No,N,N,N,Unknown,M,20,599,Petrol,3
200501FH10293,Slight,2,1,14/6/2005,Tuesday,15:11,Single motorway,30,T-junction,Give-way sign,Non-junction pedestrian light crossing,Daylight,Fine,Dry,None,None,1,1,Driver,M,24,Slight,Not pedestrian,None,None,1,Motorcycle,Going ahead,N,No,N,N,N,Unknown,M,24,125,Petrol,2
200501FH10293,Slight,2,1,14/6/2005,Tuesday,15:11,Single motorway,30,T-junction,Give-way sign,Non-junction pedestrian light crossing,Daylight,Fine,Dry,None,None,1,1,Driver,M,24,Slight,Not pedestrian,None,None,2,Goods Van,Waiting to/Turning right,N,No,N,N,N,Job,M,32,NA,Heavy oil,5
200501FH10294,Slight,2,1,21/6/2005,Tuesday,17:50,Single motorway,30,T-junction,Give-way sign,No physical crossing facility,Daylight,Fine,Dry,None,None,1,1,Driver,F,31,Slight,Not pedestrian,None,None,1,Car,Waiting to/Turning right,N,No,N,N,N,Unknown,F,31,NA,NA,NA
200501FH10294,Slight,2,1,21/6/2005,Tuesday,17:50,Single motorway,30,T-junction,Give-way sign,No physical crossing facility,Daylight,Fine,Dry,None,None,1,1,Driver,F,31,Slight,Not pedestrian,None,None,2,Motorcycle,Going ahead,N,No,N,N,N,Unknown,M,30,599,Petrol,6
200501FH10296,Slight,2,1,17/6/2005,Friday,9:30,Single motorway,30,Not at junction,NA,No physical crossing facility,Daylight,Fine,Dry,None,None,2,1,Driver,F,43,Slight,Not pedestrian,None,None,1,Car,Parking,N,No,N,N,N,Unknown,M,33,NA,NA,NA
200501FH10296,Slight,2,1,17/6/2005,Friday,9:30,Single motorway,30,Not at junction,NA,No physical crossing facility,Daylight,Fine,Dry,None,None,2,1,Driver,F,43,Slight,Not pedestrian,None,None,2,Bicycle,Going ahead,N,No,N,N,N,Unknown,F,43,NA,NA,NA
200501FH10297,Serious,1,1,28/6/2005,Tuesday,17:05,Dual motorway ,30,Not at junction,NA,Traffic light,Daylight,Fine,Dry,None,None,1,1,Pedestrian,M,-1,Serious,Crossing on facility,None,None,1,Motorcycle,Overtaking,N,No,N,N,N,Unknown,M,26,124,Petrol,3
200501FH10298,Slight,2,2,25/6/2005,Saturday,12:38,Dual motorway ,30,T-junction,Traffic light,Traffic light,Daylight,Fine,Dry,None,None,1,1,Driver,F,13,Slight,Not pedestrian,None,None,1,Bicycle,Going ahead,N,No,N,N,N,Unknown,F,13,NA,NA,NA
200501FH10298,Slight,2,2,25/6/2005,Saturday,12:38,Dual motorway ,30,T-junction,Traffic light,Traffic light,Daylight,Fine,Dry,None,None,1,1,Driver,F,13,Slight,Not pedestrian,None,None,2,Motorcycle,Overtaking,Y,No,N,N,N,Unknown,M,28,124,Petrol,1
200501FH10298,Slight,2,2,25/6/2005,Saturday,12:38,Dual motorway ,30,T-junction,Traffic light,Traffic light,Daylight,Fine,Dry,None,None,2,2,Driver,M,28,Slight,Not pedestrian,None,None,1,Bicycle,Going ahead,N,No,N,N,N,Unknown,F,13,NA,NA,NA
200501FH10298,Slight,2,2,25/6/2005,Saturday,12:38,Dual motorway ,30,T-junction,Traffic light,Traffic light,Daylight,Fine,Dry,None,None,2,2,Driver,M,28,Slight,Not pedestrian,None,None,2,Motorcycle,Overtaking,Y,No,N,N,N,Unknown,M,28,124,Petrol,1
200501FH10299,Slight,2,1,11/2/2005,Friday,0:30,Single motorway,30,T-junction,Give-way sign,No physical crossing facility,Lights lit,Rain,Wet,None,None,1,1,Driver,M,37,Slight,Not pedestrian,None,None,1,Car,Going ahead,N,No,N,N,N,Unknown,M,37,2000,Heavy oil,10
200501FH10299,Slight,2,1,11/2/2005,Friday,0:30,Single motorway,30,T-junction,Give-way sign,No physical crossing facility,Lights lit,Rain,Wet,None,None,1,1,Driver,M,37,Slight,Not pedestrian,None,None,2,Car,Going ahead,N,No,N,N,N,Unknown,NA,-1,1597,Petrol,10
200501FH10300,Slight,2,1,3/5/2005,Tuesday,7:55,Roundabout,30,Roundabout,Give-way sign,No physical crossing facility,Daylight,Fine,Dry,None,None,1,1,Driver,M,52,Slight,Not pedestrian,None,None,1,Car,Going ahead,N,No,N,N,N,Unknown,M,52,1299,Petrol,8
200501FH10300,Slight,2,1,3/5/2005,Tuesday,7:55,Roundabout,30,Roundabout,Give-way sign,No physical crossing facility,Daylight,Fine,Dry,None,None,1,1,Driver,M,52,Slight,Not pedestrian,None,None,2,Car,Going ahead,N,No,N,N,N,Unknown,M,-1,1910,Heavy oil,NA
200501FH10301,Slight,2,1,26/6/2005,Sunday,21:43,Single motorway,30,Not at junction,NA,No physical crossing facility,Daylight,Fine,Dry,None,None,1,1,Driver,M,23,Slight,Not pedestrian,None,None,1,Motorcycle,Going ahead,N,No,N,N,N,Unknown,M,23,125,Petrol,NA
200501FH10301,Slight,2,1,26/6/2005,Sunday,21:43,Single motorway,30,Not at junction,NA,No physical crossing facility,Daylight,Fine,Dry,None,None,1,1,Driver,M,23,Slight,Not pedestrian,None,None,2,Taxi/Grab,U-turn,N,No,N,N,N,Unknown,M,44,2402,Heavy oil,1
200501FH10302,Slight,2,1,28/6/2005,Tuesday,8:20,Single motorway,30,T-junction,Give-way sign,No physical crossing facility,Daylight,Fine,Dry,None,None,1,1,Driver,F,23,Slight,Not pedestrian,None,None,1,Bicycle,Going ahead,N,No,N,Y,N,Unknown,F,23,NA,NA,NA
200501FH10302,Slight,2,1,28/6/2005,Tuesday,8:20,Single motorway,30,T-junction,Give-way sign,No physical crossing facility,Daylight,Fine,Dry,None,None,1,1,Driver,F,23,Slight,Not pedestrian,None,None,2,Taxi/Grab,Going ahead,N,No,N,N,N,Job,M,37,2402,Heavy oil,NA
200501FH10303,Slight,2,3,23/6/2005,Thursday,11:43,Single motorway,30,T-junction,Traffic light,Traffic light,Daylight,Fine,Dry,None,None,1,1,Passenger,F,44,Slight,Not pedestrian,None,Seated,1,Bus/Coach,Waiting to/Turning left,N,No,N,N,N,Job,M,56,NA,Heavy oil,6
200501FH10303,Slight,2,3,23/6/2005,Thursday,11:43,Single motorway,30,T-junction,Traffic light,Traffic light,Daylight,Fine,Dry,None,None,1,1,Passenger,F,44,Slight,Not pedestrian,None,Seated,2,Car,Waiting to/Turning left,N,No,N,N,N,Unknown,M,-1,NA,NA,NA
200501FH10303,Slight,2,3,23/6/2005,Thursday,11:43,Single motorway,30,T-junction,Traffic light,Traffic light,Daylight,Fine,Dry,None,None,1,2,Passenger,F,69,Slight,Not pedestrian,None,Seated,1,Bus/Coach,Waiting to/Turning left,N,No,N,N,N,Job,M,56,NA,Heavy oil,6
200501FH10303,Slight,2,3,23/6/2005,Thursday,11:43,Single motorway,30,T-junction,Traffic light,Traffic light,Daylight,Fine,Dry,None,None,1,2,Passenger,F,69,Slight,Not pedestrian,None,Seated,2,Car,Waiting to/Turning left,N,No,N,N,N,Unknown,M,-1,NA,NA,NA
200501FH10303,Slight,2,3,23/6/2005,Thursday,11:43,Single motorway,30,T-junction,Traffic light,Traffic light,Daylight,Fine,Dry,None,None,1,3,Passenger,F,52,Slight,Not pedestrian,None,Seated,1,Bus/Coach,Waiting to/Turning left,N,No,N,N,N,Job,M,56,NA,Heavy oil,6
200501FH10303,Slight,2,3,23/6/2005,Thursday,11:43,Single motorway,30,T-junction,Traffic light,Traffic light,Daylight,Fine,Dry,None,None,1,3,Passenger,F,52,Slight,Not pedestrian,None,Seated,2,Car,Waiting to/Turning left,N,No,N,N,N,Unknown,M,-1,NA,NA,NA
200501FH10304,Slight,2,1,15/6/2005,Wednesday,12:20,Single motorway,30,Not at junction,NA,No physical crossing facility,Daylight,Fine,Wet,None,None,1,1,Driver,F,45,Slight,Not pedestrian,None,None,1,Bicycle,Going ahead,N,Skid,N,N,N,Unknown,F,45,NA,NA,NA
200501FH10304,Slight,2,1,15/6/2005,Wednesday,12:20,Single motorway,30,Not at junction,NA,No physical crossing facility,Daylight,Fine,Wet,None,None,1,1,Driver,F,45,Slight,Not pedestrian,None,None,2,Car,Parking,N,No,N,N,N,Unknown,M,-1,NA,NA,NA
200501FH10305,Slight,2,1,15/6/2005,Wednesday,20:45,Single motorway,30,T-junction,Give-way sign,Zebra crossing,Lights lit,Fine,Dry,None,None,1,1,Driver,M,35,Slight,Not pedestrian,None,None,1,Car,Waiting,N,No,N,N,N,Unknown,M,35,1781,Petrol,6
200501FH10305,Slight,2,1,15/6/2005,Wednesday,20:45,Single motorway,30,T-junction,Give-way sign,Zebra crossing,Lights lit,Fine,Dry,None,None,1,1,Driver,M,35,Slight,Not pedestrian,None,None,2,Car,Going ahead,N,No,N,N,N,Unknown,M,56,1997,Petrol,16
200501FH10306,Slight,2,1,24/6/2005,Friday,18:25,Single motorway,30,Crossroad,Give-way sign,Zebra crossing,Daylight,Fine,Dry,None,None,1,1,Driver,F,50,Slight,Not pedestrian,None,None,1,Car,Waiting to/Turning right,N,No,N,N,N,Unknown,F,50,2799,Petrol,3
200501FH10306,Slight,2,1,24/6/2005,Friday,18:25,Single motorway,30,Crossroad,Give-way sign,Zebra crossing,Daylight,Fine,Dry,None,None,1,1,Driver,F,50,Slight,Not pedestrian,None,None,2,Car,Going ahead,N,No,N,N,N,Unknown,M,-1,3498,Petrol,7
200501FH10307,Slight,1,1,3/7/2005,Sunday,19:38,Single motorway,30,Not at junction,NA,No physical crossing facility,Daylight,Fine,Dry,None,None,1,1,Pedestrian,M,21,Slight,Elsewhere,None,None,1,Car,Going ahead,N,No,N,N,N,Unknown,M,25,1400,Petrol,5
200501FH10308,Serious,2,1,24/6/2005,Friday,9:01,Single motorway,30,T-junction,Give-way sign,No physical crossing facility,Daylight,Fine,Dry,None,None,2,1,Driver,M,17,Serious,Not pedestrian,None,None,1,Car,Waiting to/Turning right,N,No,N,N,N,Unknown,M,31,1596,Petrol,NA
200501FH10308,Serious,2,1,24/6/2005,Friday,9:01,Single motorway,30,T-junction,Give-way sign,No physical crossing facility,Daylight,Fine,Dry,None,None,2,1,Driver,M,17,Serious,Not pedestrian,None,None,2,Motorcycle,Going ahead,N,No,N,N,N,Unknown,M,17,124,Petrol,5
200501FH10310,Slight,1,1,2/7/2005,Saturday,12:27,Single motorway,30,T-junction,Give-way sign,Zebra crossing,Daylight,Fine,Dry,None,None,1,1,Pedestrian,F,49,Slight,Crossing on facility,None,None,1,Car,Going ahead,N,No,N,N,N,Unknown,M,34,1834,Petrol,5
200501FH10311,Slight,2,1,25/6/2005,Saturday,18:21,Single motorway,30,T-junction,Give-way sign,No physical crossing facility,Daylight,Fine,Dry,None,None,1,1,Passenger,F,65,Slight,Not pedestrian,Rear seat,None,1,Car,Going ahead,N,No,N,N,N,Unknown,F,39,NA,NA,NA
200501FH10311,Slight,2,1,25/6/2005,Saturday,18:21,Single motorway,30,T-junction,Give-way sign,No physical crossing facility,Daylight,Fine,Dry,None,None,1,1,Passenger,F,65,Slight,Not pedestrian,Rear seat,None,2,Car,Waiting to/Turning right,N,No,N,N,N,Unknown,M,71,1905,Heavy oil,9