Accident_Index,Accident_Severity,Number_of_Vehicles,Number_of_Casualties,Date,Day_of_Week,Time,Road_Type,Speed_Limit,Junction_Detail,Junction_Control,Pedestrian_Crossing_Type,Light_Conditions,Weather_Conditions,Road_Surface_Conditions,Special_Conditions_at_Site,Road_Hazards,Vehicle_Reference.x,Casualty_Reference,Casualty_Class,Sex_of_Casualty,Age_of_Casualty,Casualty_Severity,Pedestrian_Location,Car_Passenger,Bus_or_Coach_Passenger,Vehicle_Reference.y,Vehicle_Type,Vehicle_Manoeuvre,Vehicle_in_Restricted_Lane,Skidding_and_Overturning,Hit_Object_on_Road,Vehicle_veer_off_Road,Hit_Object_off_Road,Journey_Purpose_of_Driver,Sex_of_Driver,Age_of_Driver,Engine_Capacity_CC,Engine_Type,Age_of_Vehicle
200501FH10312,Slight,2,1,28/6/2005,Tuesday,19:40,Single motorway,30,T-junction,Give-way sign,No physical crossing facility,Lights lit,Rain,Wet,None,None,2,1,Passenger,F,21,Slight,Not pedestrian,None,None,1,Car,Waiting to/Turning right,N,No,N,N,N,Unknown,M,20,1390,Petrol,5
200501FH10312,Slight,2,1,28/6/2005,Tuesday,19:40,Single motorway,30,T-junction,Give-way sign,No physical crossing facility,Lights lit,Rain,Wet,None,None,2,1,Passenger,F,21,Slight,Not pedestrian,None,None,2,Motorcycle,Overtaking,N,No,N,N,N,Unknown,M,21,124,Petrol,6
200501FH10313,Slight,5,1,27/6/2005,Monday,13:34,Single motorway,30,T-junction,Give-way sign,No physical crossing facility,Daylight,Fine,Dry,None,None,1,1,Pedestrian,F,57,Slight,Elsewhere,None,None,1,Car,Parking,N,No,N,N,N,Unknown,F,44,NA,NA,NA
200501FH10313,Slight,5,1,27/6/2005,Monday,13:34,Single motorway,30,T-junction,Give-way sign,No physical crossing facility,Daylight,Fine,Dry,None,None,1,1,Pedestrian,F,57,Slight,Elsewhere,None,None,2,Car,Parking,N,No,N,N,N,Unknown,M,-1,NA,NA,NA
200501FH10313,Slight,5,1,27/6/2005,Monday,13:34,Single motorway,30,T-junction,Give-way sign,No physical crossing facility,Daylight,Fine,Dry,None,None,1,1,Pedestrian,F,57,Slight,Elsewhere,None,None,3,Car,Parking,N,No,N,N,N,Unknown,F,36,1796,Petrol,16
200501FH10313,Slight,5,1,27/6/2005,Monday,13:34,Single motorway,30,T-junction,Give-way sign,No physical crossing facility,Daylight,Fine,Dry,None,None,1,1,Pedestrian,F,57,Slight,Elsewhere,None,None,4,Car,Parking,N,No,N,N,N,Unknown,NA,-1,1117,Petrol,18
200501FH10313,Slight,5,1,27/6/2005,Monday,13:34,Single motorway,30,T-junction,Give-way sign,No physical crossing facility,Daylight,Fine,Dry,None,None,1,1,Pedestrian,F,57,Slight,Elsewhere,None,None,5,Car,Waiting to/Turning left,N,No,N,N,N,Unknown,M,19,NA,NA,NA
200501FH10314,Slight,2,1,26/6/2005,Sunday,11:00,Single motorway,30,T-junction,Give-way sign,No physical crossing facility,Daylight,Fine,Dry,None,None,1,1,Driver,F,31,Slight,Not pedestrian,None,None,1,Bicycle,Going ahead,N,No,N,N,N,Unknown,F,31,NA,NA,NA
200501FH10314,Slight,2,1,26/6/2005,Sunday,11:00,Single motorway,30,T-junction,Give-way sign,No physical crossing facility,Daylight,Fine,Dry,None,None,1,1,Driver,F,31,Slight,Not pedestrian,None,None,2,Car,Parking,N,No,N,N,N,Unknown,M,55,1598,Petrol,1
200501FH10315,Slight,3,1,30/6/2005,Thursday,11:39,Single motorway,30,T-junction,Give-way sign,Non-junction pedestrian light crossing,Daylight,Rain,Wet,None,None,3,1,Driver,M,25,Slight,Not pedestrian,None,None,1,Car,Waiting,N,No,N,N,N,Unknown,F,26,1598,Petrol,1
200501FH10315,Slight,3,1,30/6/2005,Thursday,11:39,Single motorway,30,T-junction,Give-way sign,Non-junction pedestrian light crossing,Daylight,Rain,Wet,None,None,3,1,Driver,M,25,Slight,Not pedestrian,None,None,2,Motorcycle,Going ahead,N,No,N,N,N,Unknown,M,37,850,Petrol,5
200501FH10315,Slight,3,1,30/6/2005,Thursday,11:39,Single motorway,30,T-junction,Give-way sign,Non-junction pedestrian light crossing,Daylight,Rain,Wet,None,None,3,1,Driver,M,25,Slight,Not pedestrian,None,None,3,Motorcycle,Going ahead,N,No,N,N,N,Unknown,M,25,124,Petrol,5
200501FH10316,Slight,1,1,7/7/2005,Thursday,14:00,Single motorway,30,T-junction,Give-way sign,Non-junction pedestrian light crossing,Daylight,Rain,Wet,None,None,1,1,Pedestrian,F,37,Slight,Crossing within 50m of facility,None,None,1,Motorcycle,Going ahead,N,No,N,N,N,Unknown,M,-1,NA,NA,NA
200501FH10317,Serious,1,1,25/6/2005,Saturday,10:00,Single motorway,30,More than 4 sections,Give-way sign,Zebra crossing,Daylight,Fine,Dry,None,None,1,1,Pedestrian,M,-1,Serious,Crossing within 50m of facility,None,None,1,Car,Going ahead,N,No,N,N,N,Unknown,NA,-1,NA,NA,NA
200501FH10318,Serious,2,1,14/6/2005,Tuesday,7:20,Single motorway,30,T-junction,Give-way sign,Zebra crossing,Daylight,Fine,Dry,None,None,1,1,Driver,M,53,Serious,Not pedestrian,None,None,1,Motorcycle,Going ahead,N,No,N,N,N,Unknown,M,53,1137,Petrol,7
200501FH10318,Serious,2,1,14/6/2005,Tuesday,7:20,Single motorway,30,T-junction,Give-way sign,Zebra crossing,Daylight,Fine,Dry,None,None,1,1,Driver,M,53,Serious,Not pedestrian,None,None,2,Car,Waiting to/Turning right,N,No,N,N,N,Unknown,M,-1,1997,Petrol,6
200501FH10319,Slight,2,1,21/6/2005,Tuesday,12:40,Single motorway,30,Not at junction,NA,No physical crossing facility,Daylight,Fine,Dry,None,None,2,1,Driver,M,30,Slight,Not pedestrian,None,None,1,Car,Changing lane,N,No,N,N,N,Unknown,M,64,1896,Heavy oil,2
200501FH10319,Slight,2,1,21/6/2005,Tuesday,12:40,Single motorway,30,Not at junction,NA,No physical crossing facility,Daylight,Fine,Dry,None,None,2,1,Driver,M,30,Slight,Not pedestrian,None,None,2,Motorcycle,Going ahead,N,No,N,N,N,Unknown,M,30,NA,NA,NA
200501FH10320,Slight,2,1,10/7/2005,Sunday,19:10,Dual motorway ,30,T-junction,Traffic light,Traffic light,Daylight,Fine,Dry,None,None,1,1,Driver,M,30,Slight,Not pedestrian,None,None,1,Bicycle,Going ahead,N,No,N,N,N,Unknown,M,30,NA,NA,NA
200501FH10320,Slight,2,1,10/7/2005,Sunday,19:10,Dual motorway ,30,T-junction,Traffic light,Traffic light,Daylight,Fine,Dry,None,None,1,1,Driver,M,30,Slight,Not pedestrian,None,None,2,Car,Going ahead,N,No,N,N,N,Unknown,F,24,1229,Petrol,1
200501FH10321,Serious,2,2,7/7/2005,Thursday,8:48,Single motorway,30,Private entrance,Give-way sign,No physical crossing facility,Daylight,Rain,Wet,None,None,1,1,Pedestrian,F,23,Serious,Footbridge,None,None,1,Car,Going ahead,N,No,N,Y,N,Unknown,M,51,NA,NA,NA
200501FH10321,Serious,2,2,7/7/2005,Thursday,8:48,Single motorway,30,Private entrance,Give-way sign,No physical crossing facility,Daylight,Rain,Wet,None,None,1,1,Pedestrian,F,23,Serious,Footbridge,None,None,2,Car,Waiting to/Turning right,N,No,N,N,N,Unknown,NA,-1,NA,NA,NA
200501FH10321,Serious,2,2,7/7/2005,Thursday,8:48,Single motorway,30,Private entrance,Give-way sign,No physical crossing facility,Daylight,Rain,Wet,None,None,1,2,Pedestrian,M,13,Slight,Footbridge,None,None,1,Car,Going ahead,N,No,N,Y,N,Unknown,M,51,NA,NA,NA
200501FH10321,Serious,2,2,7/7/2005,Thursday,8:48,Single motorway,30,Private entrance,Give-way sign,No physical crossing facility,Daylight,Rain,Wet,None,None,1,2,Pedestrian,M,13,Slight,Footbridge,None,None,2,Car,Waiting to/Turning right,N,No,N,N,N,Unknown,NA,-1,NA,NA,NA
200501FH10322,Slight,2,2,5/7/2005,Tuesday,23:15,Single motorway,30,T-junction,Give-way sign,No physical crossing facility,Lights lit,Rain,Wet,None,None,1,1,Driver,F,43,Slight,Not pedestrian,None,None,1,Car,Waiting to/Turning right,N,No,N,N,N,Unknown,F,43,1390,Petrol,14
200501FH10322,Slight,2,2,5/7/2005,Tuesday,23:15,Single motorway,30,T-junction,Give-way sign,No physical crossing facility,Lights lit,Rain,Wet,None,None,1,1,Driver,F,43,Slight,Not pedestrian,None,None,2,Car,Going ahead,N,No,N,N,N,Unknown,M,-1,1997,Heavy oil,5
200501FH10322,Slight,2,2,5/7/2005,Tuesday,23:15,Single motorway,30,T-junction,Give-way sign,No physical crossing facility,Lights lit,Rain,Wet,None,None,1,2,Passenger,F,-1,Slight,Not pedestrian,Front seat,None,1,Car,Waiting to/Turning right,N,No,N,N,N,Unknown,F,43,1390,Petrol,14
200501FH10322,Slight,2,2,5/7/2005,Tuesday,23:15,Single motorway,30,T-junction,Give-way sign,No physical crossing facility,Lights lit,Rain,Wet,None,None,1,2,Passenger,F,-1,Slight,Not pedestrian,Front seat,None,2,Car,Going ahead,N,No,N,N,N,Unknown,M,-1,1997,Heavy oil,5
200501FH10323,Slight,2,1,8/7/2005,Friday,9:09,Dual motorway ,50,Roundabout,Give-way sign,No physical crossing facility,Daylight,Fine,Dry,None,None,1,1,Driver,M,34,Slight,Not pedestrian,None,None,1,Car,Moving off,N,No,N,N,N,Unknown,M,34,1597,Petrol,8
200501FH10323,Slight,2,1,8/7/2005,Friday,9:09,Dual motorway ,50,Roundabout,Give-way sign,No physical crossing facility,Daylight,Fine,Dry,None,None,1,1,Driver,M,34,Slight,Not pedestrian,None,None,2,Car,Moving off,N,No,N,N,N,Unknown,M,47,1390,Petrol,8
200501FH10324,Slight,2,1,21/6/2005,Tuesday,14:44,Single motorway,30,T-junction,Traffic light,Traffic light,Daylight,Fine,Dry,None,None,1,1,Driver,M,26,Slight,Not pedestrian,None,None,1,Bicycle,Going ahead,N,No,N,N,N,Unknown,M,26,NA,NA,NA
200501FH10324,Slight,2,1,21/6/2005,Tuesday,14:44,Single motorway,30,T-junction,Traffic light,Traffic light,Daylight,Fine,Dry,None,None,1,1,Driver,M,26,Slight,Not pedestrian,None,None,2,Car,Waiting to/Turning left,N,No,N,N,N,Unknown,M,-1,NA,NA,NA
200501FH10325,Slight,2,1,6/7/2005,Wednesday,15:45,Single motorway,30,Private entrance,Give-way sign,No physical crossing facility,Daylight,Fine,Dry,None,None,2,1,Passenger,F,9,Slight,Not pedestrian,Rear seat,None,1,Car,Waiting to/Turning right,N,No,N,N,N,Unknown,M,18,1360,Petrol,8
200501FH10325,Slight,2,1,6/7/2005,Wednesday,15:45,Single motorway,30,Private entrance,Give-way sign,No physical crossing facility,Daylight,Fine,Dry,None,None,2,1,Passenger,F,9,Slight,Not pedestrian,Rear seat,None,2,Car,Overtaking,N,No,N,N,N,Send/Fetch child,F,49,1299,Petrol,4
200501FH10326,Slight,2,1,5/7/2005,Tuesday,9:40,Single motorway,30,Not at junction,NA,No physical crossing facility,Daylight,Fine,Dry,None,None,1,1,Passenger,M,14,Slight,Not pedestrian,Front seat,None,1,Car,Going ahead,N,No,N,N,N,Unknown,F,30,NA,NA,NA
200501FH10326,Slight,2,1,5/7/2005,Tuesday,9:40,Single motorway,30,Not at junction,NA,No physical crossing facility,Daylight,Fine,Dry,None,None,1,1,Passenger,M,14,Slight,Not pedestrian,Front seat,None,2,Car,Going ahead,N,No,N,N,N,Unknown,M,22,NA,NA,NA
200501FH10328,Slight,1,1,6/7/2005,Wednesday,8:45,Single motorway,30,Not at junction,NA,No physical crossing facility,Daylight,Fine,Dry,None,None,1,1,Pedestrian,F,7,Slight,Elsewhere,None,None,1,Car,Halting,N,No,N,N,N,Unknown,M,21,1390,Petrol,2
200501FH10329,Slight,2,1,13/7/2005,Wednesday,8:25,Dual motorway ,40,Not at junction,NA,No physical crossing facility,Daylight,Fine,Dry,None,None,1,1,Driver,F,22,Slight,Not pedestrian,None,None,1,Motorcycle,Changing lane,N,No,N,N,N,Unknown,F,22,998,Petrol,2
200501FH10329,Slight,2,1,13/7/2005,Wednesday,8:25,Dual motorway ,40,Not at junction,NA,No physical crossing facility,Daylight,Fine,Dry,None,None,1,1,Driver,F,22,Slight,Not pedestrian,None,None,2,Car,Waiting,N,No,N,N,N,Unknown,M,34,NA,NA,NA
200501FH10330,Slight,2,1,15/7/2005,Friday,15:10,Single motorway,30,T-junction,Give-way sign,No physical crossing facility,Daylight,Fine,Dry,None,None,2,1,Driver,M,30,Slight,Not pedestrian,None,None,1,Car,Going ahead,N,No,N,N,N,Unknown,M,70,2400,Petrol,6
200501FH10330,Slight,2,1,15/7/2005,Friday,15:10,Single motorway,30,T-junction,Give-way sign,No physical crossing facility,Daylight,Fine,Dry,None,None,2,1,Driver,M,30,Slight,Not pedestrian,None,None,2,Motorcycle,Overtaking,N,No,N,N,N,Unknown,M,30,49,Petrol,4
200501FH10331,Slight,2,1,12/7/2005,Tuesday,16:45,Dual motorway ,30,Not at junction,NA,No physical crossing facility,Daylight,Fine,Dry,None,None,2,1,Driver,M,32,Slight,Not pedestrian,None,None,1,Taxi/Grab,Changing lane,N,No,N,N,N,Unknown,M,35,2664,Heavy oil,4
200501FH10331,Slight,2,1,12/7/2005,Tuesday,16:45,Dual motorway ,30,Not at junction,NA,No physical crossing facility,Daylight,Fine,Dry,None,None,2,1,Driver,M,32,Slight,Not pedestrian,None,None,2,Motorcycle,Going ahead,N,Skid,Y,Y,Y,Unknown,M,32,988,Petrol,1
200501FH10332,Slight,2,1,11/7/2005,Monday,7:05,Single motorway,30,Mini-roundabout,Give-way sign,No physical crossing facility,Daylight,Fine,Dry,None,None,1,1,Driver,M,45,Slight,Not pedestrian,None,None,1,Car,Going ahead,N,No,N,N,N,Unknown,M,45,NA,NA,NA
200501FH10332,Slight,2,1,11/7/2005,Monday,7:05,Single motorway,30,Mini-roundabout,Give-way sign,No physical crossing facility,Daylight,Fine,Dry,None,None,1,1,Driver,M,45,Slight,Not pedestrian,None,None,2,Car,U-turn,N,No,N,N,N,Unknown,NA,-1,2996,Heavy oil,8
200501FH10333,Slight,2,1,17/7/2005,Sunday,18:02,Single motorway,30,T-junction,Give-way sign,No physical crossing facility,Daylight,Fine,Dry,None,None,2,1,Driver,M,26,Slight,Not pedestrian,None,None,1,Car,Waiting to/Turning right,N,No,N,N,N,Unknown,M,35,NA,NA,NA
200501FH10333,Slight,2,1,17/7/2005,Sunday,18:02,Single motorway,30,T-junction,Give-way sign,No physical crossing facility,Daylight,Fine,Dry,None,None,2,1,Driver,M,26,Slight,Not pedestrian,None,None,2,Motorcycle,Overtaking,N,No,N,N,N,Unknown,M,26,124,Petrol,1
200501FH10334,Slight,1,1,16/7/2005,Saturday,17:30,Single motorway,30,T-junction,Traffic light,Traffic light,Daylight,Fine,Dry,None,None,1,1,Pedestrian,F,8,Slight,Crossing on facility,None,None,1,Car,Going ahead,N,No,N,N,N,Unknown,M,47,1990,Petrol,15
200501FH10336,Slight,1,1,10/7/2005,Sunday,0:43,Single motorway,30,Not at junction,NA,No physical crossing facility,Lights lit,Fine,Dry,None,None,1,1,Driver,M,38,Slight,Not pedestrian,None,None,1,Car,Going ahead,N,No,N,Y,Y,Unknown,M,38,NA,NA,NA
200501FH10338,Serious,2,1,15/7/2005,Friday,17:50,Single motorway,30,T-junction,Give-way sign,No physical crossing facility,Daylight,Fine,Dry,None,None,1,1,Driver,M,30,Serious,Not pedestrian,None,None,1,Motorcycle,Waiting to/Turning right,N,No,N,N,N,Unknown,M,30,918,Petrol,7
200501FH10338,Serious,2,1,15/7/2005,Friday,17:50,Single motorway,30,T-junction,Give-way sign,No physical crossing facility,Daylight,Fine,Dry,None,None,1,1,Driver,M,30,Serious,Not pedestrian,None,None,2,Car,Waiting to/Turning right,N,No,N,N,N,Unknown,M,25,1796,Petrol,6
200501FH10339,Slight,1,1,13/7/2005,Wednesday,17:57,Single motorway,30,T-junction,Give-way sign,No physical crossing facility,Daylight,Fine,Dry,None,None,1,1,Driver,M,16,Slight,Not pedestrian,None,None,1,Motorcycle,Going ahead,N,No,N,N,N,Unknown,M,16,NA,NA,NA
200501FH10340,Serious,2,1,13/7/2005,Wednesday,6:05,Single motorway,30,Not at junction,NA,No physical crossing facility,Daylight,Fine,Dry,None,None,1,1,Driver,M,54,Serious,Not pedestrian,None,None,1,Motorcycle,Going ahead,N,No,N,Y,N,Unknown,M,54,1130,Petrol,2
200501FH10340,Serious,2,1,13/7/2005,Wednesday,6:05,Single motorway,30,Not at junction,NA,No physical crossing facility,Daylight,Fine,Dry,None,None,1,1,Driver,M,54,Serious,Not pedestrian,None,None,2,Unknown,U-turn,N,No,N,N,N,Unknown,M,41,3920,Heavy oil,NA
200501FH10342,Slight,2,1,5/7/2005,Tuesday,16:52,Roundabout,30,Mini-roundabout,Give-way sign,No physical crossing facility,Daylight,Fine,Dry,None,None,2,1,Driver,M,37,Slight,Not pedestrian,None,None,1,Car,Going ahead,N,No,N,N,N,Unknown,M,35,1796,Petrol,2
200501FH10342,Slight,2,1,5/7/2005,Tuesday,16:52,Roundabout,30,Mini-roundabout,Give-way sign,No physical crossing facility,Daylight,Fine,Dry,None,None,2,1,Driver,M,37,Slight,Not pedestrian,None,None,2,Motorcycle,Going ahead,N,No,N,N,N,Unknown,M,37,NA,NA,NA
200501FH10343,Slight,3,1,11/7/2005,Monday,7:15,Single motorway,30,Not at junction,NA,No physical crossing facility,Daylight,Fine,Dry,None,None,1,1,Driver,M,49,Slight,Not pedestrian,None,None,1,Car,Moving off,N,No,N,N,N,Unknown,M,49,NA,NA,NA
200501FH10343,Slight,3,1,11/7/2005,Monday,7:15,Single motorway,30,Not at junction,NA,No physical crossing facility,Daylight,Fine,Dry,None,None,1,1,Driver,M,49,Slight,Not pedestrian,None,None,2,Car,Going ahead,N,No,N,N,N,Unknown,M,41,1896,Heavy oil,8
200501FH10343,Slight,3,1,11/7/2005,Monday,7:15,Single motorway,30,Not at junction,NA,No physical crossing facility,Daylight,Fine,Dry,None,None,1,1,Driver,M,49,Slight,Not pedestrian,None,None,3,Car,Going ahead,N,No,N,N,N,Unknown,F,-1,1991,Petrol,8
200501FH10344,Slight,2,2,14/7/2005,Thursday,19:10,Single motorway,30,Not at junction,NA,No physical crossing facility,Daylight,Fine,Dry,None,None,2,1,Driver,M,38,Slight,Not pedestrian,None,None,1,Car,U-turn,N,No,N,N,N,Job,M,39,2499,Heavy oil,3
200501FH10344,Slight,2,2,14/7/2005,Thursday,19:10,Single motorway,30,Not at junction,NA,No physical crossing facility,Daylight,Fine,Dry,None,None,2,1,Driver,M,38,Slight,Not pedestrian,None,None,2,Motorcycle,Going ahead,N,Skid,N,N,N,Unknown,M,38,650,Petrol,6
200501FH10344,Slight,2,2,14/7/2005,Thursday,19:10,Single motorway,30,Not at junction,NA,No physical crossing facility,Daylight,Fine,Dry,None,None,2,2,Passenger,M,27,Slight,Not pedestrian,None,None,1,Car,U-turn,N,No,N,N,N,Job,M,39,2499,Heavy oil,3
200501FH10344,Slight,2,2,14/7/2005,Thursday,19:10,Single motorway,30,Not at junction,NA,No physical crossing facility,Daylight,Fine,Dry,None,None,2,2,Passenger,M,27,Slight,Not pedestrian,None,None,2,Motorcycle,Going ahead,N,Skid,N,N,N,Unknown,M,38,650,Petrol,6
200501FH10345,Slight,2,2,10/7/2005,Sunday,14:04,Single motorway,30,T-junction,Give-way sign,Zebra crossing,Daylight,Fine,Dry,None,None,1,1,Driver,F,49,Slight,Not pedestrian,None,None,1,Car,Waiting to/Turning right,N,No,N,N,N,Unknown,F,49,1598,Petrol,7
200501FH10345,Slight,2,2,10/7/2005,Sunday,14:04,Single motorway,30,T-junction,Give-way sign,Zebra crossing,Daylight,Fine,Dry,None,None,1,1,Driver,F,49,Slight,Not pedestrian,None,None,2,Car,Going ahead,N,No,N,N,N,Unknown,M,55,1984,Petrol,13
200501FH10345,Slight,2,2,10/7/2005,Sunday,14:04,Single motorway,30,T-junction,Give-way sign,Zebra crossing,Daylight,Fine,Dry,None,None,1,2,Passenger,F,20,Slight,Not pedestrian,Front seat,None,1,Car,Waiting to/Turning right,N,No,N,N,N,Unknown,F,49,1598,Petrol,7
200501FH10345,Slight,2,2,10/7/2005,Sunday,14:04,Single motorway,30,T-junction,Give-way sign,Zebra crossing,Daylight,Fine,Dry,None,None,1,2,Passenger,F,20,Slight,Not pedestrian,Front seat,None,2,Car,Going ahead,N,No,N,N,N,Unknown,M,55,1984,Petrol,13
200501FH10346,Slight,1,2,4/7/2005,Monday,12:51,Single motorway,30,Not at junction,NA,No physical crossing facility,Daylight,Fine,Dry,None,None,1,1,Pedestrian,M,43,Slight,Footbridge,None,None,1,Goods Van,Reversing,N,No,N,Y,Y,Job,M,54,11705,Heavy oil,NA
200501FH10346,Slight,1,2,4/7/2005,Monday,12:51,Single motorway,30,Not at junction,NA,No physical crossing facility,Daylight,Fine,Dry,None,None,1,2,Pedestrian,M,36,Slight,Footbridge,None,None,1,Goods Van,Reversing,N,No,N,Y,Y,Job,M,54,11705,Heavy oil,NA
200501FH10347,Serious,2,1,13/7/2005,Wednesday,22:29,Single motorway,30,Crossroad,Traffic light,No physical crossing facility,Lights lit,Fine,Dry,None,None,1,1,Driver,M,17,Serious,Not pedestrian,None,None,1,Motorcycle,Going ahead,N,No,N,N,N,Unknown,M,17,124,Petrol,5
200501FH10347,Serious,2,1,13/7/2005,Wednesday,22:29,Single motorway,30,Crossroad,Traffic light,No physical crossing facility,Lights lit,Fine,Dry,None,None,1,1,Driver,M,17,Serious,Not pedestrian,None,None,2,Car,Waiting to/Turning right,N,No,N,N,N,Unknown,NA,-1,1800,Petrol,6
200501FH10348,Slight,1,1,14/7/2005,Thursday,12:51,One way street,30,Not at junction,NA,No physical crossing facility,Daylight,Fine,Dry,None,None,1,1,Pedestrian,M,22,Slight,Footbridge,None,None,1,Bus/Coach,Halting,N,No,N,N,N,Job,M,41,8268,Heavy oil,4
200501FH10349,Slight,1,1,15/7/2005,Friday,0:30,Single motorway,30,T-junction,Traffic light,Traffic light,Lights lit,Fine,Dry,None,None,1,1,Pedestrian,M,24,Slight,Crossing within 50m of facility,None,None,1,Taxi/Grab,Going ahead,N,No,N,N,N,Job,M,-1,NA,NA,NA
200501FH10350,Slight,2,1,22/7/2005,Friday,17:25,Single motorway,30,T-junction,Give-way sign,No physical crossing facility,Daylight,Fine,Dry,None,None,1,1,Driver,M,8,Slight,Not pedestrian,None,None,1,Bicycle,Going ahead,N,No,N,N,N,Unknown,M,8,NA,NA,NA
200501FH10350,Slight,2,1,22/7/2005,Friday,17:25,Single motorway,30,T-junction,Give-way sign,No physical crossing facility,Daylight,Fine,Dry,None,None,1,1,Driver,M,8,Slight,Not pedestrian,None,None,2,Car,Going ahead,N,No,N,N,N,Unknown,M,-1,1587,Petrol,5
200501FH10352,Slight,2,1,19/7/2005,Tuesday,9:22,Single motorway,30,T-junction,Give-way sign,No physical crossing facility,Daylight,Fine,Dry,None,None,2,1,Driver,M,28,Slight,Not pedestrian,None,None,1,Car,Waiting to/Turning right,N,No,N,N,N,Unknown,NA,-1,1996,Petrol,8
200501FH10352,Slight,2,1,19/7/2005,Tuesday,9:22,Single motorway,30,T-junction,Give-way sign,No physical crossing facility,Daylight,Fine,Dry,None,None,2,1,Driver,M,28,Slight,Not pedestrian,None,None,2,Bicycle,Going ahead,N,No,N,N,N,Unknown,M,28,NA,NA,NA
200501FH10353,Serious,2,1,27/7/2005,Wednesday,17:03,Single motorway,30,Crossroad,Traffic light,No physical crossing facility,Daylight,Rain,Wet,None,None,1,1,Driver,M,37,Serious,Not pedestrian,None,None,1,Motorcycle,Going ahead,N,No,N,N,N,Unknown,M,37,749,Petrol,2
200501FH10353,Serious,2,1,27/7/2005,Wednesday,17:03,Single motorway,30,Crossroad,Traffic light,No physical crossing facility,Daylight,Rain,Wet,None,None,1,1,Driver,M,37,Serious,Not pedestrian,None,None,2,Goods Van,U-turn,N,No,N,N,N,Unknown,M,43,1870,Heavy oil,2
200501FH10354,Slight,2,1,19/7/2005,Tuesday,16:20,Single motorway,30,Private entrance,Give-way sign,No physical crossing facility,Daylight,Fine,Dry,None,None,1,1,Driver,M,21,Slight,Not pedestrian,None,None,1,Bicycle,Waiting to/Turning right,N,No,N,N,N,Unknown,M,21,NA,NA,NA
200501FH10354,Slight,2,1,19/7/2005,Tuesday,16:20,Single motorway,30,Private entrance,Give-way sign,No physical crossing facility,Daylight,Fine,Dry,None,None,1,1,Driver,M,21,Slight,Not pedestrian,None,None,2,Car,Going ahead,N,No,N,N,N,Job,M,-1,NA,NA,NA
200501FH10356,Slight,2,1,21/7/2005,Thursday,8:50,Roundabout,30,Mini-roundabout,Give-way sign,No physical crossing facility,Daylight,Fine,Dry,None,None,2,1,Driver,M,-1,Slight,Not pedestrian,None,None,1,Car,Going ahead,N,No,N,N,N,Unknown,F,22,1597,Petrol,10
200501FH10356,Slight,2,1,21/7/2005,Thursday,8:50,Roundabout,30,Mini-roundabout,Give-way sign,No physical crossing facility,Daylight,Fine,Dry,None,None,2,1,Driver,M,-1,Slight,Not pedestrian,None,None,2,Motorcycle,Going ahead,N,No,N,N,N,Unknown,M,-1,NA,NA,NA
200501FH10357,Slight,1,1,22/7/2005,Friday,22:44,Single motorway,30,T-junction,Give-way sign,No physical crossing facility,Lights lit,Fine,Dry,None,None,1,1,Driver,M,-1,Slight,Not pedestrian,None,None,1,Motorcycle,Going ahead,N,No,N,Y,Y,Unknown,M,-1,124,Petrol,2
200501FH10358,Slight,2,1,7/7/2005,Thursday,12:45,Single motorway,30,T-junction,Give-way sign,Zebra crossing,Daylight,Fine,Dry,None,None,1,1,Driver,M,62,Slight,Not pedestrian,None,None,1,Taxi/Grab,Waiting,N,No,N,N,N,Unknown,M,62,2496,Heavy oil,6
200501FH10358,Slight,2,1,7/7/2005,Thursday,12:45,Single motorway,30,T-junction,Give-way sign,Zebra crossing,Daylight,Fine,Dry,None,None,1,1,Driver,M,62,Slight,Not pedestrian,None,None,2,Car,Going ahead,N,No,N,N,N,Unknown,F,-1,2477,Heavy oil,14
200501FH10360,Slight,2,1,19/7/2005,Tuesday,17:40,Single motorway,30,Crossroad,Traffic light,Traffic light,Daylight,Fine,Dry,None,None,1,1,Driver,M,28,Slight,Not pedestrian,None,None,1,Bicycle,Going ahead,N,No,N,N,N,Unknown,M,28,NA,NA,NA
200501FH10360,Slight,2,1,19/7/2005,Tuesday,17:40,Single motorway,30,Crossroad,Traffic light,Traffic light,Daylight,Fine,Dry,None,None,1,1,Driver,M,28,Slight,Not pedestrian,None,None,2,Car,Waiting to/Turning left,N,No,N,N,N,Unknown,M,-1,1905,Heavy oil,7
200501FH10361,Slight,2,1,12/7/2005,Tuesday,18:40,Single motorway,30,T-junction,Give-way sign,No physical crossing facility,Daylight,Fine,Dry,None,None,2,1,Driver,M,-1,Slight,Not pedestrian,None,None,1,Motorcycle,Waiting to/Turning left,N,No,N,N,N,Unknown,M,59,1085,Petrol,7
200501FH10361,Slight,2,1,12/7/2005,Tuesday,18:40,Single motorway,30,T-junction,Give-way sign,No physical crossing facility,Daylight,Fine,Dry,None,None,2,1,Driver,M,-1,Slight,Not pedestrian,None,None,2,Bicycle,Going ahead,N,No,N,N,N,Unknown,M,-1,NA,NA,NA